[
{
  "model": "admin.logentry",
  "pk": 1,
  "fields": {
    "action_time": "2024-03-01T05:53:01.279Z",
    "user": 1,
    "content_type": 8,
    "object_id": "1",
    "object_repr": "Мясные изделия",
    "action_flag": 1,
    "change_message": "[{\"added\": {}}]"
  }
},
{
  "model": "admin.logentry",
  "pk": 2,
  "fields": {
    "action_time": "2024-03-01T05:53:06.411Z",
    "user": 1,
    "content_type": 8,
    "object_id": "2",
    "object_repr": "Курица",
    "action_flag": 1,
    "change_message": "[{\"added\": {}}]"
  }
},
{
  "model": "admin.logentry",
  "pk": 3,
  "fields": {
    "action_time": "2024-03-01T05:53:11.729Z",
    "user": 1,
    "content_type": 8,
    "object_id": "3",
    "object_repr": "Окорочка",
    "action_flag": 1,
    "change_message": "[{\"added\": {}}]"
  }
},
{
  "model": "admin.logentry",
  "pk": 4,
  "fields": {
    "action_time": "2024-03-01T05:53:18.308Z",
    "user": 1,
    "content_type": 8,
    "object_id": "4",
    "object_repr": "Куриные ножки",
    "action_flag": 1,
    "change_message": "[{\"added\": {}}]"
  }
},
{
  "model": "admin.logentry",
  "pk": 5,
  "fields": {
    "action_time": "2024-03-01T05:53:23.882Z",
    "user": 1,
    "content_type": 8,
    "object_id": "3",
    "object_repr": "Окорочка",
    "action_flag": 2,
    "change_message": "[{\"changed\": {\"fields\": [\"Parent\"]}}]"
  }
},
{
  "model": "admin.logentry",
  "pk": 6,
  "fields": {
    "action_time": "2024-03-01T05:53:43.058Z",
    "user": 1,
    "content_type": 8,
    "object_id": "5",
    "object_repr": "Хлебобулочные изделия",
    "action_flag": 1,
    "change_message": "[{\"added\": {}}]"
  }
},
{
  "model": "admin.logentry",
  "pk": 7,
  "fields": {
    "action_time": "2024-03-01T06:18:04.114Z",
    "user": 1,
    "content_type": 7,
    "object_id": "1",
    "object_repr": "Свежая курица 1кг",
    "action_flag": 1,
    "change_message": "[{\"added\": {}}]"
  }
},
{
  "model": "admin.logentry",
  "pk": 8,
  "fields": {
    "action_time": "2024-03-01T06:18:24.808Z",
    "user": 1,
    "content_type": 7,
    "object_id": "2",
    "object_repr": "Огурцы 1кз",
    "action_flag": 1,
    "change_message": "[{\"added\": {}}]"
  }
},
{
  "model": "admin.logentry",
  "pk": 9,
  "fields": {
    "action_time": "2024-03-01T06:18:31.425Z",
    "user": 1,
    "content_type": 8,
    "object_id": "6",
    "object_repr": "Овощи",
    "action_flag": 1,
    "change_message": "[{\"added\": {}}]"
  }
},
{
  "model": "admin.logentry",
  "pk": 10,
  "fields": {
    "action_time": "2024-03-01T06:18:39.047Z",
    "user": 1,
    "content_type": 7,
    "object_id": "2",
    "object_repr": "Огурцы 1кз",
    "action_flag": 2,
    "change_message": "[{\"changed\": {\"fields\": [\"\\u041a\\u0430\\u0442\\u0435\\u0433\\u043e\\u0440\\u0438\\u044f\"]}}]"
  }
},
{
  "model": "admin.logentry",
  "pk": 11,
  "fields": {
    "action_time": "2024-03-01T06:20:00.887Z",
    "user": 1,
    "content_type": 11,
    "object_id": "1",
    "object_repr": "Country object (1)",
    "action_flag": 1,
    "change_message": "[{\"added\": {}}]"
  }
},
{
  "model": "admin.logentry",
  "pk": 12,
  "fields": {
    "action_time": "2024-03-01T06:20:02.958Z",
    "user": 1,
    "content_type": 10,
    "object_id": "1",
    "object_repr": "City object (1)",
    "action_flag": 1,
    "change_message": "[{\"added\": {}}]"
  }
},
{
  "model": "admin.logentry",
  "pk": 13,
  "fields": {
    "action_time": "2024-03-01T06:20:08.079Z",
    "user": 1,
    "content_type": 9,
    "object_id": "1",
    "object_repr": "Местная лавка Айналайын",
    "action_flag": 1,
    "change_message": "[{\"added\": {}}]"
  }
},
{
  "model": "admin.logentry",
  "pk": 14,
  "fields": {
    "action_time": "2024-03-01T06:25:44.716Z",
    "user": 1,
    "content_type": 7,
    "object_id": "2",
    "object_repr": "Огурцы 1кг",
    "action_flag": 2,
    "change_message": "[{\"changed\": {\"fields\": [\"\\u041d\\u0430\\u0437\\u0432\\u0430\\u043d\\u0438\\u0435 \\u0442\\u043e\\u0432\\u0430\\u0440\\u0430\"]}}]"
  }
},
{
  "model": "admin.logentry",
  "pk": 15,
  "fields": {
    "action_time": "2024-03-01T07:06:19.013Z",
    "user": 1,
    "content_type": 10,
    "object_id": "2",
    "object_repr": "Астана",
    "action_flag": 1,
    "change_message": "[{\"added\": {}}]"
  }
},
{
  "model": "admin.logentry",
  "pk": 16,
  "fields": {
    "action_time": "2024-03-01T07:06:20.560Z",
    "user": 1,
    "content_type": 9,
    "object_id": "1",
    "object_repr": "Местная лавка Айналайын",
    "action_flag": 2,
    "change_message": "[{\"changed\": {\"fields\": [\"\\u0428\\u0438\\u0440\\u0438\\u043d\\u0430\", \"\\u0414\\u043e\\u043b\\u0433\\u043e\\u0442\\u0430\", \"\\u0413\\u043e\\u0440\\u043e\\u0434\"]}}]"
  }
},
{
  "model": "admin.logentry",
  "pk": 17,
  "fields": {
    "action_time": "2024-03-01T07:07:01.216Z",
    "user": 1,
    "content_type": 9,
    "object_id": "2",
    "object_repr": "Магазин Svoy",
    "action_flag": 1,
    "change_message": "[{\"added\": {}}]"
  }
},
{
  "model": "admin.logentry",
  "pk": 18,
  "fields": {
    "action_time": "2024-03-01T07:07:38.079Z",
    "user": 1,
    "content_type": 9,
    "object_id": "3",
    "object_repr": "Магазин игрушек Dendi",
    "action_flag": 1,
    "change_message": "[{\"added\": {}}]"
  }
},
{
  "model": "admin.logentry",
  "pk": 19,
  "fields": {
    "action_time": "2024-03-01T09:56:23.257Z",
    "user": 1,
    "content_type": 9,
    "object_id": "3",
    "object_repr": "Магазин игрушек Dendi",
    "action_flag": 2,
    "change_message": "[{\"changed\": {\"fields\": [\"\\u0410\\u0434\\u0440\\u0435\\u0441 \\u043c\\u0430\\u0433\\u0430\\u0437\\u0438\\u043d\\u0430\"]}}]"
  }
},
{
  "model": "admin.logentry",
  "pk": 20,
  "fields": {
    "action_time": "2024-03-01T10:00:04.080Z",
    "user": 1,
    "content_type": 9,
    "object_id": "3",
    "object_repr": "Магазин игрушек Dendi",
    "action_flag": 2,
    "change_message": "[{\"changed\": {\"fields\": [\"\\u0420\\u0435\\u0436\\u0438\\u043c \\u0440\\u0430\\u0431\\u043e\\u0442\\u044b \\u043c\\u0430\\u0433\\u0430\\u0437\\u0438\\u043d\\u0430\"]}}]"
  }
},
{
  "model": "admin.logentry",
  "pk": 21,
  "fields": {
    "action_time": "2024-03-01T10:01:15.413Z",
    "user": 1,
    "content_type": 9,
    "object_id": "3",
    "object_repr": "Магазин игрушек Dendi",
    "action_flag": 2,
    "change_message": "[{\"changed\": {\"fields\": [\"\\u0422\\u0435\\u043b\\u0435\\u0444\\u043e\\u043d\"]}}]"
  }
},
{
  "model": "admin.logentry",
  "pk": 22,
  "fields": {
    "action_time": "2024-03-01T16:11:39.030Z",
    "user": 1,
    "content_type": 9,
    "object_id": "2",
    "object_repr": "Магазин Svoy",
    "action_flag": 2,
    "change_message": "[{\"changed\": {\"fields\": [\"\\u0418\\u0437\\u043e\\u0431\\u0440\\u0430\\u0436\\u0435\\u043d\\u0438\\u0435\"]}}]"
  }
},
{
  "model": "admin.logentry",
  "pk": 23,
  "fields": {
    "action_time": "2024-03-01T16:11:47.378Z",
    "user": 1,
    "content_type": 9,
    "object_id": "3",
    "object_repr": "Магазин игрушек Dendi",
    "action_flag": 2,
    "change_message": "[{\"changed\": {\"fields\": [\"\\u0418\\u0437\\u043e\\u0431\\u0440\\u0430\\u0436\\u0435\\u043d\\u0438\\u0435\"]}}]"
  }
},
{
  "model": "admin.logentry",
  "pk": 24,
  "fields": {
    "action_time": "2024-03-01T16:11:52.174Z",
    "user": 1,
    "content_type": 9,
    "object_id": "1",
    "object_repr": "Местная лавка Айналайын",
    "action_flag": 2,
    "change_message": "[{\"changed\": {\"fields\": [\"\\u0418\\u0437\\u043e\\u0431\\u0440\\u0430\\u0436\\u0435\\u043d\\u0438\\u0435\"]}}]"
  }
},
{
  "model": "admin.logentry",
  "pk": 25,
  "fields": {
    "action_time": "2024-03-01T16:15:57.589Z",
    "user": 1,
    "content_type": 9,
    "object_id": "3",
    "object_repr": "Магазин игрушек Dendi",
    "action_flag": 2,
    "change_message": "[{\"changed\": {\"fields\": [\"\\u0418\\u0437\\u043e\\u0431\\u0440\\u0430\\u0436\\u0435\\u043d\\u0438\\u0435\"]}}]"
  }
},
{
  "model": "admin.logentry",
  "pk": 26,
  "fields": {
    "action_time": "2024-03-01T16:16:10.375Z",
    "user": 1,
    "content_type": 9,
    "object_id": "2",
    "object_repr": "Магазин Svoy",
    "action_flag": 2,
    "change_message": "[{\"changed\": {\"fields\": [\"\\u0418\\u0437\\u043e\\u0431\\u0440\\u0430\\u0436\\u0435\\u043d\\u0438\\u0435\"]}}]"
  }
},
{
  "model": "admin.logentry",
  "pk": 27,
  "fields": {
    "action_time": "2024-03-01T16:16:14.303Z",
    "user": 1,
    "content_type": 9,
    "object_id": "1",
    "object_repr": "Местная лавка Айналайын",
    "action_flag": 2,
    "change_message": "[{\"changed\": {\"fields\": [\"\\u0418\\u0437\\u043e\\u0431\\u0440\\u0430\\u0436\\u0435\\u043d\\u0438\\u0435\"]}}]"
  }
},
{
  "model": "admin.logentry",
  "pk": 28,
  "fields": {
    "action_time": "2024-03-01T16:41:26.385Z",
    "user": 1,
    "content_type": 9,
    "object_id": "3",
    "object_repr": "Магазин игрушек Dendi",
    "action_flag": 2,
    "change_message": "[{\"changed\": {\"fields\": [\"\\u0418\\u0437\\u043e\\u0431\\u0440\\u0430\\u0436\\u0435\\u043d\\u0438\\u0435\"]}}]"
  }
},
{
  "model": "admin.logentry",
  "pk": 29,
  "fields": {
    "action_time": "2024-03-01T17:33:29.870Z",
    "user": 1,
    "content_type": 9,
    "object_id": "3",
    "object_repr": "Магазин игрушек Dendi",
    "action_flag": 2,
    "change_message": "[{\"changed\": {\"fields\": [\"\\u0418\\u0437\\u043e\\u0431\\u0440\\u0430\\u0436\\u0435\\u043d\\u0438\\u0435\"]}}]"
  }
},
{
  "model": "admin.logentry",
  "pk": 30,
  "fields": {
    "action_time": "2024-03-01T17:34:42.530Z",
    "user": 1,
    "content_type": 9,
    "object_id": "3",
    "object_repr": "Магазин игрушек Dendi",
    "action_flag": 2,
    "change_message": "[{\"changed\": {\"fields\": [\"\\u041e\\u043f\\u0438\\u0441\\u0430\\u043d\\u0438\\u0435 \\u0442\\u043e\\u0432\\u0430\\u0440\\u0430\"]}}]"
  }
},
{
  "model": "admin.logentry",
  "pk": 31,
  "fields": {
    "action_time": "2024-03-01T18:03:49.086Z",
    "user": 1,
    "content_type": 9,
    "object_id": "3",
    "object_repr": "Магазин игрушек Dendy",
    "action_flag": 2,
    "change_message": "[{\"changed\": {\"fields\": [\"\\u041d\\u0430\\u0437\\u0432\\u0430\\u043d\\u0438\\u0435 \\u043c\\u0430\\u0433\\u0430\\u0437\\u0438\\u043d\\u0430\"]}}]"
  }
},
{
  "model": "admin.logentry",
  "pk": 32,
  "fields": {
    "action_time": "2024-03-01T18:23:50.518Z",
    "user": 1,
    "content_type": 8,
    "object_id": "7",
    "object_repr": "Игрушки",
    "action_flag": 1,
    "change_message": "[{\"added\": {}}]"
  }
},
{
  "model": "admin.logentry",
  "pk": 33,
  "fields": {
    "action_time": "2024-03-01T18:23:51.433Z",
    "user": 1,
    "content_type": 7,
    "object_id": "3",
    "object_repr": "Игрушка Sonic до 3 лет",
    "action_flag": 1,
    "change_message": "[{\"added\": {}}]"
  }
},
{
  "model": "admin.logentry",
  "pk": 34,
  "fields": {
    "action_time": "2024-03-01T18:24:13.475Z",
    "user": 1,
    "content_type": 7,
    "object_id": "4",
    "object_repr": "Мягкая игрушка Салли из Корпорации монстров",
    "action_flag": 1,
    "change_message": "[{\"added\": {}}]"
  }
},
{
  "model": "admin.logentry",
  "pk": 35,
  "fields": {
    "action_time": "2024-03-01T18:24:36.874Z",
    "user": 1,
    "content_type": 7,
    "object_id": "5",
    "object_repr": "Майк зеленая круглая игрушка",
    "action_flag": 1,
    "change_message": "[{\"added\": {}}]"
  }
},
{
  "model": "admin.logentry",
  "pk": 36,
  "fields": {
    "action_time": "2024-03-01T18:25:57.664Z",
    "user": 1,
    "content_type": 7,
    "object_id": "6",
    "object_repr": "Naruto Uzumaki - Японское производство",
    "action_flag": 1,
    "change_message": "[{\"added\": {}}]"
  }
},
{
  "model": "admin.logentry",
  "pk": 37,
  "fields": {
    "action_time": "2024-03-01T18:26:18.111Z",
    "user": 1,
    "content_type": 12,
    "object_id": "1",
    "object_repr": "Магазин игрушек Dendy - Naruto Uzumaki - Японское производство - 3599.0",
    "action_flag": 1,
    "change_message": "[{\"added\": {}}]"
  }
},
{
  "model": "admin.logentry",
  "pk": 38,
  "fields": {
    "action_time": "2024-03-01T18:26:27.322Z",
    "user": 1,
    "content_type": 12,
    "object_id": "2",
    "object_repr": "Магазин игрушек Dendy - Майк зеленая круглая игрушка - 9665.0",
    "action_flag": 1,
    "change_message": "[{\"added\": {}}]"
  }
},
{
  "model": "admin.logentry",
  "pk": 39,
  "fields": {
    "action_time": "2024-03-01T18:26:38.189Z",
    "user": 1,
    "content_type": 12,
    "object_id": "3",
    "object_repr": "Магазин игрушек Dendy - Мягкая игрушка Салли из Корпорации монстров - 4812.0",
    "action_flag": 1,
    "change_message": "[{\"added\": {}}]"
  }
},
{
  "model": "admin.logentry",
  "pk": 40,
  "fields": {
    "action_time": "2024-03-01T18:26:46.690Z",
    "user": 1,
    "content_type": 12,
    "object_id": "4",
    "object_repr": "Магазин игрушек Dendy - Игрушка Sonic до 3 лет - 5549.0",
    "action_flag": 1,
    "change_message": "[{\"added\": {}}]"
  }
},
{
  "model": "admin.logentry",
  "pk": 41,
  "fields": {
    "action_time": "2024-03-02T03:43:19.132Z",
    "user": 1,
    "content_type": 9,
    "object_id": "2",
    "object_repr": "Магазин Svoy",
    "action_flag": 2,
    "change_message": "[{\"changed\": {\"fields\": [\"\\u0410\\u0434\\u0440\\u0435\\u0441 \\u043c\\u0430\\u0433\\u0430\\u0437\\u0438\\u043d\\u0430\", \"\\u0420\\u0435\\u0436\\u0438\\u043c \\u0440\\u0430\\u0431\\u043e\\u0442\\u044b \\u043c\\u0430\\u0433\\u0430\\u0437\\u0438\\u043d\\u0430\", \"\\u0422\\u0435\\u043b\\u0435\\u0444\\u043e\\u043d\"]}}]"
  }
},
{
  "model": "admin.logentry",
  "pk": 42,
  "fields": {
    "action_time": "2024-03-02T03:43:36.962Z",
    "user": 1,
    "content_type": 9,
    "object_id": "1",
    "object_repr": "Местная лавка Айналайын",
    "action_flag": 2,
    "change_message": "[{\"changed\": {\"fields\": [\"\\u0410\\u0434\\u0440\\u0435\\u0441 \\u043c\\u0430\\u0433\\u0430\\u0437\\u0438\\u043d\\u0430\", \"\\u0420\\u0435\\u0436\\u0438\\u043c \\u0440\\u0430\\u0431\\u043e\\u0442\\u044b \\u043c\\u0430\\u0433\\u0430\\u0437\\u0438\\u043d\\u0430\", \"\\u0422\\u0435\\u043b\\u0435\\u0444\\u043e\\u043d\"]}}]"
  }
},
{
  "model": "admin.logentry",
  "pk": 43,
  "fields": {
    "action_time": "2024-03-02T04:07:08.908Z",
    "user": 1,
    "content_type": 8,
    "object_id": "1",
    "object_repr": "Мясные изделия",
    "action_flag": 2,
    "change_message": "[{\"changed\": {\"fields\": [\"\\u0418\\u0437\\u043e\\u0431\\u0440\\u0430\\u0436\\u0435\\u043d\\u0438\\u0435\"]}}]"
  }
},
{
  "model": "admin.logentry",
  "pk": 44,
  "fields": {
    "action_time": "2024-03-02T04:07:14.611Z",
    "user": 1,
    "content_type": 8,
    "object_id": "6",
    "object_repr": "Овощи",
    "action_flag": 2,
    "change_message": "[{\"changed\": {\"fields\": [\"\\u0418\\u0437\\u043e\\u0431\\u0440\\u0430\\u0436\\u0435\\u043d\\u0438\\u0435\"]}}]"
  }
},
{
  "model": "admin.logentry",
  "pk": 45,
  "fields": {
    "action_time": "2024-03-02T04:07:41.089Z",
    "user": 1,
    "content_type": 8,
    "object_id": "5",
    "object_repr": "Хлебобулочные изделия",
    "action_flag": 2,
    "change_message": "[{\"changed\": {\"fields\": [\"\\u0418\\u0437\\u043e\\u0431\\u0440\\u0430\\u0436\\u0435\\u043d\\u0438\\u0435\"]}}]"
  }
},
{
  "model": "admin.logentry",
  "pk": 46,
  "fields": {
    "action_time": "2024-03-02T04:07:47.515Z",
    "user": 1,
    "content_type": 8,
    "object_id": "7",
    "object_repr": "Игрушки",
    "action_flag": 2,
    "change_message": "[{\"changed\": {\"fields\": [\"\\u0418\\u0437\\u043e\\u0431\\u0440\\u0430\\u0436\\u0435\\u043d\\u0438\\u0435\"]}}]"
  }
},
{
  "model": "admin.logentry",
  "pk": 47,
  "fields": {
    "action_time": "2024-03-02T04:08:06.638Z",
    "user": 1,
    "content_type": 8,
    "object_id": "8",
    "object_repr": "Орехи",
    "action_flag": 1,
    "change_message": "[{\"added\": {}}]"
  }
},
{
  "model": "admin.logentry",
  "pk": 48,
  "fields": {
    "action_time": "2024-03-02T04:08:18.574Z",
    "user": 1,
    "content_type": 8,
    "object_id": "9",
    "object_repr": "Напитки и соки",
    "action_flag": 1,
    "change_message": "[{\"added\": {}}]"
  }
},
{
  "model": "admin.logentry",
  "pk": 49,
  "fields": {
    "action_time": "2024-03-02T04:08:28.629Z",
    "user": 1,
    "content_type": 8,
    "object_id": "10",
    "object_repr": "Мучные продукты",
    "action_flag": 1,
    "change_message": "[{\"added\": {}}]"
  }
},
{
  "model": "admin.logentry",
  "pk": 50,
  "fields": {
    "action_time": "2024-03-02T04:08:36.157Z",
    "user": 1,
    "content_type": 8,
    "object_id": "11",
    "object_repr": "Грибы",
    "action_flag": 1,
    "change_message": "[{\"added\": {}}]"
  }
},
{
  "model": "admin.logentry",
  "pk": 51,
  "fields": {
    "action_time": "2024-03-02T04:08:47.171Z",
    "user": 1,
    "content_type": 8,
    "object_id": "12",
    "object_repr": "Молочные продукты",
    "action_flag": 1,
    "change_message": "[{\"added\": {}}]"
  }
},
{
  "model": "admin.logentry",
  "pk": 52,
  "fields": {
    "action_time": "2024-03-02T04:08:55.558Z",
    "user": 1,
    "content_type": 8,
    "object_id": "13",
    "object_repr": "Яйца",
    "action_flag": 1,
    "change_message": "[{\"added\": {}}]"
  }
},
{
  "model": "admin.logentry",
  "pk": 53,
  "fields": {
    "action_time": "2024-03-02T04:09:41.321Z",
    "user": 1,
    "content_type": 8,
    "object_id": "14",
    "object_repr": "Курица",
    "action_flag": 1,
    "change_message": "[{\"added\": {}}]"
  }
},
{
  "model": "admin.logentry",
  "pk": 54,
  "fields": {
    "action_time": "2024-03-02T04:09:51.633Z",
    "user": 1,
    "content_type": 8,
    "object_id": "15",
    "object_repr": "Рыбные издения",
    "action_flag": 1,
    "change_message": "[{\"added\": {}}]"
  }
},
{
  "model": "admin.logentry",
  "pk": 55,
  "fields": {
    "action_time": "2024-03-02T04:56:23.967Z",
    "user": 1,
    "content_type": 8,
    "object_id": "5",
    "object_repr": "Хлебные изделия",
    "action_flag": 2,
    "change_message": "[{\"changed\": {\"fields\": [\"\\u041a\\u0430\\u0442\\u0435\\u0433\\u043e\\u0440\\u0438\\u0438\"]}}]"
  }
},
{
  "model": "admin.logentry",
  "pk": 56,
  "fields": {
    "action_time": "2024-03-02T05:02:38.893Z",
    "user": 1,
    "content_type": 8,
    "object_id": "16",
    "object_repr": "Пластиковые игрушки",
    "action_flag": 1,
    "change_message": "[{\"added\": {}}]"
  }
},
{
  "model": "admin.logentry",
  "pk": 57,
  "fields": {
    "action_time": "2024-03-02T05:02:47.770Z",
    "user": 1,
    "content_type": 7,
    "object_id": "4",
    "object_repr": "Мягкая игрушка Салли из Корпорации монстров",
    "action_flag": 2,
    "change_message": "[{\"changed\": {\"fields\": [\"\\u041a\\u0430\\u0442\\u0435\\u0433\\u043e\\u0440\\u0438\\u044f\"]}}]"
  }
},
{
  "model": "admin.logentry",
  "pk": 58,
  "fields": {
    "action_time": "2024-03-02T05:02:50.495Z",
    "user": 1,
    "content_type": 7,
    "object_id": "5",
    "object_repr": "Майк зеленая круглая игрушка",
    "action_flag": 2,
    "change_message": "[{\"changed\": {\"fields\": [\"\\u041a\\u0430\\u0442\\u0435\\u0433\\u043e\\u0440\\u0438\\u044f\"]}}]"
  }
},
{
  "model": "admin.logentry",
  "pk": 59,
  "fields": {
    "action_time": "2024-03-02T05:25:37.821Z",
    "user": 1,
    "content_type": 9,
    "object_id": "4",
    "object_repr": "Анвар",
    "action_flag": 1,
    "change_message": "[{\"added\": {}}]"
  }
},
{
  "model": "admin.logentry",
  "pk": 60,
  "fields": {
    "action_time": "2024-03-02T05:26:47.137Z",
    "user": 1,
    "content_type": 9,
    "object_id": "5",
    "object_repr": "Zam",
    "action_flag": 1,
    "change_message": "[{\"added\": {}}]"
  }
},
{
  "model": "admin.logentry",
  "pk": 61,
  "fields": {
    "action_time": "2024-03-02T05:27:46.289Z",
    "user": 1,
    "content_type": 9,
    "object_id": "6",
    "object_repr": "Omarket",
    "action_flag": 1,
    "change_message": "[{\"added\": {}}]"
  }
},
{
  "model": "admin.logentry",
  "pk": 62,
  "fields": {
    "action_time": "2024-03-02T05:28:45.424Z",
    "user": 1,
    "content_type": 9,
    "object_id": "7",
    "object_repr": "Инабат",
    "action_flag": 1,
    "change_message": "[{\"added\": {}}]"
  }
},
{
  "model": "admin.logentry",
  "pk": 63,
  "fields": {
    "action_time": "2024-03-02T09:35:55.461Z",
    "user": 1,
    "content_type": 7,
    "object_id": "6",
    "object_repr": "Naruto Uzumaki - Японское производство",
    "action_flag": 2,
    "change_message": "[{\"changed\": {\"fields\": [\"\\u041e\\u043f\\u0438\\u0441\\u0430\\u043d\\u0438\\u0435 \\u0442\\u043e\\u0432\\u0430\\u0440\\u0430\"]}}]"
  }
},
{
  "model": "admin.logentry",
  "pk": 64,
  "fields": {
    "action_time": "2024-03-02T10:11:17.959Z",
    "user": 1,
    "content_type": 12,
    "object_id": "5",
    "object_repr": "Магазин Svoy - Naruto Uzumaki - Японское производство - 4200.0",
    "action_flag": 1,
    "change_message": "[{\"added\": {}}]"
  }
},
{
  "model": "admin.logentry",
  "pk": 65,
  "fields": {
    "action_time": "2024-03-02T14:06:16.148Z",
    "user": 1,
    "content_type": 7,
    "object_id": "7",
    "object_repr": "Мясо теленка 1кг",
    "action_flag": 1,
    "change_message": "[{\"added\": {}}]"
  }
},
{
  "model": "admin.logentry",
  "pk": 66,
  "fields": {
    "action_time": "2024-03-02T14:06:32.241Z",
    "user": 1,
    "content_type": 12,
    "object_id": "6",
    "object_repr": "Инабат - Мясо теленка 1кг - 2800.0",
    "action_flag": 1,
    "change_message": "[{\"added\": {}}]"
  }
},
{
  "model": "admin.logentry",
  "pk": 67,
  "fields": {
    "action_time": "2024-03-02T14:06:38.428Z",
    "user": 1,
    "content_type": 12,
    "object_id": "7",
    "object_repr": "Omarket - Мясо теленка 1кг - 2750.0",
    "action_flag": 1,
    "change_message": "[{\"added\": {}}]"
  }
},
{
  "model": "admin.logentry",
  "pk": 68,
  "fields": {
    "action_time": "2024-03-02T14:06:45.619Z",
    "user": 1,
    "content_type": 12,
    "object_id": "8",
    "object_repr": "Zam - Мясо теленка 1кг - 2900.0",
    "action_flag": 1,
    "change_message": "[{\"added\": {}}]"
  }
},
{
  "model": "admin.logentry",
  "pk": 69,
  "fields": {
    "action_time": "2024-03-02T14:06:52.737Z",
    "user": 1,
    "content_type": 12,
    "object_id": "9",
    "object_repr": "Анвар - Мясо теленка 1кг - 2699.0",
    "action_flag": 1,
    "change_message": "[{\"added\": {}}]"
  }
},
{
  "model": "admin.logentry",
  "pk": 70,
  "fields": {
    "action_time": "2024-03-02T14:07:06.404Z",
    "user": 1,
    "content_type": 12,
    "object_id": "10",
    "object_repr": "Магазин Svoy - Мясо теленка 1кг - 2870.0",
    "action_flag": 1,
    "change_message": "[{\"added\": {}}]"
  }
},
{
  "model": "admin.logentry",
  "pk": 71,
  "fields": {
    "action_time": "2024-03-02T14:26:49.145Z",
    "user": 1,
    "content_type": 7,
    "object_id": "8",
    "object_repr": "Мясо конины 1 кг",
    "action_flag": 1,
    "change_message": "[{\"added\": {}}]"
  }
},
{
  "model": "admin.logentry",
  "pk": 72,
  "fields": {
    "action_time": "2024-03-02T14:27:00.757Z",
    "user": 1,
    "content_type": 12,
    "object_id": "11",
    "object_repr": "Инабат - Мясо конины 1 кг - 3000.0",
    "action_flag": 1,
    "change_message": "[{\"added\": {}}]"
  }
},
{
  "model": "admin.logentry",
  "pk": 73,
  "fields": {
    "action_time": "2024-03-02T14:27:08.402Z",
    "user": 1,
    "content_type": 12,
    "object_id": "12",
    "object_repr": "Zam - Мясо конины 1 кг - 2980.0",
    "action_flag": 1,
    "change_message": "[{\"added\": {}}]"
  }
},
{
  "model": "admin.logentry",
  "pk": 74,
  "fields": {
    "action_time": "2024-03-02T15:18:39.147Z",
    "user": 1,
    "content_type": 7,
    "object_id": "5",
    "object_repr": "Майк зеленая",
    "action_flag": 2,
    "change_message": "[{\"changed\": {\"fields\": [\"\\u041d\\u0430\\u0437\\u0432\\u0430\\u043d\\u0438\\u0435 \\u0442\\u043e\\u0432\\u0430\\u0440\\u0430\"]}}]"
  }
},
{
  "model": "admin.logentry",
  "pk": 75,
  "fields": {
    "action_time": "2024-03-02T16:37:51.838Z",
    "user": 1,
    "content_type": 13,
    "object_id": "1",
    "object_repr": "Премиум статус",
    "action_flag": 1,
    "change_message": "[{\"added\": {}}]"
  }
},
{
  "model": "admin.logentry",
  "pk": 76,
  "fields": {
    "action_time": "2024-03-02T16:37:59.733Z",
    "user": 1,
    "content_type": 9,
    "object_id": "3",
    "object_repr": "Магазин игрушек Dendy",
    "action_flag": 2,
    "change_message": "[{\"changed\": {\"fields\": [\"\\u0421\\u0442\\u0430\\u0442\\u0443\\u0441 \\u043c\\u0430\\u0433\\u0430\\u0437\\u0438\\u043d\\u0430\"]}}]"
  }
},
{
  "model": "admin.logentry",
  "pk": 77,
  "fields": {
    "action_time": "2024-03-02T16:38:09.425Z",
    "user": 1,
    "content_type": 9,
    "object_id": "6",
    "object_repr": "Omarket",
    "action_flag": 2,
    "change_message": "[{\"changed\": {\"fields\": [\"\\u0421\\u0442\\u0430\\u0442\\u0443\\u0441 \\u043c\\u0430\\u0433\\u0430\\u0437\\u0438\\u043d\\u0430\"]}}]"
  }
},
{
  "model": "admin.logentry",
  "pk": 78,
  "fields": {
    "action_time": "2024-03-02T16:38:22.704Z",
    "user": 1,
    "content_type": 13,
    "object_id": "2",
    "object_repr": "Официальный партнер",
    "action_flag": 1,
    "change_message": "[{\"added\": {}}]"
  }
},
{
  "model": "admin.logentry",
  "pk": 79,
  "fields": {
    "action_time": "2024-03-02T16:38:29.800Z",
    "user": 1,
    "content_type": 9,
    "object_id": "2",
    "object_repr": "Магазин Svoy",
    "action_flag": 2,
    "change_message": "[{\"changed\": {\"fields\": [\"\\u0421\\u0442\\u0430\\u0442\\u0443\\u0441 \\u043c\\u0430\\u0433\\u0430\\u0437\\u0438\\u043d\\u0430\"]}}]"
  }
},
{
  "model": "admin.logentry",
  "pk": 80,
  "fields": {
    "action_time": "2024-03-03T03:23:27.235Z",
    "user": 1,
    "content_type": 9,
    "object_id": "6",
    "object_repr": "Omarket",
    "action_flag": 2,
    "change_message": "[{\"changed\": {\"fields\": [\"\\u041e\\u043f\\u0438\\u0441\\u0430\\u043d\\u0438\\u0435 \\u0442\\u043e\\u0432\\u0430\\u0440\\u0430\"]}}]"
  }
},
{
  "model": "admin.logentry",
  "pk": 81,
  "fields": {
    "action_time": "2024-03-03T05:28:57.577Z",
    "user": 1,
    "content_type": 9,
    "object_id": "8",
    "object_repr": "Береке",
    "action_flag": 1,
    "change_message": "[{\"added\": {}}]"
  }
},
{
  "model": "admin.logentry",
  "pk": 82,
  "fields": {
    "action_time": "2024-03-03T05:31:30.304Z",
    "user": 1,
    "content_type": 9,
    "object_id": "9",
    "object_repr": "Газовик",
    "action_flag": 1,
    "change_message": "[{\"added\": {}}]"
  }
},
{
  "model": "admin.logentry",
  "pk": 83,
  "fields": {
    "action_time": "2024-03-03T05:33:19.895Z",
    "user": 1,
    "content_type": 9,
    "object_id": "10",
    "object_repr": "Мир",
    "action_flag": 1,
    "change_message": "[{\"added\": {}}]"
  }
},
{
  "model": "admin.logentry",
  "pk": 84,
  "fields": {
    "action_time": "2024-03-03T05:33:53.305Z",
    "user": 1,
    "content_type": 9,
    "object_id": "10",
    "object_repr": "Мир",
    "action_flag": 2,
    "change_message": "[{\"changed\": {\"fields\": [\"\\u0421\\u0442\\u0430\\u0442\\u0443\\u0441 \\u043c\\u0430\\u0433\\u0430\\u0437\\u0438\\u043d\\u0430\"]}}]"
  }
},
{
  "model": "admin.logentry",
  "pk": 85,
  "fields": {
    "action_time": "2024-03-03T05:36:25.624Z",
    "user": 1,
    "content_type": 9,
    "object_id": "11",
    "object_repr": "АйМар",
    "action_flag": 1,
    "change_message": "[{\"added\": {}}]"
  }
},
{
  "model": "admin.logentry",
  "pk": 86,
  "fields": {
    "action_time": "2024-03-03T05:40:03.361Z",
    "user": 1,
    "content_type": 7,
    "object_id": "9",
    "object_repr": "Мясо оленя 1 кг",
    "action_flag": 1,
    "change_message": "[{\"added\": {}}]"
  }
},
{
  "model": "admin.logentry",
  "pk": 87,
  "fields": {
    "action_time": "2024-03-03T05:41:25.204Z",
    "user": 1,
    "content_type": 7,
    "object_id": "10",
    "object_repr": "Ножки индейки 1 кг",
    "action_flag": 1,
    "change_message": "[{\"added\": {}}]"
  }
},
{
  "model": "admin.logentry",
  "pk": 88,
  "fields": {
    "action_time": "2024-03-03T05:42:44.573Z",
    "user": 1,
    "content_type": 7,
    "object_id": "11",
    "object_repr": "Куриные ножки",
    "action_flag": 1,
    "change_message": "[{\"added\": {}}]"
  }
},
{
  "model": "admin.logentry",
  "pk": 89,
  "fields": {
    "action_time": "2024-03-03T05:42:52.762Z",
    "user": 1,
    "content_type": 7,
    "object_id": "11",
    "object_repr": "Куриные ножки 1кг",
    "action_flag": 2,
    "change_message": "[{\"changed\": {\"fields\": [\"\\u041d\\u0430\\u0437\\u0432\\u0430\\u043d\\u0438\\u0435 \\u0442\\u043e\\u0432\\u0430\\u0440\\u0430\"]}}]"
  }
},
{
  "model": "admin.logentry",
  "pk": 90,
  "fields": {
    "action_time": "2024-03-03T05:44:14.857Z",
    "user": 1,
    "content_type": 8,
    "object_id": "3",
    "object_repr": "Окорочка",
    "action_flag": 3,
    "change_message": ""
  }
},
{
  "model": "admin.logentry",
  "pk": 91,
  "fields": {
    "action_time": "2024-03-03T05:44:18.146Z",
    "user": 1,
    "content_type": 8,
    "object_id": "4",
    "object_repr": "Куриные ножки",
    "action_flag": 3,
    "change_message": ""
  }
},
{
  "model": "admin.logentry",
  "pk": 92,
  "fields": {
    "action_time": "2024-03-03T05:44:35.310Z",
    "user": 1,
    "content_type": 7,
    "object_id": "11",
    "object_repr": "Куриные ножки 1кг",
    "action_flag": 2,
    "change_message": "[{\"changed\": {\"fields\": [\"\\u041a\\u0430\\u0442\\u0435\\u0433\\u043e\\u0440\\u0438\\u044f\"]}}]"
  }
},
{
  "model": "admin.logentry",
  "pk": 93,
  "fields": {
    "action_time": "2024-03-03T05:44:50.604Z",
    "user": 1,
    "content_type": 7,
    "object_id": "1",
    "object_repr": "Свежая курица 1кг",
    "action_flag": 2,
    "change_message": "[{\"changed\": {\"fields\": [\"\\u041a\\u0430\\u0442\\u0435\\u0433\\u043e\\u0440\\u0438\\u044f\"]}}]"
  }
},
{
  "model": "admin.logentry",
  "pk": 94,
  "fields": {
    "action_time": "2024-03-03T05:45:08.559Z",
    "user": 1,
    "content_type": 8,
    "object_id": "2",
    "object_repr": "Курица",
    "action_flag": 3,
    "change_message": ""
  }
},
{
  "model": "admin.logentry",
  "pk": 95,
  "fields": {
    "action_time": "2024-03-03T05:45:25.918Z",
    "user": 1,
    "content_type": 7,
    "object_id": "11",
    "object_repr": "Куриные ножки 1кг",
    "action_flag": 2,
    "change_message": "[{\"changed\": {\"fields\": [\"\\u041a\\u0430\\u0442\\u0435\\u0433\\u043e\\u0440\\u0438\\u044f\"]}}]"
  }
},
{
  "model": "admin.logentry",
  "pk": 96,
  "fields": {
    "action_time": "2024-03-03T05:45:28.149Z",
    "user": 1,
    "content_type": 7,
    "object_id": "10",
    "object_repr": "Ножки индейки 1 кг",
    "action_flag": 2,
    "change_message": "[{\"changed\": {\"fields\": [\"\\u041a\\u0430\\u0442\\u0435\\u0433\\u043e\\u0440\\u0438\\u044f\"]}}]"
  }
},
{
  "model": "admin.logentry",
  "pk": 97,
  "fields": {
    "action_time": "2024-03-03T05:46:22.797Z",
    "user": 1,
    "content_type": 7,
    "object_id": "10",
    "object_repr": "Ножки индейки 1 кг",
    "action_flag": 2,
    "change_message": "[{\"changed\": {\"fields\": [\"\\u0418\\u0437\\u043e\\u0431\\u0440\\u0430\\u0436\\u0435\\u043d\\u0438\\u0435\"]}}]"
  }
},
{
  "model": "admin.logentry",
  "pk": 98,
  "fields": {
    "action_time": "2024-03-03T05:50:15.030Z",
    "user": 1,
    "content_type": 12,
    "object_id": "13",
    "object_repr": "АйМар - Куриные ножки 1кг - 1800.0",
    "action_flag": 1,
    "change_message": "[{\"added\": {}}]"
  }
},
{
  "model": "admin.logentry",
  "pk": 99,
  "fields": {
    "action_time": "2024-03-03T05:50:28.924Z",
    "user": 1,
    "content_type": 12,
    "object_id": "14",
    "object_repr": "Мир - Куриные ножки 1кг - 1788.0",
    "action_flag": 1,
    "change_message": "[{\"added\": {}}]"
  }
},
{
  "model": "admin.logentry",
  "pk": 100,
  "fields": {
    "action_time": "2024-03-03T05:50:38.873Z",
    "user": 1,
    "content_type": 12,
    "object_id": "15",
    "object_repr": "Береке - Куриные ножки 1кг - 1950.0",
    "action_flag": 1,
    "change_message": "[{\"added\": {}}]"
  }
},
{
  "model": "admin.logentry",
  "pk": 101,
  "fields": {
    "action_time": "2024-03-03T05:51:59.398Z",
    "user": 1,
    "content_type": 7,
    "object_id": "1",
    "object_repr": "Свежая курица 1кг",
    "action_flag": 2,
    "change_message": "[{\"changed\": {\"fields\": [\"\\u041a\\u0430\\u0442\\u0435\\u0433\\u043e\\u0440\\u0438\\u044f\"]}}]"
  }
},
{
  "model": "admin.logentry",
  "pk": 102,
  "fields": {
    "action_time": "2024-03-03T06:18:33.091Z",
    "user": 1,
    "content_type": 7,
    "object_id": "12",
    "object_repr": "Молоко коровье на разлив 1л",
    "action_flag": 1,
    "change_message": "[{\"added\": {}}]"
  }
},
{
  "model": "admin.logentry",
  "pk": 103,
  "fields": {
    "action_time": "2024-03-03T06:18:52.076Z",
    "user": 1,
    "content_type": 7,
    "object_id": "13",
    "object_repr": "Молоко козьем на разлив 1л",
    "action_flag": 1,
    "change_message": "[{\"added\": {}}]"
  }
},
{
  "model": "admin.logentry",
  "pk": 104,
  "fields": {
    "action_time": "2024-03-03T06:19:07.955Z",
    "user": 1,
    "content_type": 7,
    "object_id": "14",
    "object_repr": "Кумыс Саржалский 1л",
    "action_flag": 1,
    "change_message": "[{\"added\": {}}]"
  }
},
{
  "model": "admin.logentry",
  "pk": 105,
  "fields": {
    "action_time": "2024-03-03T06:19:33.423Z",
    "user": 1,
    "content_type": 7,
    "object_id": "15",
    "object_repr": "Кумыс Жанааркинский на разлив 1л",
    "action_flag": 1,
    "change_message": "[{\"added\": {}}]"
  }
},
{
  "model": "admin.logentry",
  "pk": 106,
  "fields": {
    "action_time": "2024-03-03T06:19:43.839Z",
    "user": 1,
    "content_type": 7,
    "object_id": "16",
    "object_repr": "Айран домашний 1л",
    "action_flag": 1,
    "change_message": "[{\"added\": {}}]"
  }
},
{
  "model": "admin.logentry",
  "pk": 107,
  "fields": {
    "action_time": "2024-03-03T06:20:01.161Z",
    "user": 1,
    "content_type": 7,
    "object_id": "17",
    "object_repr": "Айран на разлив 2л",
    "action_flag": 1,
    "change_message": "[{\"added\": {}}]"
  }
},
{
  "model": "admin.logentry",
  "pk": 108,
  "fields": {
    "action_time": "2024-03-03T06:20:24.433Z",
    "user": 1,
    "content_type": 7,
    "object_id": "15",
    "object_repr": "Кумыс Жанааркинский на разлив 1л",
    "action_flag": 2,
    "change_message": "[{\"changed\": {\"fields\": [\"\\u0418\\u0437\\u043e\\u0431\\u0440\\u0430\\u0436\\u0435\\u043d\\u0438\\u0435\"]}}]"
  }
},
{
  "model": "admin.logentry",
  "pk": 109,
  "fields": {
    "action_time": "2024-03-03T06:21:36.262Z",
    "user": 1,
    "content_type": 12,
    "object_id": "16",
    "object_repr": "Omarket - Айран на разлив 2л - 990.0",
    "action_flag": 1,
    "change_message": "[{\"added\": {}}]"
  }
},
{
  "model": "admin.logentry",
  "pk": 110,
  "fields": {
    "action_time": "2024-03-03T06:21:47.461Z",
    "user": 1,
    "content_type": 12,
    "object_id": "17",
    "object_repr": "Zam - Айран на разлив 2л - 980.0",
    "action_flag": 1,
    "change_message": "[{\"added\": {}}]"
  }
},
{
  "model": "admin.logentry",
  "pk": 111,
  "fields": {
    "action_time": "2024-03-03T06:21:58.275Z",
    "user": 1,
    "content_type": 12,
    "object_id": "18",
    "object_repr": "Zam - Айран домашний 1л - 600.0",
    "action_flag": 1,
    "change_message": "[{\"added\": {}}]"
  }
},
{
  "model": "admin.logentry",
  "pk": 112,
  "fields": {
    "action_time": "2024-03-03T06:22:05.418Z",
    "user": 1,
    "content_type": 12,
    "object_id": "19",
    "object_repr": "Береке - Айран домашний 1л - 590.0",
    "action_flag": 1,
    "change_message": "[{\"added\": {}}]"
  }
},
{
  "model": "admin.logentry",
  "pk": 113,
  "fields": {
    "action_time": "2024-03-03T06:23:45.316Z",
    "user": 1,
    "content_type": 12,
    "object_id": "20",
    "object_repr": "Магазин игрушек Dendy - Айран на разлив 2л - 890.0",
    "action_flag": 1,
    "change_message": "[{\"added\": {}}]"
  }
},
{
  "model": "admin.logentry",
  "pk": 114,
  "fields": {
    "action_time": "2024-03-03T06:23:54.153Z",
    "user": 1,
    "content_type": 12,
    "object_id": "21",
    "object_repr": "Магазин Svoy - Айран на разлив 2л - 975.0",
    "action_flag": 1,
    "change_message": "[{\"added\": {}}]"
  }
},
{
  "model": "admin.logentry",
  "pk": 115,
  "fields": {
    "action_time": "2024-03-03T07:42:39.807Z",
    "user": 1,
    "content_type": 12,
    "object_id": "21",
    "object_repr": "Магазин Svoy - Айран на разлив 2л - 975.0",
    "action_flag": 2,
    "change_message": "[{\"changed\": {\"fields\": [\"\\u0421\\u0442\\u0430\\u0440\\u0430\\u044f \\u0446\\u0435\\u043d\\u0430 \\u043d\\u0430 \\u0442\\u043e\\u0432\\u0430\\u0440\"]}}]"
  }
},
{
  "model": "admin.logentry",
  "pk": 116,
  "fields": {
    "action_time": "2024-03-03T07:42:53.333Z",
    "user": 1,
    "content_type": 12,
    "object_id": "20",
    "object_repr": "Магазин игрушек Dendy - Айран на разлив 2л - 890.0",
    "action_flag": 2,
    "change_message": "[{\"changed\": {\"fields\": [\"\\u0421\\u0442\\u0430\\u0440\\u0430\\u044f \\u0446\\u0435\\u043d\\u0430 \\u043d\\u0430 \\u0442\\u043e\\u0432\\u0430\\u0440\"]}}]"
  }
},
{
  "model": "admin.logentry",
  "pk": 117,
  "fields": {
    "action_time": "2024-03-03T08:33:29.660Z",
    "user": 1,
    "content_type": 9,
    "object_id": "11",
    "object_repr": "АйМар",
    "action_flag": 2,
    "change_message": "[{\"changed\": {\"fields\": [\"\\u0418\\u0437\\u043e\\u0431\\u0440\\u0430\\u0436\\u0435\\u043d\\u0438\\u0435\"]}}]"
  }
},
{
  "model": "admin.logentry",
  "pk": 118,
  "fields": {
    "action_time": "2024-03-03T12:17:54.925Z",
    "user": 1,
    "content_type": 8,
    "object_id": "17",
    "object_repr": "Подмидоры",
    "action_flag": 1,
    "change_message": "[{\"added\": {}}]"
  }
},
{
  "model": "admin.logentry",
  "pk": 119,
  "fields": {
    "action_time": "2024-03-03T12:18:01.966Z",
    "user": 1,
    "content_type": 8,
    "object_id": "17",
    "object_repr": "Помидоры",
    "action_flag": 2,
    "change_message": "[{\"changed\": {\"fields\": [\"\\u041a\\u0430\\u0442\\u0435\\u0433\\u043e\\u0440\\u0438\\u0438\"]}}]"
  }
},
{
  "model": "admin.logentry",
  "pk": 120,
  "fields": {
    "action_time": "2024-03-03T12:19:48.077Z",
    "user": 1,
    "content_type": 9,
    "object_id": "12",
    "object_repr": "Курага",
    "action_flag": 1,
    "change_message": "[{\"added\": {}}]"
  }
},
{
  "model": "admin.logentry",
  "pk": 121,
  "fields": {
    "action_time": "2024-03-03T12:22:10.899Z",
    "user": 1,
    "content_type": 7,
    "object_id": "18",
    "object_repr": "Помидоры Высший сорт",
    "action_flag": 1,
    "change_message": "[{\"added\": {}}]"
  }
},
{
  "model": "admin.logentry",
  "pk": 122,
  "fields": {
    "action_time": "2024-03-03T12:22:29.280Z",
    "user": 1,
    "content_type": 12,
    "object_id": "22",
    "object_repr": "Курага - Помидоры Высший сорт - 300.0",
    "action_flag": 1,
    "change_message": "[{\"added\": {}}]"
  }
},
{
  "model": "admin.logentry",
  "pk": 123,
  "fields": {
    "action_time": "2024-03-09T13:58:50.200Z",
    "user": 1,
    "content_type": 15,
    "object_id": "1",
    "object_repr": "Магазин",
    "action_flag": 1,
    "change_message": "[{\"added\": {}}]"
  }
},
{
  "model": "admin.logentry",
  "pk": 124,
  "fields": {
    "action_time": "2024-03-09T13:58:58.697Z",
    "user": 1,
    "content_type": 15,
    "object_id": "2",
    "object_repr": "Домашнее хозяйство",
    "action_flag": 1,
    "change_message": "[{\"added\": {}}]"
  }
},
{
  "model": "admin.logentry",
  "pk": 125,
  "fields": {
    "action_time": "2024-03-09T13:59:05.487Z",
    "user": 1,
    "content_type": 15,
    "object_id": "3",
    "object_repr": "Ресторан",
    "action_flag": 1,
    "change_message": "[{\"added\": {}}]"
  }
},
{
  "model": "admin.logentry",
  "pk": 126,
  "fields": {
    "action_time": "2024-03-09T13:59:48.837Z",
    "user": 1,
    "content_type": 15,
    "object_id": "4",
    "object_repr": "Фастфуд",
    "action_flag": 1,
    "change_message": "[{\"added\": {}}]"
  }
},
{
  "model": "admin.logentry",
  "pk": 127,
  "fields": {
    "action_time": "2024-03-09T14:02:09.814Z",
    "user": 1,
    "content_type": 15,
    "object_id": "4",
    "object_repr": "Фастфуд",
    "action_flag": 3,
    "change_message": ""
  }
},
{
  "model": "admin.logentry",
  "pk": 128,
  "fields": {
    "action_time": "2024-03-09T14:04:16.673Z",
    "user": 1,
    "content_type": 14,
    "object_id": "1",
    "object_repr": "Здоровое питание",
    "action_flag": 1,
    "change_message": "[{\"added\": {}}]"
  }
},
{
  "model": "admin.logentry",
  "pk": 129,
  "fields": {
    "action_time": "2024-03-09T14:05:33.055Z",
    "user": 1,
    "content_type": 14,
    "object_id": "2",
    "object_repr": "Фастфуд",
    "action_flag": 1,
    "change_message": "[{\"added\": {}}]"
  }
},
{
  "model": "admin.logentry",
  "pk": 130,
  "fields": {
    "action_time": "2024-03-09T14:05:42.590Z",
    "user": 1,
    "content_type": 14,
    "object_id": "3",
    "object_repr": "Хоз товары",
    "action_flag": 1,
    "change_message": "[{\"added\": {}}]"
  }
},
{
  "model": "admin.logentry",
  "pk": 131,
  "fields": {
    "action_time": "2024-03-09T14:05:56.932Z",
    "user": 1,
    "content_type": 14,
    "object_id": "4",
    "object_repr": "Продуктовые товары",
    "action_flag": 1,
    "change_message": "[{\"added\": {}}]"
  }
},
{
  "model": "admin.logentry",
  "pk": 132,
  "fields": {
    "action_time": "2024-03-09T14:07:00.257Z",
    "user": 1,
    "content_type": 16,
    "object_id": "1",
    "object_repr": "Самовывоз",
    "action_flag": 1,
    "change_message": "[{\"added\": {}}]"
  }
},
{
  "model": "admin.logentry",
  "pk": 133,
  "fields": {
    "action_time": "2024-03-09T14:07:12.227Z",
    "user": 1,
    "content_type": 16,
    "object_id": "2",
    "object_repr": "Доставка до адреса",
    "action_flag": 1,
    "change_message": "[{\"added\": {}}]"
  }
},
{
  "model": "admin.logentry",
  "pk": 134,
  "fields": {
    "action_time": "2024-03-09T14:07:18.354Z",
    "user": 1,
    "content_type": 16,
    "object_id": "3",
    "object_repr": "Почтовая доставка",
    "action_flag": 1,
    "change_message": "[{\"added\": {}}]"
  }
},
{
  "model": "admin.logentry",
  "pk": 135,
  "fields": {
    "action_time": "2024-03-09T14:07:28.075Z",
    "user": 1,
    "content_type": 16,
    "object_id": "4",
    "object_repr": "Доставка курьером",
    "action_flag": 1,
    "change_message": "[{\"added\": {}}]"
  }
},
{
  "model": "admin.logentry",
  "pk": 136,
  "fields": {
    "action_time": "2024-03-09T14:07:58.154Z",
    "user": 1,
    "content_type": 9,
    "object_id": "12",
    "object_repr": "Курага",
    "action_flag": 2,
    "change_message": "[{\"changed\": {\"fields\": [\"\\u041e\\u0431\\u0449\\u0438\\u0435 \\u043a\\u0430\\u0442\\u0435\\u0433\\u043e\\u0440\\u0438\\u0438\", \"\\u041c\\u0435\\u0442\\u043e\\u0434\\u044b \\u0434\\u043e\\u0441\\u0442\\u0430\\u0432\\u043a\\u0438\"]}}]"
  }
},
{
  "model": "admin.logentry",
  "pk": 137,
  "fields": {
    "action_time": "2024-03-09T14:08:57.902Z",
    "user": 1,
    "content_type": 14,
    "object_id": "5",
    "object_repr": "Халал продукции",
    "action_flag": 1,
    "change_message": "[{\"added\": {}}]"
  }
},
{
  "model": "admin.logentry",
  "pk": 138,
  "fields": {
    "action_time": "2024-03-09T14:09:25.897Z",
    "user": 1,
    "content_type": 9,
    "object_id": "11",
    "object_repr": "АйМар",
    "action_flag": 2,
    "change_message": "[{\"changed\": {\"fields\": [\"\\u0422\\u0438\\u043f \\u0442\\u043e\\u0440\\u0433\\u043e\\u0432\\u043e\\u0439 \\u0442\\u043e\\u0447\\u043a\\u0438\"]}}]"
  }
},
{
  "model": "admin.logentry",
  "pk": 139,
  "fields": {
    "action_time": "2024-03-09T14:09:33.017Z",
    "user": 1,
    "content_type": 9,
    "object_id": "12",
    "object_repr": "Курага",
    "action_flag": 2,
    "change_message": "[{\"changed\": {\"fields\": [\"\\u0422\\u0438\\u043f \\u0442\\u043e\\u0440\\u0433\\u043e\\u0432\\u043e\\u0439 \\u0442\\u043e\\u0447\\u043a\\u0438\"]}}]"
  }
},
{
  "model": "admin.logentry",
  "pk": 140,
  "fields": {
    "action_time": "2024-03-09T14:09:41.543Z",
    "user": 1,
    "content_type": 9,
    "object_id": "10",
    "object_repr": "Мир",
    "action_flag": 2,
    "change_message": "[{\"changed\": {\"fields\": [\"\\u0422\\u0438\\u043f \\u0442\\u043e\\u0440\\u0433\\u043e\\u0432\\u043e\\u0439 \\u0442\\u043e\\u0447\\u043a\\u0438\", \"\\u041e\\u0431\\u0449\\u0438\\u0435 \\u043a\\u0430\\u0442\\u0435\\u0433\\u043e\\u0440\\u0438\\u0438\", \"\\u041c\\u0435\\u0442\\u043e\\u0434\\u044b \\u0434\\u043e\\u0441\\u0442\\u0430\\u0432\\u043a\\u0438\"]}}]"
  }
},
{
  "model": "admin.logentry",
  "pk": 141,
  "fields": {
    "action_time": "2024-03-09T14:09:46.589Z",
    "user": 1,
    "content_type": 9,
    "object_id": "9",
    "object_repr": "Газовик",
    "action_flag": 2,
    "change_message": "[{\"changed\": {\"fields\": [\"\\u041e\\u0431\\u0449\\u0438\\u0435 \\u043a\\u0430\\u0442\\u0435\\u0433\\u043e\\u0440\\u0438\\u0438\", \"\\u041c\\u0435\\u0442\\u043e\\u0434\\u044b \\u0434\\u043e\\u0441\\u0442\\u0430\\u0432\\u043a\\u0438\"]}}]"
  }
},
{
  "model": "admin.logentry",
  "pk": 142,
  "fields": {
    "action_time": "2024-03-09T14:09:55.518Z",
    "user": 1,
    "content_type": 9,
    "object_id": "8",
    "object_repr": "Береке",
    "action_flag": 2,
    "change_message": "[{\"changed\": {\"fields\": [\"\\u0422\\u0438\\u043f \\u0442\\u043e\\u0440\\u0433\\u043e\\u0432\\u043e\\u0439 \\u0442\\u043e\\u0447\\u043a\\u0438\", \"\\u041e\\u0431\\u0449\\u0438\\u0435 \\u043a\\u0430\\u0442\\u0435\\u0433\\u043e\\u0440\\u0438\\u0438\", \"\\u041c\\u0435\\u0442\\u043e\\u0434\\u044b \\u0434\\u043e\\u0441\\u0442\\u0430\\u0432\\u043a\\u0438\"]}}]"
  }
},
{
  "model": "admin.logentry",
  "pk": 143,
  "fields": {
    "action_time": "2024-03-09T14:13:16.347Z",
    "user": 1,
    "content_type": 17,
    "object_id": "1",
    "object_repr": "Халал продукт",
    "action_flag": 1,
    "change_message": "[{\"added\": {}}]"
  }
},
{
  "model": "admin.logentry",
  "pk": 144,
  "fields": {
    "action_time": "2024-03-09T14:13:25.736Z",
    "user": 1,
    "content_type": 17,
    "object_id": "2",
    "object_repr": "Здоровое питание",
    "action_flag": 1,
    "change_message": "[{\"added\": {}}]"
  }
},
{
  "model": "admin.logentry",
  "pk": 145,
  "fields": {
    "action_time": "2024-03-09T14:13:29.914Z",
    "user": 1,
    "content_type": 17,
    "object_id": "3",
    "object_repr": "Без ГМО",
    "action_flag": 1,
    "change_message": "[{\"added\": {}}]"
  }
},
{
  "model": "admin.logentry",
  "pk": 146,
  "fields": {
    "action_time": "2024-03-09T14:14:45.427Z",
    "user": 1,
    "content_type": 7,
    "object_id": "9",
    "object_repr": "Мясо оленя 1 кг",
    "action_flag": 2,
    "change_message": "[{\"changed\": {\"fields\": [\"\\u041e\\u0431\\u0449\\u0438\\u0435 \\u043a\\u0430\\u0442\\u0435\\u0433\\u043e\\u0440\\u0438\\u0438\"]}}]"
  }
},
{
  "model": "admin.logentry",
  "pk": 147,
  "fields": {
    "action_time": "2024-03-09T14:14:48.362Z",
    "user": 1,
    "content_type": 7,
    "object_id": "16",
    "object_repr": "Айран домашний 1л",
    "action_flag": 2,
    "change_message": "[{\"changed\": {\"fields\": [\"\\u041e\\u0431\\u0449\\u0438\\u0435 \\u043a\\u0430\\u0442\\u0435\\u0433\\u043e\\u0440\\u0438\\u0438\"]}}]"
  }
},
{
  "model": "admin.logentry",
  "pk": 148,
  "fields": {
    "action_time": "2024-03-09T14:14:50.457Z",
    "user": 1,
    "content_type": 7,
    "object_id": "12",
    "object_repr": "Молоко коровье на разлив 1л",
    "action_flag": 2,
    "change_message": "[{\"changed\": {\"fields\": [\"\\u041e\\u0431\\u0449\\u0438\\u0435 \\u043a\\u0430\\u0442\\u0435\\u0433\\u043e\\u0440\\u0438\\u0438\"]}}]"
  }
},
{
  "model": "admin.logentry",
  "pk": 149,
  "fields": {
    "action_time": "2024-03-09T14:15:01.933Z",
    "user": 1,
    "content_type": 7,
    "object_id": "18",
    "object_repr": "Помидоры Высший сорт",
    "action_flag": 2,
    "change_message": "[{\"changed\": {\"fields\": [\"\\u041e\\u0431\\u0449\\u0438\\u0435 \\u043a\\u0430\\u0442\\u0435\\u0433\\u043e\\u0440\\u0438\\u0438\"]}}]"
  }
},
{
  "model": "admin.logentry",
  "pk": 150,
  "fields": {
    "action_time": "2024-03-09T14:20:03.501Z",
    "user": 1,
    "content_type": 7,
    "object_id": "9",
    "object_repr": "Мясо оленя 1 кг",
    "action_flag": 2,
    "change_message": "[{\"changed\": {\"fields\": [\"\\u041e\\u0431\\u0449\\u0438\\u0435 \\u043a\\u0430\\u0442\\u0435\\u0433\\u043e\\u0440\\u0438\\u0438\"]}}]"
  }
},
{
  "model": "admin.logentry",
  "pk": 151,
  "fields": {
    "action_time": "2024-03-09T14:41:11.188Z",
    "user": 1,
    "content_type": 17,
    "object_id": "4",
    "object_repr": "Без глютена",
    "action_flag": 1,
    "change_message": "[{\"added\": {}}]"
  }
},
{
  "model": "admin.logentry",
  "pk": 152,
  "fields": {
    "action_time": "2024-03-09T14:41:35.762Z",
    "user": 1,
    "content_type": 17,
    "object_id": "5",
    "object_repr": "Фермерский продукт",
    "action_flag": 1,
    "change_message": "[{\"added\": {}}]"
  }
},
{
  "model": "admin.logentry",
  "pk": 153,
  "fields": {
    "action_time": "2024-03-09T14:41:44.755Z",
    "user": 1,
    "content_type": 17,
    "object_id": "6",
    "object_repr": "Без лактозы",
    "action_flag": 1,
    "change_message": "[{\"added\": {}}]"
  }
},
{
  "model": "admin.logentry",
  "pk": 154,
  "fields": {
    "action_time": "2024-03-09T14:41:54.270Z",
    "user": 1,
    "content_type": 17,
    "object_id": "7",
    "object_repr": "Натуральный",
    "action_flag": 1,
    "change_message": "[{\"added\": {}}]"
  }
},
{
  "model": "admin.logentry",
  "pk": 155,
  "fields": {
    "action_time": "2024-03-09T14:42:02.147Z",
    "user": 1,
    "content_type": 17,
    "object_id": "8",
    "object_repr": "Правильное питание",
    "action_flag": 1,
    "change_message": "[{\"added\": {}}]"
  }
},
{
  "model": "admin.logentry",
  "pk": 156,
  "fields": {
    "action_time": "2024-03-09T14:42:09.512Z",
    "user": 1,
    "content_type": 17,
    "object_id": "9",
    "object_repr": "Свежесть",
    "action_flag": 1,
    "change_message": "[{\"added\": {}}]"
  }
},
{
  "model": "admin.logentry",
  "pk": 157,
  "fields": {
    "action_time": "2024-03-09T14:42:32.653Z",
    "user": 1,
    "content_type": 7,
    "object_id": "7",
    "object_repr": "Мясо теленка 1кг",
    "action_flag": 2,
    "change_message": "[{\"changed\": {\"fields\": [\"\\u041e\\u0431\\u0449\\u0438\\u0435 \\u043a\\u0430\\u0442\\u0435\\u0433\\u043e\\u0440\\u0438\\u0438\"]}}]"
  }
},
{
  "model": "admin.logentry",
  "pk": 158,
  "fields": {
    "action_time": "2024-03-09T15:04:16.654Z",
    "user": 1,
    "content_type": 17,
    "object_id": "3",
    "object_repr": "Без ГМО",
    "action_flag": 2,
    "change_message": "[{\"changed\": {\"fields\": [\"\\u0418\\u0437\\u043e\\u0431\\u0440\\u0430\\u0436\\u0435\\u043d\\u0438\\u0435\"]}}]"
  }
},
{
  "model": "admin.logentry",
  "pk": 159,
  "fields": {
    "action_time": "2024-03-09T15:04:41.317Z",
    "user": 1,
    "content_type": 17,
    "object_id": "2",
    "object_repr": "Здоровое питание",
    "action_flag": 2,
    "change_message": "[{\"changed\": {\"fields\": [\"\\u0418\\u0437\\u043e\\u0431\\u0440\\u0430\\u0436\\u0435\\u043d\\u0438\\u0435\"]}}]"
  }
},
{
  "model": "admin.logentry",
  "pk": 160,
  "fields": {
    "action_time": "2024-03-09T15:05:32.240Z",
    "user": 1,
    "content_type": 17,
    "object_id": "1",
    "object_repr": "Халал продукт",
    "action_flag": 2,
    "change_message": "[{\"changed\": {\"fields\": [\"\\u0418\\u0437\\u043e\\u0431\\u0440\\u0430\\u0436\\u0435\\u043d\\u0438\\u0435\"]}}]"
  }
},
{
  "model": "admin.logentry",
  "pk": 161,
  "fields": {
    "action_time": "2024-03-10T10:38:32.435Z",
    "user": 1,
    "content_type": 18,
    "object_id": "1",
    "object_repr": "Акция от магазина Санжар",
    "action_flag": 1,
    "change_message": "[{\"added\": {}}]"
  }
},
{
  "model": "admin.logentry",
  "pk": 162,
  "fields": {
    "action_time": "2024-03-10T10:49:54.892Z",
    "user": 1,
    "content_type": 18,
    "object_id": "2",
    "object_repr": "Акция Foodmaster",
    "action_flag": 1,
    "change_message": "[{\"added\": {}}]"
  }
},
{
  "model": "admin.logentry",
  "pk": 163,
  "fields": {
    "action_time": "2024-03-10T10:50:13.950Z",
    "user": 1,
    "content_type": 18,
    "object_id": "3",
    "object_repr": "Акция MilkyWay",
    "action_flag": 1,
    "change_message": "[{\"added\": {}}]"
  }
},
{
  "model": "admin.logentry",
  "pk": 164,
  "fields": {
    "action_time": "2024-03-10T12:44:04.896Z",
    "user": 1,
    "content_type": 7,
    "object_id": "2",
    "object_repr": "Огурцы 1кг",
    "action_flag": 2,
    "change_message": "[{\"changed\": {\"fields\": [\"\\u0418\\u0437\\u043e\\u0431\\u0440\\u0430\\u0436\\u0435\\u043d\\u0438\\u0435\", \"\\u041e\\u0431\\u0449\\u0438\\u0435 \\u043a\\u0430\\u0442\\u0435\\u0433\\u043e\\u0440\\u0438\\u0438\"]}}]"
  }
},
{
  "model": "admin.logentry",
  "pk": 165,
  "fields": {
    "action_time": "2024-03-10T12:44:21.504Z",
    "user": 1,
    "content_type": 7,
    "object_id": "9",
    "object_repr": "Мясо оленя 1 кг",
    "action_flag": 2,
    "change_message": "[{\"changed\": {\"fields\": [\"\\u041e\\u0431\\u0449\\u0438\\u0435 \\u043a\\u0430\\u0442\\u0435\\u0433\\u043e\\u0440\\u0438\\u0438\"]}}]"
  }
},
{
  "model": "admin.logentry",
  "pk": 166,
  "fields": {
    "action_time": "2024-03-10T14:53:02.176Z",
    "user": 1,
    "content_type": 9,
    "object_id": "4",
    "object_repr": "Анвар",
    "action_flag": 2,
    "change_message": "[{\"changed\": {\"fields\": [\"\\u041c\\u0435\\u0442\\u043e\\u0434\\u044b \\u0434\\u043e\\u0441\\u0442\\u0430\\u0432\\u043a\\u0438\"]}}]"
  }
},
{
  "model": "admin.logentry",
  "pk": 167,
  "fields": {
    "action_time": "2024-03-10T15:49:01.165Z",
    "user": 1,
    "content_type": 18,
    "object_id": "3",
    "object_repr": "Акция 1",
    "action_flag": 2,
    "change_message": "[{\"changed\": {\"fields\": [\"\\u041d\\u0430\\u0437\\u0432\\u0430\\u043d\\u0438\\u0435 \\u0431\\u0430\\u043d\\u043d\\u0435\\u0440\\u0430\", \"\\u0418\\u0437\\u043e\\u0431\\u0440\\u0430\\u0436\\u0435\\u043d\\u0438\\u0435\"]}}]"
  }
},
{
  "model": "admin.logentry",
  "pk": 168,
  "fields": {
    "action_time": "2024-03-10T15:49:05.374Z",
    "user": 1,
    "content_type": 18,
    "object_id": "2",
    "object_repr": "Акция 2",
    "action_flag": 2,
    "change_message": "[{\"changed\": {\"fields\": [\"\\u041d\\u0430\\u0437\\u0432\\u0430\\u043d\\u0438\\u0435 \\u0431\\u0430\\u043d\\u043d\\u0435\\u0440\\u0430\", \"\\u0418\\u0437\\u043e\\u0431\\u0440\\u0430\\u0436\\u0435\\u043d\\u0438\\u0435\"]}}]"
  }
},
{
  "model": "admin.logentry",
  "pk": 169,
  "fields": {
    "action_time": "2024-03-10T15:49:09.842Z",
    "user": 1,
    "content_type": 18,
    "object_id": "1",
    "object_repr": "Акция 3",
    "action_flag": 2,
    "change_message": "[{\"changed\": {\"fields\": [\"\\u041d\\u0430\\u0437\\u0432\\u0430\\u043d\\u0438\\u0435 \\u0431\\u0430\\u043d\\u043d\\u0435\\u0440\\u0430\", \"\\u0418\\u0437\\u043e\\u0431\\u0440\\u0430\\u0436\\u0435\\u043d\\u0438\\u0435\"]}}]"
  }
},
{
  "model": "admin.logentry",
  "pk": 170,
  "fields": {
    "action_time": "2024-03-10T15:49:19.518Z",
    "user": 1,
    "content_type": 18,
    "object_id": "4",
    "object_repr": "Акция 4",
    "action_flag": 1,
    "change_message": "[{\"added\": {}}]"
  }
},
{
  "model": "admin.logentry",
  "pk": 171,
  "fields": {
    "action_time": "2024-03-10T15:58:33.484Z",
    "user": 1,
    "content_type": 9,
    "object_id": "10",
    "object_repr": "Мир",
    "action_flag": 2,
    "change_message": "[{\"changed\": {\"fields\": [\"\\u0422\\u0438\\u043f \\u0442\\u043e\\u0440\\u0433\\u043e\\u0432\\u043e\\u0439 \\u0442\\u043e\\u0447\\u043a\\u0438\"]}}]"
  }
},
{
  "model": "admin.logentry",
  "pk": 172,
  "fields": {
    "action_time": "2024-03-10T16:06:53.201Z",
    "user": 1,
    "content_type": 9,
    "object_id": "13",
    "object_repr": "Ресторан Aura",
    "action_flag": 1,
    "change_message": "[{\"added\": {}}]"
  }
},
{
  "model": "admin.logentry",
  "pk": 173,
  "fields": {
    "action_time": "2024-03-10T16:32:14.844Z",
    "user": 1,
    "content_type": 19,
    "object_id": "1",
    "object_repr": "Детская площадка",
    "action_flag": 1,
    "change_message": "[{\"added\": {}}]"
  }
},
{
  "model": "admin.logentry",
  "pk": 174,
  "fields": {
    "action_time": "2024-03-10T16:32:22.883Z",
    "user": 1,
    "content_type": 19,
    "object_id": "2",
    "object_repr": "Живая музыка",
    "action_flag": 1,
    "change_message": "[{\"added\": {}}]"
  }
},
{
  "model": "admin.logentry",
  "pk": 175,
  "fields": {
    "action_time": "2024-03-10T16:33:26.255Z",
    "user": 1,
    "content_type": 19,
    "object_id": "3",
    "object_repr": "Ифтар",
    "action_flag": 1,
    "change_message": "[{\"added\": {}}]"
  }
},
{
  "model": "admin.logentry",
  "pk": 176,
  "fields": {
    "action_time": "2024-03-10T16:33:27.218Z",
    "user": 1,
    "content_type": 9,
    "object_id": "13",
    "object_repr": "Ресторан Aura",
    "action_flag": 2,
    "change_message": "[{\"changed\": {\"fields\": [\"\\u0414\\u043e\\u043f\\u043e\\u043b\\u043d\\u0438\\u0442\\u0435\\u043b\\u044c\\u043d\\u044b\\u0435 \\u0430\\u0442\\u0440\\u0438\\u0431\\u0443\\u0442\\u044b\"]}}]"
  }
},
{
  "model": "admin.logentry",
  "pk": 177,
  "fields": {
    "action_time": "2024-03-10T17:57:28.208Z",
    "user": 1,
    "content_type": 9,
    "object_id": "13",
    "object_repr": "Aura на Мангилик ел",
    "action_flag": 2,
    "change_message": "[{\"changed\": {\"fields\": [\"\\u041d\\u0430\\u0437\\u0432\\u0430\\u043d\\u0438\\u0435 \\u043c\\u0430\\u0433\\u0430\\u0437\\u0438\\u043d\\u0430\"]}}]"
  }
},
{
  "model": "admin.logentry",
  "pk": 178,
  "fields": {
    "action_time": "2024-03-10T17:59:04.407Z",
    "user": 1,
    "content_type": 7,
    "object_id": "19",
    "object_repr": "Стейк Тибон 400 гр.",
    "action_flag": 1,
    "change_message": "[{\"added\": {}}]"
  }
},
{
  "model": "admin.logentry",
  "pk": 179,
  "fields": {
    "action_time": "2024-03-10T17:59:42.738Z",
    "user": 1,
    "content_type": 7,
    "object_id": "20",
    "object_repr": "Бургер от Шеф повара ресторана",
    "action_flag": 1,
    "change_message": "[{\"added\": {}}]"
  }
},
{
  "model": "admin.logentry",
  "pk": 180,
  "fields": {
    "action_time": "2024-03-10T18:00:00.864Z",
    "user": 1,
    "content_type": 12,
    "object_id": "23",
    "object_repr": "Aura на Мангилик ел - Бургер от Шеф повара ресторана - 2900.0",
    "action_flag": 1,
    "change_message": "[{\"added\": {}}]"
  }
},
{
  "model": "admin.logentry",
  "pk": 181,
  "fields": {
    "action_time": "2024-03-10T18:00:13.633Z",
    "user": 1,
    "content_type": 12,
    "object_id": "24",
    "object_repr": "Aura на Мангилик ел - Стейк Тибон 400 гр. - 6500.0",
    "action_flag": 1,
    "change_message": "[{\"added\": {}}]"
  }
},
{
  "model": "admin.logentry",
  "pk": 182,
  "fields": {
    "action_time": "2024-04-13T11:49:28.318Z",
    "user": 1,
    "content_type": 18,
    "object_id": "5",
    "object_repr": "Акция 5",
    "action_flag": 1,
    "change_message": "[{\"added\": {}}]"
  }
},
{
  "model": "admin.logentry",
  "pk": 183,
  "fields": {
    "action_time": "2024-04-13T11:50:12.169Z",
    "user": 1,
    "content_type": 18,
    "object_id": "6",
    "object_repr": "Акция 6",
    "action_flag": 1,
    "change_message": "[{\"added\": {}}]"
  }
},
{
  "model": "admin.logentry",
  "pk": 184,
  "fields": {
    "action_time": "2024-04-14T18:46:43.889Z",
    "user": 1,
    "content_type": 10,
    "object_id": "3",
    "object_repr": "Актобе",
    "action_flag": 1,
    "change_message": "[{\"added\": {}}]"
  }
},
{
  "model": "admin.logentry",
  "pk": 185,
  "fields": {
    "action_time": "2024-04-14T18:46:48.161Z",
    "user": 1,
    "content_type": 10,
    "object_id": "4",
    "object_repr": "Алматы",
    "action_flag": 1,
    "change_message": "[{\"added\": {}}]"
  }
},
{
  "model": "admin.logentry",
  "pk": 186,
  "fields": {
    "action_time": "2024-04-14T18:46:56.557Z",
    "user": 1,
    "content_type": 10,
    "object_id": "5",
    "object_repr": "Оскемен",
    "action_flag": 1,
    "change_message": "[{\"added\": {}}]"
  }
},
{
  "model": "admin.logentry",
  "pk": 187,
  "fields": {
    "action_time": "2024-04-14T18:56:09.188Z",
    "user": 1,
    "content_type": 10,
    "object_id": "1",
    "object_repr": "г. Атырау",
    "action_flag": 2,
    "change_message": "[{\"changed\": {\"fields\": [\"\\u0413\\u043e\\u0440\\u043e\\u0434\"]}}]"
  }
},
{
  "model": "admin.logentry",
  "pk": 188,
  "fields": {
    "action_time": "2024-04-14T18:56:13.085Z",
    "user": 1,
    "content_type": 10,
    "object_id": "2",
    "object_repr": "г. Астана",
    "action_flag": 2,
    "change_message": "[{\"changed\": {\"fields\": [\"\\u0413\\u043e\\u0440\\u043e\\u0434\"]}}]"
  }
},
{
  "model": "admin.logentry",
  "pk": 189,
  "fields": {
    "action_time": "2024-04-14T18:56:18.287Z",
    "user": 1,
    "content_type": 10,
    "object_id": "3",
    "object_repr": "г. Актобе",
    "action_flag": 2,
    "change_message": "[{\"changed\": {\"fields\": [\"\\u0413\\u043e\\u0440\\u043e\\u0434\"]}}]"
  }
},
{
  "model": "admin.logentry",
  "pk": 190,
  "fields": {
    "action_time": "2024-04-14T18:56:21.615Z",
    "user": 1,
    "content_type": 10,
    "object_id": "4",
    "object_repr": "г. Алматы",
    "action_flag": 2,
    "change_message": "[{\"changed\": {\"fields\": [\"\\u0413\\u043e\\u0440\\u043e\\u0434\"]}}]"
  }
},
{
  "model": "admin.logentry",
  "pk": 191,
  "fields": {
    "action_time": "2024-04-14T18:56:27.446Z",
    "user": 1,
    "content_type": 10,
    "object_id": "5",
    "object_repr": "г. Оскемен",
    "action_flag": 2,
    "change_message": "[{\"changed\": {\"fields\": [\"\\u0413\\u043e\\u0440\\u043e\\u0434\"]}}]"
  }
},
{
  "model": "admin.logentry",
  "pk": 192,
  "fields": {
    "action_time": "2024-04-14T19:49:58.546Z",
    "user": 1,
    "content_type": 9,
    "object_id": "4",
    "object_repr": "Анвар",
    "action_flag": 2,
    "change_message": "[{\"changed\": {\"fields\": [\"\\u0413\\u043e\\u0440\\u043e\\u0434\"]}}]"
  }
},
{
  "model": "admin.logentry",
  "pk": 193,
  "fields": {
    "action_time": "2024-04-14T19:52:06.298Z",
    "user": 1,
    "content_type": 9,
    "object_id": "4",
    "object_repr": "Анвар",
    "action_flag": 2,
    "change_message": "[{\"changed\": {\"fields\": [\"\\u0413\\u043e\\u0440\\u043e\\u0434\"]}}]"
  }
},
{
  "model": "admin.logentry",
  "pk": 194,
  "fields": {
    "action_time": "2024-04-14T19:57:43.090Z",
    "user": 1,
    "content_type": 12,
    "object_id": "25",
    "object_repr": "Курага - Кумыс Жанааркинский на разлив 1л - 950.0",
    "action_flag": 1,
    "change_message": "[{\"added\": {}}]"
  }
},
{
  "model": "admin.logentry",
  "pk": 195,
  "fields": {
    "action_time": "2024-04-15T07:47:46.001Z",
    "user": 1,
    "content_type": 7,
    "object_id": "20",
    "object_repr": "Бургер от Шеф повара ресторана",
    "action_flag": 2,
    "change_message": "[{\"changed\": {\"fields\": [\"\\u0411\\u0435\\u043b\\u043a\\u0438\", \"\\u0423\\u0433\\u043b\\u0435\\u0432\\u043e\\u0434\\u044b\", \"\\u0416\\u0438\\u0440\"]}}]"
  }
},
{
  "model": "admin.logentry",
  "pk": 196,
  "fields": {
    "action_time": "2024-04-15T07:47:50.660Z",
    "user": 1,
    "content_type": 7,
    "object_id": "20",
    "object_repr": "Бургер от Шеф повара ресторана",
    "action_flag": 2,
    "change_message": "[{\"changed\": {\"fields\": [\"\\u041f\\u043e\\u043a\\u0430\\u0437\\u044b\\u0432\\u0430\\u0442\\u044c \\u0411\\u0416\\u0423\"]}}]"
  }
},
{
  "model": "admin.logentry",
  "pk": 197,
  "fields": {
    "action_time": "2024-04-15T09:31:10.686Z",
    "user": 1,
    "content_type": 12,
    "object_id": "26",
    "object_repr": "Местная лавка Айналайын - Айран на разлив 2л - 900.0",
    "action_flag": 1,
    "change_message": "[{\"added\": {}}]"
  }
},
{
  "model": "admin.logentry",
  "pk": 198,
  "fields": {
    "action_time": "2024-04-15T11:34:43.233Z",
    "user": 1,
    "content_type": 9,
    "object_id": "4",
    "object_repr": "Анвар",
    "action_flag": 2,
    "change_message": "[{\"changed\": {\"fields\": [\"\\u0413\\u043e\\u0440\\u043e\\u0434\"]}}]"
  }
},
{
  "model": "admin.logentry",
  "pk": 199,
  "fields": {
    "action_time": "2024-04-15T12:30:19.103Z",
    "user": 1,
    "content_type": 7,
    "object_id": "13",
    "object_repr": "Молоко козьем на разлив 1л",
    "action_flag": 2,
    "change_message": "[{\"changed\": {\"fields\": [\"\\u041e\\u0431\\u0449\\u0438\\u0435 \\u043a\\u0430\\u0442\\u0435\\u0433\\u043e\\u0440\\u0438\\u0438\"]}}]"
  }
},
{
  "model": "admin.logentry",
  "pk": 200,
  "fields": {
    "action_time": "2024-04-15T12:30:31.439Z",
    "user": 1,
    "content_type": 7,
    "object_id": "12",
    "object_repr": "Молоко коровье на разлив 1л",
    "action_flag": 2,
    "change_message": "[{\"changed\": {\"fields\": [\"\\u041e\\u0431\\u0449\\u0438\\u0435 \\u043a\\u0430\\u0442\\u0435\\u0433\\u043e\\u0440\\u0438\\u0438\"]}}]"
  }
},
{
  "model": "admin.logentry",
  "pk": 201,
  "fields": {
    "action_time": "2024-04-15T12:30:34.141Z",
    "user": 1,
    "content_type": 7,
    "object_id": "11",
    "object_repr": "Куриные ножки 1кг",
    "action_flag": 2,
    "change_message": "[{\"changed\": {\"fields\": [\"\\u041e\\u0431\\u0449\\u0438\\u0435 \\u043a\\u0430\\u0442\\u0435\\u0433\\u043e\\u0440\\u0438\\u0438\"]}}]"
  }
},
{
  "model": "admin.logentry",
  "pk": 202,
  "fields": {
    "action_time": "2024-04-15T12:32:37.658Z",
    "user": 1,
    "content_type": 7,
    "object_id": "20",
    "object_repr": "Бургер от Шеф повара ресторана",
    "action_flag": 2,
    "change_message": "[{\"changed\": {\"fields\": [\"\\u041e\\u0431\\u0449\\u0438\\u0435 \\u043a\\u0430\\u0442\\u0435\\u0433\\u043e\\u0440\\u0438\\u0438\"]}}]"
  }
},
{
  "model": "admin.logentry",
  "pk": 203,
  "fields": {
    "action_time": "2024-04-15T12:32:41.662Z",
    "user": 1,
    "content_type": 7,
    "object_id": "3",
    "object_repr": "Игрушка Sonic до 3 лет",
    "action_flag": 2,
    "change_message": "[{\"changed\": {\"fields\": [\"\\u041e\\u0431\\u0449\\u0438\\u0435 \\u043a\\u0430\\u0442\\u0435\\u0433\\u043e\\u0440\\u0438\\u0438\"]}}]"
  }
},
{
  "model": "admin.logentry",
  "pk": 204,
  "fields": {
    "action_time": "2024-04-15T14:55:00.192Z",
    "user": 1,
    "content_type": 9,
    "object_id": "13",
    "object_repr": "Aura на Мангилик ел",
    "action_flag": 2,
    "change_message": "[{\"changed\": {\"fields\": [\"\\u0422\\u0438\\u043f \\u0442\\u043e\\u0440\\u0433\\u043e\\u0432\\u043e\\u0439 \\u0442\\u043e\\u0447\\u043a\\u0438\"]}}]"
  }
},
{
  "model": "admin.logentry",
  "pk": 205,
  "fields": {
    "action_time": "2024-04-15T14:56:24.031Z",
    "user": 1,
    "content_type": 9,
    "object_id": "4",
    "object_repr": "Анвар",
    "action_flag": 2,
    "change_message": "[{\"changed\": {\"fields\": [\"\\u0422\\u0438\\u043f \\u0442\\u043e\\u0440\\u0433\\u043e\\u0432\\u043e\\u0439 \\u0442\\u043e\\u0447\\u043a\\u0438\"]}}]"
  }
},
{
  "model": "admin.logentry",
  "pk": 206,
  "fields": {
    "action_time": "2024-04-15T14:59:51.550Z",
    "user": 1,
    "content_type": 9,
    "object_id": "4",
    "object_repr": "Анвар",
    "action_flag": 2,
    "change_message": "[{\"changed\": {\"fields\": [\"\\u0421\\u0442\\u0430\\u0442\\u0443\\u0441 \\u043c\\u0430\\u0433\\u0430\\u0437\\u0438\\u043d\\u0430\"]}}]"
  }
},
{
  "model": "admin.logentry",
  "pk": 207,
  "fields": {
    "action_time": "2024-04-15T15:47:21.901Z",
    "user": 1,
    "content_type": 10,
    "object_id": "2",
    "object_repr": "г. Астана",
    "action_flag": 2,
    "change_message": "[{\"changed\": {\"fields\": [\"\\u0428\\u0438\\u0440\\u0438\\u043d\\u0430\", \"\\u0414\\u043e\\u043b\\u0433\\u043e\\u0442\\u0430\"]}}]"
  }
},
{
  "model": "admin.logentry",
  "pk": 208,
  "fields": {
    "action_time": "2024-04-15T18:08:20.038Z",
    "user": 1,
    "content_type": 9,
    "object_id": "9",
    "object_repr": "Газовик",
    "action_flag": 2,
    "change_message": "[{\"changed\": {\"fields\": [\"\\u0422\\u0438\\u043f \\u0442\\u043e\\u0440\\u0433\\u043e\\u0432\\u043e\\u0439 \\u0442\\u043e\\u0447\\u043a\\u0438\"]}}]"
  }
},
{
  "model": "admin.logentry",
  "pk": 209,
  "fields": {
    "action_time": "2024-04-15T18:08:28.685Z",
    "user": 1,
    "content_type": 9,
    "object_id": "7",
    "object_repr": "Инабат",
    "action_flag": 2,
    "change_message": "[{\"changed\": {\"fields\": [\"\\u0422\\u0438\\u043f \\u0442\\u043e\\u0440\\u0433\\u043e\\u0432\\u043e\\u0439 \\u0442\\u043e\\u0447\\u043a\\u0438\"]}}]"
  }
},
{
  "model": "admin.logentry",
  "pk": 210,
  "fields": {
    "action_time": "2024-04-15T18:08:31.950Z",
    "user": 1,
    "content_type": 9,
    "object_id": "6",
    "object_repr": "Omarket",
    "action_flag": 2,
    "change_message": "[{\"changed\": {\"fields\": [\"\\u0422\\u0438\\u043f \\u0442\\u043e\\u0440\\u0433\\u043e\\u0432\\u043e\\u0439 \\u0442\\u043e\\u0447\\u043a\\u0438\"]}}]"
  }
},
{
  "model": "admin.logentry",
  "pk": 211,
  "fields": {
    "action_time": "2024-04-15T18:08:35.297Z",
    "user": 1,
    "content_type": 9,
    "object_id": "5",
    "object_repr": "Zam",
    "action_flag": 2,
    "change_message": "[{\"changed\": {\"fields\": [\"\\u0422\\u0438\\u043f \\u0442\\u043e\\u0440\\u0433\\u043e\\u0432\\u043e\\u0439 \\u0442\\u043e\\u0447\\u043a\\u0438\"]}}]"
  }
},
{
  "model": "admin.logentry",
  "pk": 212,
  "fields": {
    "action_time": "2024-04-15T18:08:41.167Z",
    "user": 1,
    "content_type": 9,
    "object_id": "3",
    "object_repr": "Магазин игрушек Dendy",
    "action_flag": 2,
    "change_message": "[{\"changed\": {\"fields\": [\"\\u0422\\u0438\\u043f \\u0442\\u043e\\u0440\\u0433\\u043e\\u0432\\u043e\\u0439 \\u0442\\u043e\\u0447\\u043a\\u0438\"]}}]"
  }
},
{
  "model": "admin.logentry",
  "pk": 213,
  "fields": {
    "action_time": "2024-04-15T18:08:44.453Z",
    "user": 1,
    "content_type": 9,
    "object_id": "2",
    "object_repr": "Магазин Svoy",
    "action_flag": 2,
    "change_message": "[{\"changed\": {\"fields\": [\"\\u0422\\u0438\\u043f \\u0442\\u043e\\u0440\\u0433\\u043e\\u0432\\u043e\\u0439 \\u0442\\u043e\\u0447\\u043a\\u0438\"]}}]"
  }
},
{
  "model": "admin.logentry",
  "pk": 214,
  "fields": {
    "action_time": "2024-04-15T18:08:48.117Z",
    "user": 1,
    "content_type": 9,
    "object_id": "1",
    "object_repr": "Местная лавка Айналайын",
    "action_flag": 2,
    "change_message": "[{\"changed\": {\"fields\": [\"\\u0422\\u0438\\u043f \\u0442\\u043e\\u0440\\u0433\\u043e\\u0432\\u043e\\u0439 \\u0442\\u043e\\u0447\\u043a\\u0438\"]}}]"
  }
},
{
  "model": "admin.logentry",
  "pk": 215,
  "fields": {
    "action_time": "2024-04-18T08:03:23.719Z",
    "user": 1,
    "content_type": 20,
    "object_id": "1",
    "object_repr": "Товары и продукты",
    "action_flag": 1,
    "change_message": "[{\"added\": {}}]"
  }
},
{
  "model": "admin.logentry",
  "pk": 216,
  "fields": {
    "action_time": "2024-04-18T08:03:41.819Z",
    "user": 1,
    "content_type": 20,
    "object_id": "2",
    "object_repr": "Рестораны",
    "action_flag": 1,
    "change_message": "[{\"added\": {}}]"
  }
},
{
  "model": "admin.logentry",
  "pk": 217,
  "fields": {
    "action_time": "2024-04-18T08:03:59.582Z",
    "user": 1,
    "content_type": 20,
    "object_id": "3",
    "object_repr": "Красота и уход",
    "action_flag": 1,
    "change_message": "[{\"added\": {}}]"
  }
},
{
  "model": "admin.logentry",
  "pk": 218,
  "fields": {
    "action_time": "2024-04-18T08:04:34.000Z",
    "user": 1,
    "content_type": 20,
    "object_id": "4",
    "object_repr": "Услуги",
    "action_flag": 1,
    "change_message": "[{\"added\": {}}]"
  }
},
{
  "model": "admin.logentry",
  "pk": 219,
  "fields": {
    "action_time": "2024-04-18T08:08:07.227Z",
    "user": 1,
    "content_type": 8,
    "object_id": "12",
    "object_repr": "Молочные продукты",
    "action_flag": 2,
    "change_message": "[{\"changed\": {\"fields\": [\"\\u0413\\u0440\\u0443\\u043f\\u043f\\u0438\\u0440\\u043e\\u0432\\u043a\\u0430 \\u043a\\u0430\\u0442\\u0435\\u0433\\u043e\\u0440\\u0438\\u0439\"]}}]"
  }
},
{
  "model": "admin.logentry",
  "pk": 220,
  "fields": {
    "action_time": "2024-04-18T08:10:01.866Z",
    "user": 1,
    "content_type": 8,
    "object_id": "12",
    "object_repr": "Молочные продукты",
    "action_flag": 2,
    "change_message": "[{\"changed\": {\"fields\": [\"\\u0413\\u0440\\u0443\\u043f\\u043f\\u0438\\u0440\\u043e\\u0432\\u043a\\u0430 \\u043a\\u0430\\u0442\\u0435\\u0433\\u043e\\u0440\\u0438\\u0439\"]}}]"
  }
},
{
  "model": "admin.logentry",
  "pk": 221,
  "fields": {
    "action_time": "2024-04-19T15:08:14.969Z",
    "user": 1,
    "content_type": 8,
    "object_id": "7",
    "object_repr": "Игрушки",
    "action_flag": 2,
    "change_message": "[{\"changed\": {\"fields\": [\"\\u0413\\u0440\\u0443\\u043f\\u043f\\u0438\\u0440\\u043e\\u0432\\u043a\\u0430 \\u043a\\u0430\\u0442\\u0435\\u0433\\u043e\\u0440\\u0438\\u0439\"]}}]"
  }
},
{
  "model": "admin.logentry",
  "pk": 222,
  "fields": {
    "action_time": "2024-04-19T15:15:38.371Z",
    "user": 1,
    "content_type": 7,
    "object_id": "3",
    "object_repr": "Игрушка Sonic до 3 лет",
    "action_flag": 2,
    "change_message": "[{\"changed\": {\"fields\": [\"\\u041e\\u0431\\u0449\\u0438\\u0435 \\u043a\\u0430\\u0442\\u0435\\u0433\\u043e\\u0440\\u0438\\u0438\"]}}]"
  }
},
{
  "model": "admin.logentry",
  "pk": 223,
  "fields": {
    "action_time": "2024-04-21T13:25:04.304Z",
    "user": 1,
    "content_type": 7,
    "object_id": "21",
    "object_repr": "Услуги сантехника",
    "action_flag": 1,
    "change_message": "[{\"added\": {}}]"
  }
},
{
  "model": "admin.logentry",
  "pk": 224,
  "fields": {
    "action_time": "2024-04-21T13:25:44.781Z",
    "user": 1,
    "content_type": 8,
    "object_id": "18",
    "object_repr": "Сантехника",
    "action_flag": 1,
    "change_message": "[{\"added\": {}}]"
  }
},
{
  "model": "admin.logentry",
  "pk": 225,
  "fields": {
    "action_time": "2024-04-21T13:26:30.620Z",
    "user": 1,
    "content_type": 7,
    "object_id": "21",
    "object_repr": "Услуги сантехника",
    "action_flag": 2,
    "change_message": "[{\"changed\": {\"fields\": [\"\\u041a\\u0430\\u0442\\u0435\\u0433\\u043e\\u0440\\u0438\\u044f\"]}}]"
  }
},
{
  "model": "admin.logentry",
  "pk": 226,
  "fields": {
    "action_time": "2024-04-21T13:27:40.053Z",
    "user": 1,
    "content_type": 9,
    "object_id": "14",
    "object_repr": "Магазин сантехники",
    "action_flag": 1,
    "change_message": "[{\"added\": {}}]"
  }
},
{
  "model": "admin.logentry",
  "pk": 227,
  "fields": {
    "action_time": "2024-04-21T13:29:31.989Z",
    "user": 1,
    "content_type": 12,
    "object_id": "27",
    "object_repr": "Магазин сантехники - Услуги сантехника - 2000.0",
    "action_flag": 1,
    "change_message": "[{\"added\": {}}]"
  }
},
{
  "model": "admin.logentry",
  "pk": 228,
  "fields": {
    "action_time": "2024-04-21T13:29:55.337Z",
    "user": 1,
    "content_type": 7,
    "object_id": "21",
    "object_repr": "Услуги сантехника",
    "action_flag": 2,
    "change_message": "[{\"changed\": {\"fields\": [\"\\u0418\\u0437\\u043e\\u0431\\u0440\\u0430\\u0436\\u0435\\u043d\\u0438\\u0435\"]}}]"
  }
},
{
  "model": "admin.logentry",
  "pk": 229,
  "fields": {
    "action_time": "2024-04-30T10:33:36.025Z",
    "user": 1,
    "content_type": 20,
    "object_id": "2",
    "object_repr": "Рестораны",
    "action_flag": 3,
    "change_message": ""
  }
},
{
  "model": "admin.logentry",
  "pk": 230,
  "fields": {
    "action_time": "2024-04-30T10:33:58.626Z",
    "user": 1,
    "content_type": 20,
    "object_id": "1",
    "object_repr": "Товары и продукты",
    "action_flag": 2,
    "change_message": "[]"
  }
},
{
  "model": "admin.logentry",
  "pk": 231,
  "fields": {
    "action_time": "2024-04-30T10:34:14.132Z",
    "user": 1,
    "content_type": 20,
    "object_id": "5",
    "object_repr": "Блюда",
    "action_flag": 1,
    "change_message": "[{\"added\": {}}]"
  }
},
{
  "model": "admin.logentry",
  "pk": 232,
  "fields": {
    "action_time": "2024-04-30T14:43:31.269Z",
    "user": 1,
    "content_type": 8,
    "object_id": "19",
    "object_repr": "Мясные блюда",
    "action_flag": 1,
    "change_message": "[{\"added\": {}}]"
  }
},
{
  "model": "admin.logentry",
  "pk": 233,
  "fields": {
    "action_time": "2024-04-30T14:43:55.055Z",
    "user": 1,
    "content_type": 7,
    "object_id": "19",
    "object_repr": "Стейк Тибон 400 гр.",
    "action_flag": 2,
    "change_message": "[{\"changed\": {\"fields\": [\"\\u041a\\u0430\\u0442\\u0435\\u0433\\u043e\\u0440\\u0438\\u044f\"]}}]"
  }
},
{
  "model": "admin.logentry",
  "pk": 234,
  "fields": {
    "action_time": "2024-04-30T14:44:01.726Z",
    "user": 1,
    "content_type": 7,
    "object_id": "20",
    "object_repr": "Бургер от Шеф повара ресторана",
    "action_flag": 2,
    "change_message": "[{\"changed\": {\"fields\": [\"\\u041a\\u0430\\u0442\\u0435\\u0433\\u043e\\u0440\\u0438\\u044f\"]}}]"
  }
},
{
  "model": "admin.logentry",
  "pk": 235,
  "fields": {
    "action_time": "2024-05-01T14:02:41.520Z",
    "user": 1,
    "content_type": 9,
    "object_id": "2",
    "object_repr": "Магазин Svoy",
    "action_flag": 2,
    "change_message": "[{\"changed\": {\"fields\": [\"\\u041c\\u0435\\u0442\\u043e\\u0434\\u044b \\u0434\\u043e\\u0441\\u0442\\u0430\\u0432\\u043a\\u0438\"]}}]"
  }
},
{
  "model": "admin.logentry",
  "pk": 236,
  "fields": {
    "action_time": "2024-05-01T14:03:19.873Z",
    "user": 1,
    "content_type": 9,
    "object_id": "13",
    "object_repr": "Aura на Мангилик ел",
    "action_flag": 2,
    "change_message": "[{\"changed\": {\"fields\": [\"\\u0422\\u0438\\u043f \\u0442\\u043e\\u0440\\u0433\\u043e\\u0432\\u043e\\u0439 \\u0442\\u043e\\u0447\\u043a\\u0438\"]}}]"
  }
},
{
  "model": "admin.logentry",
  "pk": 237,
  "fields": {
    "action_time": "2024-05-03T09:56:15.965Z",
    "user": 1,
    "content_type": 21,
    "object_id": "1",
    "object_repr": "Сайдалиев Тайман - Первое, что бросаетс - 5",
    "action_flag": 1,
    "change_message": "[{\"added\": {}}]"
  }
},
{
  "model": "admin.logentry",
  "pk": 238,
  "fields": {
    "action_time": "2024-05-03T09:56:48.789Z",
    "user": 1,
    "content_type": 21,
    "object_id": "2",
    "object_repr": "Алтынай Тургамнбаева - На сайте представлен - 5",
    "action_flag": 1,
    "change_message": "[{\"added\": {}}]"
  }
},
{
  "model": "admin.logentry",
  "pk": 239,
  "fields": {
    "action_time": "2024-05-03T09:57:35.737Z",
    "user": 1,
    "content_type": 21,
    "object_id": "3",
    "object_repr": "Айдос Демеуов - Сайт также предостав - 5",
    "action_flag": 1,
    "change_message": "[{\"added\": {}}]"
  }
},
{
  "model": "admin.logentry",
  "pk": 240,
  "fields": {
    "action_time": "2024-05-03T10:54:55.587Z",
    "user": 1,
    "content_type": 22,
    "object_id": "1",
    "object_repr": "Аккордеон FAQ",
    "action_flag": 1,
    "change_message": "[{\"added\": {}}]"
  }
},
{
  "model": "admin.logentry",
  "pk": 241,
  "fields": {
    "action_time": "2024-05-03T10:55:04.463Z",
    "user": 1,
    "content_type": 22,
    "object_id": "2",
    "object_repr": "Categories",
    "action_flag": 1,
    "change_message": "[{\"added\": {}}]"
  }
},
{
  "model": "admin.logentry",
  "pk": 242,
  "fields": {
    "action_time": "2024-05-03T10:55:15.227Z",
    "user": 1,
    "content_type": 22,
    "object_id": "3",
    "object_repr": "Simple FAQ",
    "action_flag": 1,
    "change_message": "[{\"added\": {}}]"
  }
},
{
  "model": "admin.logentry",
  "pk": 243,
  "fields": {
    "action_time": "2024-05-03T11:01:50.572Z",
    "user": 1,
    "content_type": 22,
    "object_id": "1",
    "object_repr": "Как я могу отслеживать свой заказ?",
    "action_flag": 2,
    "change_message": "[{\"changed\": {\"fields\": [\"\\u0412\\u043e\\u043f\\u0440\\u043e\\u0441\", \"\\u041e\\u0442\\u0432\\u0435\\u0442\"]}}]"
  }
},
{
  "model": "admin.logentry",
  "pk": 244,
  "fields": {
    "action_time": "2024-05-03T11:01:57.196Z",
    "user": 1,
    "content_type": 22,
    "object_id": "2",
    "object_repr": "Какие способы оплаты вы принимаете?",
    "action_flag": 2,
    "change_message": "[{\"changed\": {\"fields\": [\"\\u0412\\u043e\\u043f\\u0440\\u043e\\u0441\", \"\\u041e\\u0442\\u0432\\u0435\\u0442\"]}}]"
  }
},
{
  "model": "admin.logentry",
  "pk": 245,
  "fields": {
    "action_time": "2024-05-03T11:02:04.407Z",
    "user": 1,
    "content_type": 22,
    "object_id": "3",
    "object_repr": "Могу ли я изменить или отменить заказ после его оформления?",
    "action_flag": 2,
    "change_message": "[{\"changed\": {\"fields\": [\"\\u0412\\u043e\\u043f\\u0440\\u043e\\u0441\", \"\\u041e\\u0442\\u0432\\u0435\\u0442\"]}}]"
  }
},
{
  "model": "admin.logentry",
  "pk": 246,
  "fields": {
    "action_time": "2024-05-03T11:02:10.407Z",
    "user": 1,
    "content_type": 22,
    "object_id": "4",
    "object_repr": "Какие условия возврата товара?",
    "action_flag": 1,
    "change_message": "[{\"added\": {}}]"
  }
},
{
  "model": "admin.logentry",
  "pk": 247,
  "fields": {
    "action_time": "2024-05-03T11:02:16.213Z",
    "user": 1,
    "content_type": 22,
    "object_id": "5",
    "object_repr": "Каковы сроки доставки?",
    "action_flag": 1,
    "change_message": "[{\"added\": {}}]"
  }
},
{
  "model": "admin.logentry",
  "pk": 248,
  "fields": {
    "action_time": "2024-05-03T11:02:22.839Z",
    "user": 1,
    "content_type": 22,
    "object_id": "6",
    "object_repr": "Как мне узнать размеры одежды или обуви?",
    "action_flag": 1,
    "change_message": "[{\"added\": {}}]"
  }
},
{
  "model": "admin.logentry",
  "pk": 249,
  "fields": {
    "action_time": "2024-05-03T11:02:30.600Z",
    "user": 1,
    "content_type": 22,
    "object_id": "7",
    "object_repr": "Что делать, если полученный товар поврежден?",
    "action_flag": 1,
    "change_message": "[{\"added\": {}}]"
  }
},
{
  "model": "admin.logentry",
  "pk": 250,
  "fields": {
    "action_time": "2024-05-03T12:03:05.476Z",
    "user": 1,
    "content_type": 23,
    "object_id": "7",
    "object_repr": "Новое сообщение",
    "action_flag": 3,
    "change_message": ""
  }
},
{
  "model": "admin.logentry",
  "pk": 251,
  "fields": {
    "action_time": "2024-05-03T12:03:05.484Z",
    "user": 1,
    "content_type": 23,
    "object_id": "6",
    "object_repr": "asdfasdf",
    "action_flag": 3,
    "change_message": ""
  }
},
{
  "model": "admin.logentry",
  "pk": 252,
  "fields": {
    "action_time": "2024-05-03T12:03:05.488Z",
    "user": 1,
    "content_type": 23,
    "object_id": "5",
    "object_repr": "Вопрос 1",
    "action_flag": 3,
    "change_message": ""
  }
},
{
  "model": "admin.logentry",
  "pk": 253,
  "fields": {
    "action_time": "2024-05-03T12:03:05.491Z",
    "user": 1,
    "content_type": 23,
    "object_id": "4",
    "object_repr": "Вопрос 1",
    "action_flag": 3,
    "change_message": ""
  }
},
{
  "model": "admin.logentry",
  "pk": 254,
  "fields": {
    "action_time": "2024-05-03T12:03:05.494Z",
    "user": 1,
    "content_type": 23,
    "object_id": "3",
    "object_repr": "Вопрос 1",
    "action_flag": 3,
    "change_message": ""
  }
},
{
  "model": "admin.logentry",
  "pk": 255,
  "fields": {
    "action_time": "2024-05-03T12:03:05.498Z",
    "user": 1,
    "content_type": 23,
    "object_id": "2",
    "object_repr": "Вопрос 1",
    "action_flag": 3,
    "change_message": ""
  }
},
{
  "model": "admin.logentry",
  "pk": 256,
  "fields": {
    "action_time": "2024-05-03T12:25:57.697Z",
    "user": 1,
    "content_type": 24,
    "object_id": "1",
    "object_repr": "taimansaidaliev@gmail.com",
    "action_flag": 1,
    "change_message": "[{\"added\": {}}]"
  }
},
{
  "model": "admin.logentry",
  "pk": 257,
  "fields": {
    "action_time": "2024-05-03T12:41:13.882Z",
    "user": 1,
    "content_type": 25,
    "object_id": "1",
    "object_repr": "Новая страница",
    "action_flag": 1,
    "change_message": "[{\"added\": {}}]"
  }
},
{
  "model": "admin.logentry",
  "pk": 258,
  "fields": {
    "action_time": "2024-05-03T12:47:32.744Z",
    "user": 1,
    "content_type": 25,
    "object_id": "1",
    "object_repr": "Новая страница",
    "action_flag": 2,
    "change_message": "[{\"changed\": {\"fields\": [\"\\u041a\\u043e\\u043d\\u0442\\u0435\\u043d\\u0442\"]}}]"
  }
},
{
  "model": "admin.logentry",
  "pk": 259,
  "fields": {
    "action_time": "2024-05-03T12:47:37.529Z",
    "user": 1,
    "content_type": 25,
    "object_id": "1",
    "object_repr": "Новая страница",
    "action_flag": 2,
    "change_message": "[{\"changed\": {\"fields\": [\"\\u041a\\u043e\\u043d\\u0442\\u0435\\u043d\\u0442\"]}}]"
  }
},
{
  "model": "admin.logentry",
  "pk": 260,
  "fields": {
    "action_time": "2024-05-03T13:00:05.005Z",
    "user": 1,
    "content_type": 25,
    "object_id": "1",
    "object_repr": "Новая страница",
    "action_flag": 2,
    "change_message": "[{\"changed\": {\"fields\": [\"\\u041a\\u043e\\u043d\\u0442\\u0435\\u043d\\u0442\"]}}]"
  }
},
{
  "model": "admin.logentry",
  "pk": 261,
  "fields": {
    "action_time": "2024-05-03T13:50:32.465Z",
    "user": 1,
    "content_type": 25,
    "object_id": "1",
    "object_repr": "Новая страница",
    "action_flag": 2,
    "change_message": "[{\"changed\": {\"fields\": [\"\\u041a\\u043e\\u043d\\u0442\\u0435\\u043d\\u0442\"]}}]"
  }
},
{
  "model": "admin.logentry",
  "pk": 262,
  "fields": {
    "action_time": "2024-05-03T13:50:50.097Z",
    "user": 1,
    "content_type": 25,
    "object_id": "1",
    "object_repr": "Новая страница",
    "action_flag": 2,
    "change_message": "[{\"changed\": {\"fields\": [\"\\u041a\\u043e\\u043d\\u0442\\u0435\\u043d\\u0442\"]}}]"
  }
},
{
  "model": "admin.logentry",
  "pk": 263,
  "fields": {
    "action_time": "2024-05-03T14:02:41.105Z",
    "user": 1,
    "content_type": 18,
    "object_id": "6",
    "object_repr": "Акция 6",
    "action_flag": 2,
    "change_message": "[{\"changed\": {\"fields\": [\"\\u0421\\u0441\\u044b\\u043b\\u043a\\u0430\"]}}]"
  }
},
{
  "model": "admin.logentry",
  "pk": 264,
  "fields": {
    "action_time": "2024-05-03T14:03:23.662Z",
    "user": 1,
    "content_type": 18,
    "object_id": "6",
    "object_repr": "Акция 6",
    "action_flag": 2,
    "change_message": "[{\"changed\": {\"fields\": [\"\\u0421\\u0441\\u044b\\u043b\\u043a\\u0430\"]}}]"
  }
},
{
  "model": "admin.logentry",
  "pk": 265,
  "fields": {
    "action_time": "2024-05-03T14:04:32.145Z",
    "user": 1,
    "content_type": 18,
    "object_id": "6",
    "object_repr": "Акция 6",
    "action_flag": 2,
    "change_message": "[{\"changed\": {\"fields\": [\"\\u041e\\u043f\\u0438\\u0441\\u0430\\u043d\\u0438\\u0435\"]}}]"
  }
},
{
  "model": "admin.logentry",
  "pk": 266,
  "fields": {
    "action_time": "2024-05-04T06:45:50.868Z",
    "user": 1,
    "content_type": 26,
    "object_id": "1",
    "object_repr": "Информационный портал с подбором ресторанов и магазинов вашего города.",
    "action_flag": 1,
    "change_message": "[{\"added\": {}}]"
  }
},
{
  "model": "admin.logentry",
  "pk": 267,
  "fields": {
    "action_time": "2024-05-04T06:47:18.562Z",
    "user": 1,
    "content_type": 26,
    "object_id": "1",
    "object_repr": "Информационный портал с подбором ресторанов и магазинов вашего города.",
    "action_flag": 2,
    "change_message": "[{\"changed\": {\"fields\": [\"\\u0418\\u0437\\u043e\\u0431\\u0440\\u0430\\u0436\\u0435\\u043d\\u0438\\u0435 \\u043f\\u0435\\u0440\\u0432\\u043e\\u0433\\u043e \\u0431\\u043b\\u043e\\u043a\\u0430\", \"\\u0418\\u0437\\u043e\\u0431\\u0440\\u0430\\u0436\\u0435\\u043d\\u0438\\u0435 \\u0432\\u0442\\u043e\\u0440\\u043e\\u0433\\u043e \\u0431\\u043b\\u043e\\u043a\\u0430\", \"\\u0418\\u0437\\u043e\\u0431\\u0440\\u0430\\u0436\\u0435\\u043d\\u0438\\u0435 \\u0442\\u0440\\u0435\\u0442\\u044c\\u0435\\u0433\\u043e \\u0431\\u043b\\u043e\\u043a\\u0430\", \"\\u0418\\u0437\\u043e\\u0431\\u0440\\u0430\\u0436\\u0435\\u043d\\u0438\\u0435 \\u0430\\u0432\\u0442\\u043e\\u0440\\u0430\"]}}]"
  }
},
{
  "model": "admin.logentry",
  "pk": 268,
  "fields": {
    "action_time": "2024-05-04T07:03:28.741Z",
    "user": 1,
    "content_type": 26,
    "object_id": "1",
    "object_repr": "Информационный портал с подбором ресторанов и магазинов вашего города.",
    "action_flag": 2,
    "change_message": "[{\"changed\": {\"fields\": [\"\\u041d\\u0430\\u043f\\u0438\\u0441\\u044c \\u043f\\u0435\\u0440\\u0432\\u043e\\u0433\\u043e \\u0431\\u043b\\u043e\\u043a\\u0430\"]}}]"
  }
},
{
  "model": "admin.logentry",
  "pk": 269,
  "fields": {
    "action_time": "2024-05-04T07:03:33.830Z",
    "user": 1,
    "content_type": 26,
    "object_id": "1",
    "object_repr": "Информационный портал с подбором ресторанов и магазинов вашего города.",
    "action_flag": 2,
    "change_message": "[{\"changed\": {\"fields\": [\"\\u041d\\u0430\\u043f\\u0438\\u0441\\u044c \\u043f\\u0435\\u0440\\u0432\\u043e\\u0433\\u043e \\u0431\\u043b\\u043e\\u043a\\u0430\"]}}]"
  }
},
{
  "model": "admin.logentry",
  "pk": 270,
  "fields": {
    "action_time": "2024-05-04T07:06:12.242Z",
    "user": 1,
    "content_type": 21,
    "object_id": "1",
    "object_repr": "Сайдалиев Тайман - Первое, что бросаетс - 5",
    "action_flag": 2,
    "change_message": "[{\"changed\": {\"fields\": [\"\\u041d\\u0430\\u0434\\u043f\\u0438\\u0441\\u044c\"]}}]"
  }
},
{
  "model": "admin.logentry",
  "pk": 271,
  "fields": {
    "action_time": "2024-05-04T07:06:23.726Z",
    "user": 1,
    "content_type": 21,
    "object_id": "3",
    "object_repr": "Айдос Демеуов - Сайт также предостав - 5",
    "action_flag": 2,
    "change_message": "[{\"changed\": {\"fields\": [\"\\u041d\\u0430\\u0434\\u043f\\u0438\\u0441\\u044c\"]}}]"
  }
},
{
  "model": "admin.logentry",
  "pk": 272,
  "fields": {
    "action_time": "2024-05-04T07:06:33.010Z",
    "user": 1,
    "content_type": 21,
    "object_id": "2",
    "object_repr": "Алтынай Тургамнбаева - На сайте представлен - 5",
    "action_flag": 2,
    "change_message": "[{\"changed\": {\"fields\": [\"\\u041d\\u0430\\u0434\\u043f\\u0438\\u0441\\u044c\"]}}]"
  }
},
{
  "model": "admin.logentry",
  "pk": 273,
  "fields": {
    "action_time": "2024-05-04T07:59:11.202Z",
    "user": 1,
    "content_type": 27,
    "object_id": "1",
    "object_repr": "Скидка на ПП Бургер",
    "action_flag": 1,
    "change_message": "[{\"added\": {}}]"
  }
},
{
  "model": "admin.logentry",
  "pk": 274,
  "fields": {
    "action_time": "2024-05-04T08:00:59.943Z",
    "user": 1,
    "content_type": 27,
    "object_id": "1",
    "object_repr": "Скидка на ПП Бургер",
    "action_flag": 2,
    "change_message": "[{\"changed\": {\"fields\": [\"\\u0418\\u0437\\u043e\\u0431\\u0440\\u0430\\u0436\\u0435\\u043d\\u0438\\u0435 \\u043d\\u0430 \\u0444\\u043e\\u043d\"]}}]"
  }
},
{
  "model": "admin.logentry",
  "pk": 275,
  "fields": {
    "action_time": "2024-05-04T08:06:40.871Z",
    "user": 1,
    "content_type": 27,
    "object_id": "1",
    "object_repr": "Скидка на ПП Бургер",
    "action_flag": 2,
    "change_message": "[{\"changed\": {\"fields\": [\"\\u041f\\u043e\\u0434\\u043f\\u0438\\u0441\\u044c\"]}}]"
  }
},
{
  "model": "admin.logentry",
  "pk": 276,
  "fields": {
    "action_time": "2024-05-04T09:10:24.226Z",
    "user": 1,
    "content_type": 9,
    "object_id": "14",
    "object_repr": "Магазин сантехники",
    "action_flag": 2,
    "change_message": "[{\"changed\": {\"fields\": [\"\\u041f\\u043e\\u0440\\u044f\\u0434\\u043e\\u043a \\u0441\\u043e\\u0440\\u0442\\u0438\\u0440\\u043e\\u0432\\u043a\\u0438\"]}}]"
  }
},
{
  "model": "admin.logentry",
  "pk": 277,
  "fields": {
    "action_time": "2024-05-04T09:10:27.374Z",
    "user": 1,
    "content_type": 9,
    "object_id": "13",
    "object_repr": "Aura на Мангилик ел",
    "action_flag": 2,
    "change_message": "[{\"changed\": {\"fields\": [\"\\u041f\\u043e\\u0440\\u044f\\u0434\\u043e\\u043a \\u0441\\u043e\\u0440\\u0442\\u0438\\u0440\\u043e\\u0432\\u043a\\u0438\"]}}]"
  }
},
{
  "model": "admin.logentry",
  "pk": 278,
  "fields": {
    "action_time": "2024-05-04T09:10:30.292Z",
    "user": 1,
    "content_type": 9,
    "object_id": "4",
    "object_repr": "Анвар",
    "action_flag": 2,
    "change_message": "[{\"changed\": {\"fields\": [\"\\u041f\\u043e\\u0440\\u044f\\u0434\\u043e\\u043a \\u0441\\u043e\\u0440\\u0442\\u0438\\u0440\\u043e\\u0432\\u043a\\u0438\"]}}]"
  }
},
{
  "model": "admin.logentry",
  "pk": 279,
  "fields": {
    "action_time": "2024-05-04T09:10:33.474Z",
    "user": 1,
    "content_type": 9,
    "object_id": "7",
    "object_repr": "Инабат",
    "action_flag": 2,
    "change_message": "[{\"changed\": {\"fields\": [\"\\u041f\\u043e\\u0440\\u044f\\u0434\\u043e\\u043a \\u0441\\u043e\\u0440\\u0442\\u0438\\u0440\\u043e\\u0432\\u043a\\u0438\"]}}]"
  }
},
{
  "model": "admin.logentry",
  "pk": 280,
  "fields": {
    "action_time": "2024-05-04T09:12:16.750Z",
    "user": 1,
    "content_type": 9,
    "object_id": "13",
    "object_repr": "Aura на Мангилик ел",
    "action_flag": 2,
    "change_message": "[{\"changed\": {\"fields\": [\"\\u041f\\u043e\\u0440\\u044f\\u0434\\u043e\\u043a \\u0441\\u043e\\u0440\\u0442\\u0438\\u0440\\u043e\\u0432\\u043a\\u0438\"]}}]"
  }
},
{
  "model": "admin.logentry",
  "pk": 281,
  "fields": {
    "action_time": "2024-05-04T09:21:39.424Z",
    "user": 1,
    "content_type": 25,
    "object_id": "2",
    "object_repr": "О компании",
    "action_flag": 1,
    "change_message": "[{\"added\": {}}]"
  }
},
{
  "model": "admin.logentry",
  "pk": 282,
  "fields": {
    "action_time": "2024-05-04T09:22:56.912Z",
    "user": 1,
    "content_type": 25,
    "object_id": "2",
    "object_repr": "О компании",
    "action_flag": 2,
    "change_message": "[{\"changed\": {\"fields\": [\"\\u041a\\u043e\\u043d\\u0442\\u0435\\u043d\\u0442\"]}}]"
  }
},
{
  "model": "admin.logentry",
  "pk": 283,
  "fields": {
    "action_time": "2024-05-04T09:27:45.353Z",
    "user": 1,
    "content_type": 25,
    "object_id": "3",
    "object_repr": "Наша команда",
    "action_flag": 1,
    "change_message": "[{\"added\": {}}]"
  }
},
{
  "model": "admin.logentry",
  "pk": 284,
  "fields": {
    "action_time": "2024-05-04T09:28:11.470Z",
    "user": 1,
    "content_type": 25,
    "object_id": "3",
    "object_repr": "Наша команда",
    "action_flag": 2,
    "change_message": "[{\"changed\": {\"fields\": [\"\\u041a\\u043e\\u043d\\u0442\\u0435\\u043d\\u0442\"]}}]"
  }
},
{
  "model": "admin.logentry",
  "pk": 285,
  "fields": {
    "action_time": "2024-05-04T09:28:48.327Z",
    "user": 1,
    "content_type": 25,
    "object_id": "3",
    "object_repr": "Наша команда",
    "action_flag": 2,
    "change_message": "[{\"changed\": {\"fields\": [\"\\u041a\\u043e\\u043d\\u0442\\u0435\\u043d\\u0442\"]}}]"
  }
},
{
  "model": "admin.logentry",
  "pk": 286,
  "fields": {
    "action_time": "2024-05-04T09:29:58.460Z",
    "user": 1,
    "content_type": 25,
    "object_id": "3",
    "object_repr": "Наша команда",
    "action_flag": 2,
    "change_message": "[{\"changed\": {\"fields\": [\"\\u041a\\u043e\\u043d\\u0442\\u0435\\u043d\\u0442\"]}}]"
  }
},
{
  "model": "admin.logentry",
  "pk": 287,
  "fields": {
    "action_time": "2024-05-11T11:42:54.427Z",
    "user": 1,
    "content_type": 7,
    "object_id": "1",
    "object_repr": "Свежая курица 1кг",
    "action_flag": 2,
    "change_message": "[{\"changed\": {\"fields\": [\"\\u0418\\u0437\\u043e\\u0431\\u0440\\u0430\\u0436\\u0435\\u043d\\u0438\\u0435\"]}}]"
  }
},
{
  "model": "admin.logentry",
  "pk": 288,
  "fields": {
    "action_time": "2024-05-11T11:44:43.572Z",
    "user": 1,
    "content_type": 10,
    "object_id": "1",
    "object_repr": "г. Атырау",
    "action_flag": 2,
    "change_message": "[{\"changed\": {\"fields\": [\"\\u0428\\u0438\\u0440\\u0438\\u043d\\u0430\", \"\\u0414\\u043e\\u043b\\u0433\\u043e\\u0442\\u0430\"]}}]"
  }
},
{
  "model": "admin.logentry",
  "pk": 289,
  "fields": {
    "action_time": "2024-05-11T11:51:36.450Z",
    "user": 1,
    "content_type": 9,
    "object_id": "4",
    "object_repr": "Анвар",
    "action_flag": 2,
    "change_message": "[{\"changed\": {\"fields\": [\"\\u0428\\u0438\\u0440\\u0438\\u043d\\u0430\", \"\\u0414\\u043e\\u043b\\u0433\\u043e\\u0442\\u0430\"]}}]"
  }
},
{
  "model": "admin.logentry",
  "pk": 290,
  "fields": {
    "action_time": "2024-05-11T11:53:36.033Z",
    "user": 1,
    "content_type": 9,
    "object_id": "4",
    "object_repr": "Анвар",
    "action_flag": 2,
    "change_message": "[{\"changed\": {\"fields\": [\"\\u0414\\u043e\\u043b\\u0433\\u043e\\u0442\\u0430\"]}}]"
  }
},
{
  "model": "admin.logentry",
  "pk": 291,
  "fields": {
    "action_time": "2024-05-11T12:06:05.127Z",
    "user": 1,
    "content_type": 12,
    "object_id": "28",
    "object_repr": "Анвар - Свежая курица 1кг - 2900.0",
    "action_flag": 1,
    "change_message": "[{\"added\": {}}]"
  }
},
{
  "model": "admin.logentry",
  "pk": 292,
  "fields": {
    "action_time": "2024-05-11T12:10:49.415Z",
    "user": 1,
    "content_type": 18,
    "object_id": "5",
    "object_repr": "Акция 5",
    "action_flag": 2,
    "change_message": "[{\"changed\": {\"fields\": [\"\\u0413\\u043e\\u0440\\u043e\\u0434\"]}}]"
  }
},
{
  "model": "admin.logentry",
  "pk": 293,
  "fields": {
    "action_time": "2024-05-11T12:10:53.254Z",
    "user": 1,
    "content_type": 18,
    "object_id": "4",
    "object_repr": "Акция 4",
    "action_flag": 2,
    "change_message": "[{\"changed\": {\"fields\": [\"\\u0413\\u043e\\u0440\\u043e\\u0434\"]}}]"
  }
},
{
  "model": "admin.logentry",
  "pk": 294,
  "fields": {
    "action_time": "2024-05-11T12:10:55.899Z",
    "user": 1,
    "content_type": 18,
    "object_id": "4",
    "object_repr": "Акция 4",
    "action_flag": 2,
    "change_message": "[]"
  }
},
{
  "model": "admin.logentry",
  "pk": 295,
  "fields": {
    "action_time": "2024-05-11T12:10:58.630Z",
    "user": 1,
    "content_type": 18,
    "object_id": "6",
    "object_repr": "Акция 6",
    "action_flag": 2,
    "change_message": "[{\"changed\": {\"fields\": [\"\\u0413\\u043e\\u0440\\u043e\\u0434\"]}}]"
  }
},
{
  "model": "admin.logentry",
  "pk": 296,
  "fields": {
    "action_time": "2024-05-11T12:11:01.576Z",
    "user": 1,
    "content_type": 18,
    "object_id": "3",
    "object_repr": "Акция 1",
    "action_flag": 2,
    "change_message": "[{\"changed\": {\"fields\": [\"\\u0413\\u043e\\u0440\\u043e\\u0434\"]}}]"
  }
},
{
  "model": "admin.logentry",
  "pk": 297,
  "fields": {
    "action_time": "2024-05-11T12:11:04.177Z",
    "user": 1,
    "content_type": 18,
    "object_id": "2",
    "object_repr": "Акция 2",
    "action_flag": 2,
    "change_message": "[{\"changed\": {\"fields\": [\"\\u0413\\u043e\\u0440\\u043e\\u0434\"]}}]"
  }
},
{
  "model": "admin.logentry",
  "pk": 298,
  "fields": {
    "action_time": "2024-05-11T12:11:06.619Z",
    "user": 1,
    "content_type": 18,
    "object_id": "1",
    "object_repr": "Акция 3",
    "action_flag": 2,
    "change_message": "[{\"changed\": {\"fields\": [\"\\u0413\\u043e\\u0440\\u043e\\u0434\"]}}]"
  }
},
{
  "model": "admin.logentry",
  "pk": 299,
  "fields": {
    "action_time": "2024-05-11T12:13:46.500Z",
    "user": 1,
    "content_type": 18,
    "object_id": "3",
    "object_repr": "Акция 1",
    "action_flag": 2,
    "change_message": "[{\"changed\": {\"fields\": [\"\\u041e\\u043f\\u0438\\u0441\\u0430\\u043d\\u0438\\u0435\"]}}]"
  }
},
{
  "model": "admin.logentry",
  "pk": 300,
  "fields": {
    "action_time": "2024-05-11T12:17:58.641Z",
    "user": 1,
    "content_type": 10,
    "object_id": "2",
    "object_repr": "г. Астана",
    "action_flag": 2,
    "change_message": "[{\"changed\": {\"fields\": [\"\\u0417\\u0443\\u043c\"]}}]"
  }
},
{
  "model": "admin.logentry",
  "pk": 301,
  "fields": {
    "action_time": "2024-05-11T12:18:14.977Z",
    "user": 1,
    "content_type": 10,
    "object_id": "2",
    "object_repr": "г. Астана",
    "action_flag": 2,
    "change_message": "[{\"changed\": {\"fields\": [\"\\u0417\\u0443\\u043c\"]}}]"
  }
},
{
  "model": "admin.logentry",
  "pk": 302,
  "fields": {
    "action_time": "2024-05-11T12:19:16.772Z",
    "user": 1,
    "content_type": 12,
    "object_id": "29",
    "object_repr": "Анвар - Айран на разлив 2л - 880.0",
    "action_flag": 1,
    "change_message": "[{\"added\": {}}]"
  }
},
{
  "model": "admin.logentry",
  "pk": 303,
  "fields": {
    "action_time": "2024-05-13T05:05:25.395Z",
    "user": 1,
    "content_type": 25,
    "object_id": "4",
    "object_repr": "Робокасса",
    "action_flag": 1,
    "change_message": "[{\"added\": {}}]"
  }
},
{
  "model": "admin.logentry",
  "pk": 304,
  "fields": {
    "action_time": "2024-05-13T05:23:19.506Z",
    "user": 1,
    "content_type": 12,
    "object_id": "30",
    "object_repr": "Береке - Молоко козьем на разлив 1л - 4900.0",
    "action_flag": 1,
    "change_message": "[{\"added\": {}}]"
  }
},
{
  "model": "admin.logentry",
  "pk": 305,
  "fields": {
    "action_time": "2024-05-13T06:06:01.230Z",
    "user": 1,
    "content_type": 25,
    "object_id": "1",
    "object_repr": "Стать партнером",
    "action_flag": 2,
    "change_message": "[{\"changed\": {\"fields\": [\"\\u041d\\u0430\\u0437\\u0432\\u0430\\u043d\\u0438\\u0435\", \"Slug\"]}}]"
  }
},
{
  "model": "admin.logentry",
  "pk": 306,
  "fields": {
    "action_time": "2024-05-13T06:07:20.364Z",
    "user": 1,
    "content_type": 25,
    "object_id": "5",
    "object_repr": "Карьера",
    "action_flag": 1,
    "change_message": "[{\"added\": {}}]"
  }
},
{
  "model": "admin.logentry",
  "pk": 307,
  "fields": {
    "action_time": "2024-05-14T05:59:23.596Z",
    "user": 1,
    "content_type": 18,
    "object_id": "7",
    "object_repr": "Акция 7",
    "action_flag": 1,
    "change_message": "[{\"added\": {}}]"
  }
},
{
  "model": "admin.logentry",
  "pk": 308,
  "fields": {
    "action_time": "2024-05-14T06:00:01.625Z",
    "user": 1,
    "content_type": 18,
    "object_id": "7",
    "object_repr": "Акция 7",
    "action_flag": 2,
    "change_message": "[{\"changed\": {\"fields\": [\"\\u0421\\u0441\\u044b\\u043b\\u043a\\u0430\"]}}]"
  }
},
{
  "model": "admin.logentry",
  "pk": 309,
  "fields": {
    "action_time": "2024-05-14T06:18:29.814Z",
    "user": 1,
    "content_type": 7,
    "object_id": "20",
    "object_repr": "Бургер от Шеф повара ресторана",
    "action_flag": 2,
    "change_message": "[{\"changed\": {\"fields\": [\"\\u041f\\u043e\\u043a\\u0430\\u0437\\u044b\\u0432\\u0430\\u0442\\u044c \\u0411\\u0416\\u0423\", \"\\u0411\\u0435\\u043b\\u043a\\u0438\", \"\\u0423\\u0433\\u043b\\u0435\\u0432\\u043e\\u0434\\u044b\", \"\\u0416\\u0438\\u0440\"]}}]"
  }
},
{
  "model": "admin.logentry",
  "pk": 310,
  "fields": {
    "action_time": "2024-05-14T06:28:35.016Z",
    "user": 1,
    "content_type": 7,
    "object_id": "10",
    "object_repr": "Ножки индейки 1 кг",
    "action_flag": 2,
    "change_message": "[{\"changed\": {\"fields\": [\"\\u041e\\u0431\\u0449\\u0438\\u0435 \\u043a\\u0430\\u0442\\u0435\\u0433\\u043e\\u0440\\u0438\\u0438\"]}}]"
  }
},
{
  "model": "admin.logentry",
  "pk": 311,
  "fields": {
    "action_time": "2024-05-14T06:28:59.494Z",
    "user": 1,
    "content_type": 12,
    "object_id": "31",
    "object_repr": "Береке - Ножки индейки 1 кг - 2900.0",
    "action_flag": 1,
    "change_message": "[{\"added\": {}}]"
  }
},
{
  "model": "admin.logentry",
  "pk": 312,
  "fields": {
    "action_time": "2024-05-14T06:29:24.799Z",
    "user": 1,
    "content_type": 12,
    "object_id": "32",
    "object_repr": "Инабат - Ножки индейки 1 кг - 3000.0",
    "action_flag": 1,
    "change_message": "[{\"added\": {}}]"
  }
},
{
  "model": "admin.logentry",
  "pk": 313,
  "fields": {
    "action_time": "2024-06-04T07:16:46.194Z",
    "user": 1,
    "content_type": 18,
    "object_id": "7",
    "object_repr": "Акция 7",
    "action_flag": 2,
    "change_message": "[{\"changed\": {\"fields\": [\"\\u041c\\u0430\\u0433\\u0430\\u0437\\u0438\\u043d\"]}}]"
  }
},
{
  "model": "admin.logentry",
  "pk": 314,
  "fields": {
    "action_time": "2024-06-07T10:18:12.261Z",
    "user": 1,
    "content_type": 26,
    "object_id": "1",
    "object_repr": "Информационный портал с подбором ресторанов и магазинов вашего города.",
    "action_flag": 2,
    "change_message": "[{\"changed\": {\"fields\": [\"\\u0418\\u0437\\u043e\\u0431\\u0440\\u0430\\u0436\\u0435\\u043d\\u0438\\u0435 \\u0431\\u043e\\u043b\\u044c\\u0448\\u043e\\u0435\"]}}]"
  }
},
{
  "model": "admin.logentry",
  "pk": 315,
  "fields": {
    "action_time": "2024-07-01T13:05:52.856Z",
    "user": 1,
    "content_type": 18,
    "object_id": "7",
    "object_repr": "Акция 7",
    "action_flag": 2,
    "change_message": "[{\"changed\": {\"fields\": [\"\\u0414\\u0430\\u0442\\u0430 \\u043e\\u043a\\u043e\\u043d\\u0447\\u0430\\u043d\\u0438\\u044f \\u0430\\u043a\\u0446\\u0438\\u0438\"]}}]"
  }
},
{
  "model": "admin.logentry",
  "pk": 316,
  "fields": {
    "action_time": "2024-07-01T13:20:37.751Z",
    "user": 1,
    "content_type": 9,
    "object_id": "6",
    "object_repr": "Omarket",
    "action_flag": 2,
    "change_message": "[{\"changed\": {\"fields\": [\"\\u041f\\u043e\\u0440\\u044f\\u0434\\u043e\\u043a \\u0441\\u043e\\u0440\\u0442\\u0438\\u0440\\u043e\\u0432\\u043a\\u0438\"]}}]"
  }
},
{
  "model": "admin.logentry",
  "pk": 317,
  "fields": {
    "action_time": "2024-07-01T14:15:55.508Z",
    "user": 1,
    "content_type": 9,
    "object_id": "14",
    "object_repr": "Магазин сантехники",
    "action_flag": 2,
    "change_message": "[{\"added\": {\"name\": \"\\u0418\\u0437\\u043e\\u0431\\u0440\\u0430\\u0436\\u0435\\u043d\\u0438\\u0435 \\u043c\\u0430\\u0433\\u0430\\u0437\\u0438\\u043d\\u0430\", \"object\": \"Image for \\u041c\\u0430\\u0433\\u0430\\u0437\\u0438\\u043d \\u0441\\u0430\\u043d\\u0442\\u0435\\u0445\\u043d\\u0438\\u043a\\u0438\"}}, {\"added\": {\"name\": \"\\u0418\\u0437\\u043e\\u0431\\u0440\\u0430\\u0436\\u0435\\u043d\\u0438\\u0435 \\u043c\\u0430\\u0433\\u0430\\u0437\\u0438\\u043d\\u0430\", \"object\": \"Image for \\u041c\\u0430\\u0433\\u0430\\u0437\\u0438\\u043d \\u0441\\u0430\\u043d\\u0442\\u0435\\u0445\\u043d\\u0438\\u043a\\u0438\"}}]"
  }
},
{
  "model": "admin.logentry",
  "pk": 318,
  "fields": {
    "action_time": "2024-07-01T14:16:06.491Z",
    "user": 1,
    "content_type": 9,
    "object_id": "14",
    "object_repr": "Магазин сантехники",
    "action_flag": 2,
    "change_message": "[{\"deleted\": {\"name\": \"\\u0418\\u0437\\u043e\\u0431\\u0440\\u0430\\u0436\\u0435\\u043d\\u0438\\u0435 \\u043c\\u0430\\u0433\\u0430\\u0437\\u0438\\u043d\\u0430\", \"object\": \"Image for \\u041c\\u0430\\u0433\\u0430\\u0437\\u0438\\u043d \\u0441\\u0430\\u043d\\u0442\\u0435\\u0445\\u043d\\u0438\\u043a\\u0438\"}}]"
  }
},
{
  "model": "admin.logentry",
  "pk": 319,
  "fields": {
    "action_time": "2024-07-01T14:16:15.341Z",
    "user": 1,
    "content_type": 9,
    "object_id": "14",
    "object_repr": "Магазин сантехники",
    "action_flag": 2,
    "change_message": "[{\"changed\": {\"name\": \"\\u0418\\u0437\\u043e\\u0431\\u0440\\u0430\\u0436\\u0435\\u043d\\u0438\\u0435 \\u043c\\u0430\\u0433\\u0430\\u0437\\u0438\\u043d\\u0430\", \"object\": \"Image for \\u041c\\u0430\\u0433\\u0430\\u0437\\u0438\\u043d \\u0441\\u0430\\u043d\\u0442\\u0435\\u0445\\u043d\\u0438\\u043a\\u0438\", \"fields\": [\"\\u0418\\u0437\\u043e\\u0431\\u0440\\u0430\\u0436\\u0435\\u043d\\u0438\\u0435\"]}}]"
  }
},
{
  "model": "admin.logentry",
  "pk": 320,
  "fields": {
    "action_time": "2024-07-01T14:16:37.493Z",
    "user": 1,
    "content_type": 9,
    "object_id": "14",
    "object_repr": "Магазин сантехники",
    "action_flag": 2,
    "change_message": "[{\"added\": {\"name\": \"\\u0418\\u0437\\u043e\\u0431\\u0440\\u0430\\u0436\\u0435\\u043d\\u0438\\u0435 \\u043c\\u0430\\u0433\\u0430\\u0437\\u0438\\u043d\\u0430\", \"object\": \"Image for \\u041c\\u0430\\u0433\\u0430\\u0437\\u0438\\u043d \\u0441\\u0430\\u043d\\u0442\\u0435\\u0445\\u043d\\u0438\\u043a\\u0438\"}}]"
  }
},
{
  "model": "admin.logentry",
  "pk": 321,
  "fields": {
    "action_time": "2024-07-01T16:37:31.099Z",
    "user": 1,
    "content_type": 9,
    "object_id": "14",
    "object_repr": "Магазин сантехники",
    "action_flag": 2,
    "change_message": "[{\"changed\": {\"fields\": [\"Instagram \\u041b\\u043e\\u0433\\u0438\\u043d\", \"\\u0421\\u0441\\u044b\\u043b\\u043a\\u0430 \\u043d\\u0430 \\u0441\\u0430\\u0439\\u0442\"]}}]"
  }
},
{
  "model": "admin.logentry",
  "pk": 322,
  "fields": {
    "action_time": "2024-07-01T16:43:05.257Z",
    "user": 1,
    "content_type": 9,
    "object_id": "14",
    "object_repr": "Магазин сантехники",
    "action_flag": 2,
    "change_message": "[{\"changed\": {\"fields\": [\"\\u0421\\u0441\\u044b\\u043b\\u043a\\u0430 \\u043d\\u0430 Youtube\"]}}]"
  }
},
{
  "model": "admin.logentry",
  "pk": 323,
  "fields": {
    "action_time": "2024-07-01T16:48:23.794Z",
    "user": 1,
    "content_type": 9,
    "object_id": "13",
    "object_repr": "Aura на Мангилик ел",
    "action_flag": 2,
    "change_message": "[{\"changed\": {\"fields\": [\"\\u0421\\u0441\\u044b\\u043b\\u043a\\u0430 \\u043d\\u0430 Youtube\"]}}]"
  }
},
{
  "model": "admin.logentry",
  "pk": 324,
  "fields": {
    "action_time": "2024-07-01T16:55:44.306Z",
    "user": 1,
    "content_type": 9,
    "object_id": "14",
    "object_repr": "Магазин сантехники",
    "action_flag": 2,
    "change_message": "[{\"changed\": {\"fields\": [\"Tiktok \\u041b\\u043e\\u0433\\u0438\\u043d\"]}}]"
  }
},
{
  "model": "admin.logentry",
  "pk": 325,
  "fields": {
    "action_time": "2024-07-12T15:47:48.998Z",
    "user": 1,
    "content_type": 31,
    "object_id": "1",
    "object_repr": "Сайдалиев Тайман - Хороший сервис. Спас - 5",
    "action_flag": 1,
    "change_message": "[{\"added\": {}}]"
  }
},
{
  "model": "admin.logentry",
  "pk": 326,
  "fields": {
    "action_time": "2024-07-12T17:01:18.762Z",
    "user": 1,
    "content_type": 18,
    "object_id": "7",
    "object_repr": "Акция 7",
    "action_flag": 2,
    "change_message": "[{\"changed\": {\"fields\": [\"\\u0414\\u0430\\u0442\\u0430 \\u043e\\u043a\\u043e\\u043d\\u0447\\u0430\\u043d\\u0438\\u044f \\u0430\\u043a\\u0446\\u0438\\u0438\"]}}]"
  }
},
{
  "model": "admin.logentry",
  "pk": 327,
  "fields": {
    "action_time": "2024-08-24T17:19:15.979Z",
    "user": 1,
    "content_type": 25,
    "object_id": "4",
    "object_repr": "Робокасса",
    "action_flag": 2,
    "change_message": "[]"
  }
},
{
  "model": "admin.logentry",
  "pk": 328,
  "fields": {
    "action_time": "2024-08-24T17:35:46.205Z",
    "user": 1,
    "content_type": 15,
    "object_id": "3",
    "object_repr": "Домашнее хозяйство",
    "action_flag": 2,
    "change_message": "[{\"changed\": {\"fields\": [\"\\u0422\\u0438\\u043f \\u0442\\u043e\\u0440\\u043e\\u0433\\u043e\\u0432\\u043e\\u0439 \\u0442\\u043e\\u0447\\u043a\\u0438\"]}}]"
  }
},
{
  "model": "admin.logentry",
  "pk": 329,
  "fields": {
    "action_time": "2024-08-24T17:35:47.718Z",
    "user": 1,
    "content_type": 15,
    "object_id": "2",
    "object_repr": "Ресторан",
    "action_flag": 2,
    "change_message": "[{\"changed\": {\"fields\": [\"\\u0422\\u0438\\u043f \\u0442\\u043e\\u0440\\u043e\\u0433\\u043e\\u0432\\u043e\\u0439 \\u0442\\u043e\\u0447\\u043a\\u0438\"]}}]"
  }
},
{
  "model": "admin.logentry",
  "pk": 330,
  "fields": {
    "action_time": "2024-08-24T17:36:03.169Z",
    "user": 1,
    "content_type": 15,
    "object_id": "3",
    "object_repr": "Ресторан",
    "action_flag": 2,
    "change_message": "[{\"changed\": {\"fields\": [\"\\u0422\\u0438\\u043f \\u0442\\u043e\\u0440\\u043e\\u0433\\u043e\\u0432\\u043e\\u0439 \\u0442\\u043e\\u0447\\u043a\\u0438\"]}}]"
  }
},
{
  "model": "admin.logentry",
  "pk": 331,
  "fields": {
    "action_time": "2024-08-24T17:36:23.545Z",
    "user": 1,
    "content_type": 15,
    "object_id": "3",
    "object_repr": "Домашнее хозяйство",
    "action_flag": 2,
    "change_message": "[{\"changed\": {\"fields\": [\"\\u0422\\u0438\\u043f \\u0442\\u043e\\u0440\\u043e\\u0433\\u043e\\u0432\\u043e\\u0439 \\u0442\\u043e\\u0447\\u043a\\u0438\"]}}]"
  }
},
{
  "model": "admin.logentry",
  "pk": 332,
  "fields": {
    "action_time": "2024-08-24T17:37:52.165Z",
    "user": 1,
    "content_type": 15,
    "object_id": "1",
    "object_repr": "Ресторан",
    "action_flag": 2,
    "change_message": "[{\"changed\": {\"fields\": [\"\\u0422\\u0438\\u043f \\u0442\\u043e\\u0440\\u043e\\u0433\\u043e\\u0432\\u043e\\u0439 \\u0442\\u043e\\u0447\\u043a\\u0438\"]}}]"
  }
},
{
  "model": "admin.logentry",
  "pk": 333,
  "fields": {
    "action_time": "2024-08-24T17:38:04.424Z",
    "user": 1,
    "content_type": 15,
    "object_id": "2",
    "object_repr": "Магазины",
    "action_flag": 2,
    "change_message": "[{\"changed\": {\"fields\": [\"\\u0422\\u0438\\u043f \\u0442\\u043e\\u0440\\u043e\\u0433\\u043e\\u0432\\u043e\\u0439 \\u0442\\u043e\\u0447\\u043a\\u0438\"]}}]"
  }
},
{
  "model": "admin.logentry",
  "pk": 334,
  "fields": {
    "action_time": "2024-08-25T07:14:50.782Z",
    "user": 1,
    "content_type": 21,
    "object_id": "3",
    "object_repr": "Айдос Демеуов - Сайт также предостав - 5",
    "action_flag": 2,
    "change_message": "[{\"changed\": {\"fields\": [\"\\u041e\\u0442\\u0437\\u044b\\u0432\"]}}]"
  }
},
{
  "model": "auth.permission",
  "pk": 1,
  "fields": {
    "name": "Can add log entry",
    "content_type": 1,
    "codename": "add_logentry"
  }
},
{
  "model": "auth.permission",
  "pk": 2,
  "fields": {
    "name": "Can change log entry",
    "content_type": 1,
    "codename": "change_logentry"
  }
},
{
  "model": "auth.permission",
  "pk": 3,
  "fields": {
    "name": "Can delete log entry",
    "content_type": 1,
    "codename": "delete_logentry"
  }
},
{
  "model": "auth.permission",
  "pk": 4,
  "fields": {
    "name": "Can view log entry",
    "content_type": 1,
    "codename": "view_logentry"
  }
},
{
  "model": "auth.permission",
  "pk": 5,
  "fields": {
    "name": "Can add permission",
    "content_type": 2,
    "codename": "add_permission"
  }
},
{
  "model": "auth.permission",
  "pk": 6,
  "fields": {
    "name": "Can change permission",
    "content_type": 2,
    "codename": "change_permission"
  }
},
{
  "model": "auth.permission",
  "pk": 7,
  "fields": {
    "name": "Can delete permission",
    "content_type": 2,
    "codename": "delete_permission"
  }
},
{
  "model": "auth.permission",
  "pk": 8,
  "fields": {
    "name": "Can view permission",
    "content_type": 2,
    "codename": "view_permission"
  }
},
{
  "model": "auth.permission",
  "pk": 9,
  "fields": {
    "name": "Can add group",
    "content_type": 3,
    "codename": "add_group"
  }
},
{
  "model": "auth.permission",
  "pk": 10,
  "fields": {
    "name": "Can change group",
    "content_type": 3,
    "codename": "change_group"
  }
},
{
  "model": "auth.permission",
  "pk": 11,
  "fields": {
    "name": "Can delete group",
    "content_type": 3,
    "codename": "delete_group"
  }
},
{
  "model": "auth.permission",
  "pk": 12,
  "fields": {
    "name": "Can view group",
    "content_type": 3,
    "codename": "view_group"
  }
},
{
  "model": "auth.permission",
  "pk": 13,
  "fields": {
    "name": "Can add user",
    "content_type": 4,
    "codename": "add_user"
  }
},
{
  "model": "auth.permission",
  "pk": 14,
  "fields": {
    "name": "Can change user",
    "content_type": 4,
    "codename": "change_user"
  }
},
{
  "model": "auth.permission",
  "pk": 15,
  "fields": {
    "name": "Can delete user",
    "content_type": 4,
    "codename": "delete_user"
  }
},
{
  "model": "auth.permission",
  "pk": 16,
  "fields": {
    "name": "Can view user",
    "content_type": 4,
    "codename": "view_user"
  }
},
{
  "model": "auth.permission",
  "pk": 17,
  "fields": {
    "name": "Can add content type",
    "content_type": 5,
    "codename": "add_contenttype"
  }
},
{
  "model": "auth.permission",
  "pk": 18,
  "fields": {
    "name": "Can change content type",
    "content_type": 5,
    "codename": "change_contenttype"
  }
},
{
  "model": "auth.permission",
  "pk": 19,
  "fields": {
    "name": "Can delete content type",
    "content_type": 5,
    "codename": "delete_contenttype"
  }
},
{
  "model": "auth.permission",
  "pk": 20,
  "fields": {
    "name": "Can view content type",
    "content_type": 5,
    "codename": "view_contenttype"
  }
},
{
  "model": "auth.permission",
  "pk": 21,
  "fields": {
    "name": "Can add session",
    "content_type": 6,
    "codename": "add_session"
  }
},
{
  "model": "auth.permission",
  "pk": 22,
  "fields": {
    "name": "Can change session",
    "content_type": 6,
    "codename": "change_session"
  }
},
{
  "model": "auth.permission",
  "pk": 23,
  "fields": {
    "name": "Can delete session",
    "content_type": 6,
    "codename": "delete_session"
  }
},
{
  "model": "auth.permission",
  "pk": 24,
  "fields": {
    "name": "Can view session",
    "content_type": 6,
    "codename": "view_session"
  }
},
{
  "model": "auth.permission",
  "pk": 25,
  "fields": {
    "name": "Can add Товары",
    "content_type": 7,
    "codename": "add_products"
  }
},
{
  "model": "auth.permission",
  "pk": 26,
  "fields": {
    "name": "Can change Товары",
    "content_type": 7,
    "codename": "change_products"
  }
},
{
  "model": "auth.permission",
  "pk": 27,
  "fields": {
    "name": "Can delete Товары",
    "content_type": 7,
    "codename": "delete_products"
  }
},
{
  "model": "auth.permission",
  "pk": 28,
  "fields": {
    "name": "Can view Товары",
    "content_type": 7,
    "codename": "view_products"
  }
},
{
  "model": "auth.permission",
  "pk": 29,
  "fields": {
    "name": "Can add Категория",
    "content_type": 8,
    "codename": "add_category"
  }
},
{
  "model": "auth.permission",
  "pk": 30,
  "fields": {
    "name": "Can change Категория",
    "content_type": 8,
    "codename": "change_category"
  }
},
{
  "model": "auth.permission",
  "pk": 31,
  "fields": {
    "name": "Can delete Категория",
    "content_type": 8,
    "codename": "delete_category"
  }
},
{
  "model": "auth.permission",
  "pk": 32,
  "fields": {
    "name": "Can view Категория",
    "content_type": 8,
    "codename": "view_category"
  }
},
{
  "model": "auth.permission",
  "pk": 33,
  "fields": {
    "name": "Can add Магазин",
    "content_type": 9,
    "codename": "add_shop"
  }
},
{
  "model": "auth.permission",
  "pk": 34,
  "fields": {
    "name": "Can change Магазин",
    "content_type": 9,
    "codename": "change_shop"
  }
},
{
  "model": "auth.permission",
  "pk": 35,
  "fields": {
    "name": "Can delete Магазин",
    "content_type": 9,
    "codename": "delete_shop"
  }
},
{
  "model": "auth.permission",
  "pk": 36,
  "fields": {
    "name": "Can view Магазин",
    "content_type": 9,
    "codename": "view_shop"
  }
},
{
  "model": "auth.permission",
  "pk": 37,
  "fields": {
    "name": "Can add Город",
    "content_type": 10,
    "codename": "add_city"
  }
},
{
  "model": "auth.permission",
  "pk": 38,
  "fields": {
    "name": "Can change Город",
    "content_type": 10,
    "codename": "change_city"
  }
},
{
  "model": "auth.permission",
  "pk": 39,
  "fields": {
    "name": "Can delete Город",
    "content_type": 10,
    "codename": "delete_city"
  }
},
{
  "model": "auth.permission",
  "pk": 40,
  "fields": {
    "name": "Can view Город",
    "content_type": 10,
    "codename": "view_city"
  }
},
{
  "model": "auth.permission",
  "pk": 41,
  "fields": {
    "name": "Can add Страна",
    "content_type": 11,
    "codename": "add_country"
  }
},
{
  "model": "auth.permission",
  "pk": 42,
  "fields": {
    "name": "Can change Страна",
    "content_type": 11,
    "codename": "change_country"
  }
},
{
  "model": "auth.permission",
  "pk": 43,
  "fields": {
    "name": "Can delete Страна",
    "content_type": 11,
    "codename": "delete_country"
  }
},
{
  "model": "auth.permission",
  "pk": 44,
  "fields": {
    "name": "Can view Страна",
    "content_type": 11,
    "codename": "view_country"
  }
},
{
  "model": "auth.permission",
  "pk": 45,
  "fields": {
    "name": "Can add Цены на товары",
    "content_type": 12,
    "codename": "add_productprice"
  }
},
{
  "model": "auth.permission",
  "pk": 46,
  "fields": {
    "name": "Can change Цены на товары",
    "content_type": 12,
    "codename": "change_productprice"
  }
},
{
  "model": "auth.permission",
  "pk": 47,
  "fields": {
    "name": "Can delete Цены на товары",
    "content_type": 12,
    "codename": "delete_productprice"
  }
},
{
  "model": "auth.permission",
  "pk": 48,
  "fields": {
    "name": "Can view Цены на товары",
    "content_type": 12,
    "codename": "view_productprice"
  }
},
{
  "model": "auth.permission",
  "pk": 49,
  "fields": {
    "name": "Can add Статус магазина",
    "content_type": 13,
    "codename": "add_premiumstatus"
  }
},
{
  "model": "auth.permission",
  "pk": 50,
  "fields": {
    "name": "Can change Статус магазина",
    "content_type": 13,
    "codename": "change_premiumstatus"
  }
},
{
  "model": "auth.permission",
  "pk": 51,
  "fields": {
    "name": "Can delete Статус магазина",
    "content_type": 13,
    "codename": "delete_premiumstatus"
  }
},
{
  "model": "auth.permission",
  "pk": 52,
  "fields": {
    "name": "Can view Статус магазина",
    "content_type": 13,
    "codename": "view_premiumstatus"
  }
},
{
  "model": "auth.permission",
  "pk": 53,
  "fields": {
    "name": "Can add Тип торговой точки",
    "content_type": 14,
    "codename": "add_generalcategories"
  }
},
{
  "model": "auth.permission",
  "pk": 54,
  "fields": {
    "name": "Can change Тип торговой точки",
    "content_type": 14,
    "codename": "change_generalcategories"
  }
},
{
  "model": "auth.permission",
  "pk": 55,
  "fields": {
    "name": "Can delete Тип торговой точки",
    "content_type": 14,
    "codename": "delete_generalcategories"
  }
},
{
  "model": "auth.permission",
  "pk": 56,
  "fields": {
    "name": "Can view Тип торговой точки",
    "content_type": 14,
    "codename": "view_generalcategories"
  }
},
{
  "model": "auth.permission",
  "pk": 57,
  "fields": {
    "name": "Can add Тип торговой точки",
    "content_type": 15,
    "codename": "add_typeofshop"
  }
},
{
  "model": "auth.permission",
  "pk": 58,
  "fields": {
    "name": "Can change Тип торговой точки",
    "content_type": 15,
    "codename": "change_typeofshop"
  }
},
{
  "model": "auth.permission",
  "pk": 59,
  "fields": {
    "name": "Can delete Тип торговой точки",
    "content_type": 15,
    "codename": "delete_typeofshop"
  }
},
{
  "model": "auth.permission",
  "pk": 60,
  "fields": {
    "name": "Can view Тип торговой точки",
    "content_type": 15,
    "codename": "view_typeofshop"
  }
},
{
  "model": "auth.permission",
  "pk": 61,
  "fields": {
    "name": "Can add Вид доставки",
    "content_type": 16,
    "codename": "add_deliverytype"
  }
},
{
  "model": "auth.permission",
  "pk": 62,
  "fields": {
    "name": "Can change Вид доставки",
    "content_type": 16,
    "codename": "change_deliverytype"
  }
},
{
  "model": "auth.permission",
  "pk": 63,
  "fields": {
    "name": "Can delete Вид доставки",
    "content_type": 16,
    "codename": "delete_deliverytype"
  }
},
{
  "model": "auth.permission",
  "pk": 64,
  "fields": {
    "name": "Can view Вид доставки",
    "content_type": 16,
    "codename": "view_deliverytype"
  }
},
{
  "model": "auth.permission",
  "pk": 65,
  "fields": {
    "name": "Can add Общая категория товара",
    "content_type": 17,
    "codename": "add_generalcategoriesofproduct"
  }
},
{
  "model": "auth.permission",
  "pk": 66,
  "fields": {
    "name": "Can change Общая категория товара",
    "content_type": 17,
    "codename": "change_generalcategoriesofproduct"
  }
},
{
  "model": "auth.permission",
  "pk": 67,
  "fields": {
    "name": "Can delete Общая категория товара",
    "content_type": 17,
    "codename": "delete_generalcategoriesofproduct"
  }
},
{
  "model": "auth.permission",
  "pk": 68,
  "fields": {
    "name": "Can view Общая категория товара",
    "content_type": 17,
    "codename": "view_generalcategoriesofproduct"
  }
},
{
  "model": "auth.permission",
  "pk": 69,
  "fields": {
    "name": "Can add Баннеры на главной странице",
    "content_type": 18,
    "codename": "add_banners"
  }
},
{
  "model": "auth.permission",
  "pk": 70,
  "fields": {
    "name": "Can change Баннеры на главной странице",
    "content_type": 18,
    "codename": "change_banners"
  }
},
{
  "model": "auth.permission",
  "pk": 71,
  "fields": {
    "name": "Can delete Баннеры на главной странице",
    "content_type": 18,
    "codename": "delete_banners"
  }
},
{
  "model": "auth.permission",
  "pk": 72,
  "fields": {
    "name": "Can view Баннеры на главной странице",
    "content_type": 18,
    "codename": "view_banners"
  }
},
{
  "model": "auth.permission",
  "pk": 73,
  "fields": {
    "name": "Can add Дополнительные атрибуты",
    "content_type": 19,
    "codename": "add_additionalattributes"
  }
},
{
  "model": "auth.permission",
  "pk": 74,
  "fields": {
    "name": "Can change Дополнительные атрибуты",
    "content_type": 19,
    "codename": "change_additionalattributes"
  }
},
{
  "model": "auth.permission",
  "pk": 75,
  "fields": {
    "name": "Can delete Дополнительные атрибуты",
    "content_type": 19,
    "codename": "delete_additionalattributes"
  }
},
{
  "model": "auth.permission",
  "pk": 76,
  "fields": {
    "name": "Can view Дополнительные атрибуты",
    "content_type": 19,
    "codename": "view_additionalattributes"
  }
},
{
  "model": "auth.permission",
  "pk": 77,
  "fields": {
    "name": "Can add Группировка категорий",
    "content_type": 20,
    "codename": "add_commontypeofcategory"
  }
},
{
  "model": "auth.permission",
  "pk": 78,
  "fields": {
    "name": "Can change Группировка категорий",
    "content_type": 20,
    "codename": "change_commontypeofcategory"
  }
},
{
  "model": "auth.permission",
  "pk": 79,
  "fields": {
    "name": "Can delete Группировка категорий",
    "content_type": 20,
    "codename": "delete_commontypeofcategory"
  }
},
{
  "model": "auth.permission",
  "pk": 80,
  "fields": {
    "name": "Can view Группировка категорий",
    "content_type": 20,
    "codename": "view_commontypeofcategory"
  }
},
{
  "model": "auth.permission",
  "pk": 81,
  "fields": {
    "name": "Can add Отзывы",
    "content_type": 21,
    "codename": "add_reviews"
  }
},
{
  "model": "auth.permission",
  "pk": 82,
  "fields": {
    "name": "Can change Отзывы",
    "content_type": 21,
    "codename": "change_reviews"
  }
},
{
  "model": "auth.permission",
  "pk": 83,
  "fields": {
    "name": "Can delete Отзывы",
    "content_type": 21,
    "codename": "delete_reviews"
  }
},
{
  "model": "auth.permission",
  "pk": 84,
  "fields": {
    "name": "Can view Отзывы",
    "content_type": 21,
    "codename": "view_reviews"
  }
},
{
  "model": "auth.permission",
  "pk": 85,
  "fields": {
    "name": "Can add FAQ",
    "content_type": 22,
    "codename": "add_faq"
  }
},
{
  "model": "auth.permission",
  "pk": 86,
  "fields": {
    "name": "Can change FAQ",
    "content_type": 22,
    "codename": "change_faq"
  }
},
{
  "model": "auth.permission",
  "pk": 87,
  "fields": {
    "name": "Can delete FAQ",
    "content_type": 22,
    "codename": "delete_faq"
  }
},
{
  "model": "auth.permission",
  "pk": 88,
  "fields": {
    "name": "Can view FAQ",
    "content_type": 22,
    "codename": "view_faq"
  }
},
{
  "model": "auth.permission",
  "pk": 89,
  "fields": {
    "name": "Can add FAQ Контактная форма",
    "content_type": 23,
    "codename": "add_faqcontactform"
  }
},
{
  "model": "auth.permission",
  "pk": 90,
  "fields": {
    "name": "Can change FAQ Контактная форма",
    "content_type": 23,
    "codename": "change_faqcontactform"
  }
},
{
  "model": "auth.permission",
  "pk": 91,
  "fields": {
    "name": "Can delete FAQ Контактная форма",
    "content_type": 23,
    "codename": "delete_faqcontactform"
  }
},
{
  "model": "auth.permission",
  "pk": 92,
  "fields": {
    "name": "Can view FAQ Контактная форма",
    "content_type": 23,
    "codename": "view_faqcontactform"
  }
},
{
  "model": "auth.permission",
  "pk": 93,
  "fields": {
    "name": "Can add Подписки Email",
    "content_type": 24,
    "codename": "add_subscriptionemail"
  }
},
{
  "model": "auth.permission",
  "pk": 94,
  "fields": {
    "name": "Can change Подписки Email",
    "content_type": 24,
    "codename": "change_subscriptionemail"
  }
},
{
  "model": "auth.permission",
  "pk": 95,
  "fields": {
    "name": "Can delete Подписки Email",
    "content_type": 24,
    "codename": "delete_subscriptionemail"
  }
},
{
  "model": "auth.permission",
  "pk": 96,
  "fields": {
    "name": "Can view Подписки Email",
    "content_type": 24,
    "codename": "view_subscriptionemail"
  }
},
{
  "model": "auth.permission",
  "pk": 97,
  "fields": {
    "name": "Can add Страницы",
    "content_type": 25,
    "codename": "add_page"
  }
},
{
  "model": "auth.permission",
  "pk": 98,
  "fields": {
    "name": "Can change Страницы",
    "content_type": 25,
    "codename": "change_page"
  }
},
{
  "model": "auth.permission",
  "pk": 99,
  "fields": {
    "name": "Can delete Страницы",
    "content_type": 25,
    "codename": "delete_page"
  }
},
{
  "model": "auth.permission",
  "pk": 100,
  "fields": {
    "name": "Can view Страницы",
    "content_type": 25,
    "codename": "view_page"
  }
},
{
  "model": "auth.permission",
  "pk": 101,
  "fields": {
    "name": "Can add Блок на главной странице",
    "content_type": 26,
    "codename": "add_mainpageinfo"
  }
},
{
  "model": "auth.permission",
  "pk": 102,
  "fields": {
    "name": "Can change Блок на главной странице",
    "content_type": 26,
    "codename": "change_mainpageinfo"
  }
},
{
  "model": "auth.permission",
  "pk": 103,
  "fields": {
    "name": "Can delete Блок на главной странице",
    "content_type": 26,
    "codename": "delete_mainpageinfo"
  }
},
{
  "model": "auth.permission",
  "pk": 104,
  "fields": {
    "name": "Can view Блок на главной странице",
    "content_type": 26,
    "codename": "view_mainpageinfo"
  }
},
{
  "model": "auth.permission",
  "pk": 105,
  "fields": {
    "name": "Can add Акция на главной странице",
    "content_type": 27,
    "codename": "add_mainpagesale"
  }
},
{
  "model": "auth.permission",
  "pk": 106,
  "fields": {
    "name": "Can change Акция на главной странице",
    "content_type": 27,
    "codename": "change_mainpagesale"
  }
},
{
  "model": "auth.permission",
  "pk": 107,
  "fields": {
    "name": "Can delete Акция на главной странице",
    "content_type": 27,
    "codename": "delete_mainpagesale"
  }
},
{
  "model": "auth.permission",
  "pk": 108,
  "fields": {
    "name": "Can view Акция на главной странице",
    "content_type": 27,
    "codename": "view_mainpagesale"
  }
},
{
  "model": "auth.permission",
  "pk": 109,
  "fields": {
    "name": "Can add Изображение магазина",
    "content_type": 28,
    "codename": "add_shopimage"
  }
},
{
  "model": "auth.permission",
  "pk": 110,
  "fields": {
    "name": "Can change Изображение магазина",
    "content_type": 28,
    "codename": "change_shopimage"
  }
},
{
  "model": "auth.permission",
  "pk": 111,
  "fields": {
    "name": "Can delete Изображение магазина",
    "content_type": 28,
    "codename": "delete_shopimage"
  }
},
{
  "model": "auth.permission",
  "pk": 112,
  "fields": {
    "name": "Can view Изображение магазина",
    "content_type": 28,
    "codename": "view_shopimage"
  }
},
{
  "model": "auth.permission",
  "pk": 113,
  "fields": {
    "name": "Can add Статистика по ресторану",
    "content_type": 29,
    "codename": "add_shopviewstatistics"
  }
},
{
  "model": "auth.permission",
  "pk": 114,
  "fields": {
    "name": "Can change Статистика по ресторану",
    "content_type": 29,
    "codename": "change_shopviewstatistics"
  }
},
{
  "model": "auth.permission",
  "pk": 115,
  "fields": {
    "name": "Can delete Статистика по ресторану",
    "content_type": 29,
    "codename": "delete_shopviewstatistics"
  }
},
{
  "model": "auth.permission",
  "pk": 116,
  "fields": {
    "name": "Can view Статистика по ресторану",
    "content_type": 29,
    "codename": "view_shopviewstatistics"
  }
},
{
  "model": "auth.permission",
  "pk": 117,
  "fields": {
    "name": "Can add Статистика по продуктам",
    "content_type": 30,
    "codename": "add_productviewstatistics"
  }
},
{
  "model": "auth.permission",
  "pk": 118,
  "fields": {
    "name": "Can change Статистика по продуктам",
    "content_type": 30,
    "codename": "change_productviewstatistics"
  }
},
{
  "model": "auth.permission",
  "pk": 119,
  "fields": {
    "name": "Can delete Статистика по продуктам",
    "content_type": 30,
    "codename": "delete_productviewstatistics"
  }
},
{
  "model": "auth.permission",
  "pk": 120,
  "fields": {
    "name": "Can view Статистика по продуктам",
    "content_type": 30,
    "codename": "view_productviewstatistics"
  }
},
{
  "model": "auth.permission",
  "pk": 121,
  "fields": {
    "name": "Can add Отзывы по торговым точкам",
    "content_type": 31,
    "codename": "add_reviewsshop"
  }
},
{
  "model": "auth.permission",
  "pk": 122,
  "fields": {
    "name": "Can change Отзывы по торговым точкам",
    "content_type": 31,
    "codename": "change_reviewsshop"
  }
},
{
  "model": "auth.permission",
  "pk": 123,
  "fields": {
    "name": "Can delete Отзывы по торговым точкам",
    "content_type": 31,
    "codename": "delete_reviewsshop"
  }
},
{
  "model": "auth.permission",
  "pk": 124,
  "fields": {
    "name": "Can view Отзывы по торговым точкам",
    "content_type": 31,
    "codename": "view_reviewsshop"
  }
},
{
  "model": "auth.user",
  "pk": 1,
  "fields": {
    "password": "pbkdf2_sha256$600000$fGqtkRgil2hzMOtVmHxSZk$ppG/bZYY063kIK0o7XgNZ//v29IKyZoNim8evdBUaC0=",
    "last_login": "2024-08-25T07:14:43.233Z",
    "is_superuser": true,
    "username": "admin",
    "first_name": "",
    "last_name": "",
    "email": "admin@admin.com",
    "is_staff": true,
    "is_active": true,
    "date_joined": "2024-03-01T05:49:51.066Z",
    "groups": [],
    "user_permissions": []
  }
},
{
  "model": "contenttypes.contenttype",
  "pk": 1,
  "fields": {
    "app_label": "admin",
    "model": "logentry"
  }
},
{
  "model": "contenttypes.contenttype",
  "pk": 2,
  "fields": {
    "app_label": "auth",
    "model": "permission"
  }
},
{
  "model": "contenttypes.contenttype",
  "pk": 3,
  "fields": {
    "app_label": "auth",
    "model": "group"
  }
},
{
  "model": "contenttypes.contenttype",
  "pk": 4,
  "fields": {
    "app_label": "auth",
    "model": "user"
  }
},
{
  "model": "contenttypes.contenttype",
  "pk": 5,
  "fields": {
    "app_label": "contenttypes",
    "model": "contenttype"
  }
},
{
  "model": "contenttypes.contenttype",
  "pk": 6,
  "fields": {
    "app_label": "sessions",
    "model": "session"
  }
},
{
  "model": "contenttypes.contenttype",
  "pk": 7,
  "fields": {
    "app_label": "products",
    "model": "products"
  }
},
{
  "model": "contenttypes.contenttype",
  "pk": 8,
  "fields": {
    "app_label": "products",
    "model": "category"
  }
},
{
  "model": "contenttypes.contenttype",
  "pk": 9,
  "fields": {
    "app_label": "products",
    "model": "shop"
  }
},
{
  "model": "contenttypes.contenttype",
  "pk": 10,
  "fields": {
    "app_label": "products",
    "model": "city"
  }
},
{
  "model": "contenttypes.contenttype",
  "pk": 11,
  "fields": {
    "app_label": "products",
    "model": "country"
  }
},
{
  "model": "contenttypes.contenttype",
  "pk": 12,
  "fields": {
    "app_label": "products",
    "model": "productprice"
  }
},
{
  "model": "contenttypes.contenttype",
  "pk": 13,
  "fields": {
    "app_label": "products",
    "model": "premiumstatus"
  }
},
{
  "model": "contenttypes.contenttype",
  "pk": 14,
  "fields": {
    "app_label": "products",
    "model": "generalcategories"
  }
},
{
  "model": "contenttypes.contenttype",
  "pk": 15,
  "fields": {
    "app_label": "products",
    "model": "typeofshop"
  }
},
{
  "model": "contenttypes.contenttype",
  "pk": 16,
  "fields": {
    "app_label": "products",
    "model": "deliverytype"
  }
},
{
  "model": "contenttypes.contenttype",
  "pk": 17,
  "fields": {
    "app_label": "products",
    "model": "generalcategoriesofproduct"
  }
},
{
  "model": "contenttypes.contenttype",
  "pk": 18,
  "fields": {
    "app_label": "banners",
    "model": "banners"
  }
},
{
  "model": "contenttypes.contenttype",
  "pk": 19,
  "fields": {
    "app_label": "products",
    "model": "additionalattributes"
  }
},
{
  "model": "contenttypes.contenttype",
  "pk": 20,
  "fields": {
    "app_label": "products",
    "model": "commontypeofcategory"
  }
},
{
  "model": "contenttypes.contenttype",
  "pk": 21,
  "fields": {
    "app_label": "reviews",
    "model": "reviews"
  }
},
{
  "model": "contenttypes.contenttype",
  "pk": 22,
  "fields": {
    "app_label": "faq",
    "model": "faq"
  }
},
{
  "model": "contenttypes.contenttype",
  "pk": 23,
  "fields": {
    "app_label": "faq",
    "model": "faqcontactform"
  }
},
{
  "model": "contenttypes.contenttype",
  "pk": 24,
  "fields": {
    "app_label": "subscription",
    "model": "subscriptionemail"
  }
},
{
  "model": "contenttypes.contenttype",
  "pk": 25,
  "fields": {
    "app_label": "pages",
    "model": "page"
  }
},
{
  "model": "contenttypes.contenttype",
  "pk": 26,
  "fields": {
    "app_label": "configs",
    "model": "mainpageinfo"
  }
},
{
  "model": "contenttypes.contenttype",
  "pk": 27,
  "fields": {
    "app_label": "configs",
    "model": "mainpagesale"
  }
},
{
  "model": "contenttypes.contenttype",
  "pk": 28,
  "fields": {
    "app_label": "products",
    "model": "shopimage"
  }
},
{
  "model": "contenttypes.contenttype",
  "pk": 29,
  "fields": {
    "app_label": "statistics_gau",
    "model": "shopviewstatistics"
  }
},
{
  "model": "contenttypes.contenttype",
  "pk": 30,
  "fields": {
    "app_label": "statistics_gau",
    "model": "productviewstatistics"
  }
},
{
  "model": "contenttypes.contenttype",
  "pk": 31,
  "fields": {
    "app_label": "reviews_shop",
    "model": "reviewsshop"
  }
},
{
  "model": "sessions.session",
  "pk": "48p40duaocdirfnq699nsmn470p17bss",
  "fields": {
    "session_data": ".eJxVjDsOwjAQBe_iGln-rU0o6XMGa71e4wBypDipEHeHSCmgfTPzXiLitta4dV7ilMVFaHH63RLSg9sO8h3bbZY0t3WZktwVedAuxznz83q4fwcVe_3WgGCLJnSYrPVnAjTJWGQq6MFrAxa0BeWYGCi4onwJQ-LgYUClmMT7A-evN-4:1rixCk:24eBs32wGQYrURNndEjB1gP8dilNntZzAIKbajA4so0",
    "expire_date": "2024-03-23T13:57:38.968Z"
  }
},
{
  "model": "sessions.session",
  "pk": "8cyctokwlj73072lcmtxpv24hdb42mg7",
  "fields": {
    "session_data": ".eJxVjDsOwjAQBe_iGln-rU0o6XMGa71e4wBypDipEHeHSCmgfTPzXiLitta4dV7ilMVFaHH63RLSg9sO8h3bbZY0t3WZktwVedAuxznz83q4fwcVe_3WgGCLJnSYrPVnAjTJWGQq6MFrAxa0BeWYGCi4onwJQ-LgYUClmMT7A-evN-4:1sEONo:T0_LIxddtR1CDfaOdjW-HEWAdjVrolBaZdwlZ4QBdkg",
    "expire_date": "2024-06-18T07:15:00.215Z"
  }
},
{
  "model": "sessions.session",
  "pk": "awg8f659pd15o93ny70wivenfhs639uw",
  "fields": {
    "session_data": ".eJxVjDsOwjAQBe_iGln-rU0o6XMGa71e4wBypDipEHeHSCmgfTPzXiLitta4dV7ilMVFaHH63RLSg9sO8h3bbZY0t3WZktwVedAuxznz83q4fwcVe_3WgGCLJnSYrPVnAjTJWGQq6MFrAxa0BeWYGCi4onwJQ-LgYUClmMT7A-evN-4:1rsIux:msYKzpOb7bCblT7XaBDJ7Dz1BciAh-a8V1A8gxusUm8",
    "expire_date": "2024-04-18T08:57:55.217Z"
  }
},
{
  "model": "sessions.session",
  "pk": "b3xkq4nklnta5id8gbpve7n0tlmsoi9a",
  "fields": {
    "session_data": ".eJxVjDsOwjAQBe_iGln-rU0o6XMGa71e4wBypDipEHeHSCmgfTPzXiLitta4dV7ilMVFaHH63RLSg9sO8h3bbZY0t3WZktwVedAuxznz83q4fwcVe_3WgGCLJnSYrPVnAjTJWGQq6MFrAxa0BeWYGCi4onwJQ-LgYUClmMT7A-evN-4:1si7SV:QcWN1J2IF6P6R40wpHO1pnXUIigJduBOA-gMHp8DyEk",
    "expire_date": "2024-09-08T07:14:43.239Z"
  }
},
{
  "model": "sessions.session",
  "pk": "ea3yfry3bzqezt4m0yknt9xzby69gdmv",
  "fields": {
    "session_data": ".eJxVjDsOwjAQBe_iGln-rU0o6XMGa71e4wBypDipEHeHSCmgfTPzXiLitta4dV7ilMVFaHH63RLSg9sO8h3bbZY0t3WZktwVedAuxznz83q4fwcVe_3WgGCLJnSYrPVnAjTJWGQq6MFrAxa0BeWYGCi4onwJQ-LgYUClmMT7A-evN-4:1s00RW:pXZngrvzwfVToUZW4iTmTTjnTwyIlK-aRhqp6WNNoD0",
    "expire_date": "2024-05-09T14:51:22.876Z"
  }
},
{
  "model": "sessions.session",
  "pk": "m5cogffzs5etucicvpxrg3drwgnr2jge",
  "fields": {
    "session_data": ".eJxVjDsOwjAQBe_iGln-rU0o6XMGa71e4wBypDipEHeHSCmgfTPzXiLitta4dV7ilMVFaHH63RLSg9sO8h3bbZY0t3WZktwVedAuxznz83q4fwcVe_3WgGCLJnSYrPVnAjTJWGQq6MFrAxa0BeWYGCi4onwJQ-LgYUClmMT7A-evN-4:1sOGFI:9XBkzOB43oaE0kGv5IFqcNPx62LOd9U5u02qtRlnkOg",
    "expire_date": "2024-07-15T12:35:00.280Z"
  }
},
{
  "model": "sessions.session",
  "pk": "o07uwx7pzd3efbt91dqipx81895qfl7b",
  "fields": {
    "session_data": ".eJxVjDsOwjAQBe_iGln-rU0o6XMGa71e4wBypDipEHeHSCmgfTPzXiLitta4dV7ilMVFaHH63RLSg9sO8h3bbZY0t3WZktwVedAuxznz83q4fwcVe_3WgGCLJnSYrPVnAjTJWGQq6MFrAxa0BeWYGCi4onwJQ-LgYUClmMT7A-evN-4:1s5krf:sTSmz6rK8IwQWnW7sni9DOLV2zSQhsIxKJGb_PI13Jo",
    "expire_date": "2024-05-25T11:26:07.172Z"
  }
},
{
  "model": "sessions.session",
  "pk": "o5oj3diax4xqb73gczbt4oyeabxihq93",
  "fields": {
    "session_data": ".eJxVjDsOwjAQBe_iGln-rU0o6XMGa71e4wBypDipEHeHSCmgfTPzXiLitta4dV7ilMVFaHH63RLSg9sO8h3bbZY0t3WZktwVedAuxznz83q4fwcVe_3WgGCLJnSYrPVnAjTJWGQq6MFrAxa0BeWYGCi4onwJQ-LgYUClmMT7A-evN-4:1ryXAr:H0gpWv89rfbjjxml2WjiNjb5YqapEHQOoYUnSsUe3ac",
    "expire_date": "2024-05-05T13:24:05.931Z"
  }
},
{
  "model": "sessions.session",
  "pk": "u4zzkvza4eihowmtg0bgzrr0tnw33rb7",
  "fields": {
    "session_data": ".eJxVjDsOwjAQBe_iGln-rU0o6XMGa71e4wBypDipEHeHSCmgfTPzXiLitta4dV7ilMVFaHH63RLSg9sO8h3bbZY0t3WZktwVedAuxznz83q4fwcVe_3WgGCLJnSYrPVnAjTJWGQq6MFrAxa0BeWYGCi4onwJQ-LgYUClmMT7A-evN-4:1sCzsG:oliVBMwlfDeGH1ZRdfXY7IUfP2Ym5DP2-A7xi7jy7k4",
    "expire_date": "2024-06-14T10:52:40.736Z"
  }
},
{
  "model": "sessions.session",
  "pk": "x2eltds3nqy00tohbtqpowng74owufke",
  "fields": {
    "session_data": ".eJxVjDsOwjAQBe_iGln-rU0o6XMGa71e4wBypDipEHeHSCmgfTPzXiLitta4dV7ilMVFaHH63RLSg9sO8h3bbZY0t3WZktwVedAuxznz83q4fwcVe_3WgGCLJnSYrPVnAjTJWGQq6MFrAxa0BeWYGCi4onwJQ-LgYUClmMT7A-evN-4:1shuB4:qQjwkmru66zqmw34FFLd6kQjAuk1hjn6aw3HPTqRhIg",
    "expire_date": "2024-09-07T17:03:50.070Z"
  }
},
{
  "model": "sessions.session",
  "pk": "x3uy7is1b3an7zxill6tl7u8ssu3qgjs",
  "fields": {
    "session_data": ".eJxVjDsOwjAQBe_iGln-rU0o6XMGa71e4wBypDipEHeHSCmgfTPzXiLitta4dV7ilMVFaHH63RLSg9sO8h3bbZY0t3WZktwVedAuxznz83q4fwcVe_3WgGCLJnSYrPVnAjTJWGQq6MFrAxa0BeWYGCi4onwJQ-LgYUClmMT7A-evN-4:1rxpqG:F1EAtrTudwsRIuMGkgPFDZ9ooZMGyNh2cPC_mRCciAo",
    "expire_date": "2024-05-03T15:07:56.788Z"
  }
},
{
  "model": "sessions.session",
  "pk": "x7vlzx9x6fzrqc1194z0lanerzicjtgt",
  "fields": {
    "session_data": ".eJxVjDsOwjAQBe_iGln-rU0o6XMGa71e4wBypDipEHeHSCmgfTPzXiLitta4dV7ilMVFaHH63RLSg9sO8h3bbZY0t3WZktwVedAuxznz83q4fwcVe_3WgGCLJnSYrPVnAjTJWGQq6MFrAxa0BeWYGCi4onwJQ-LgYUClmMT7A-evN-4:1rkQn1:OCSnx4E6tu-vU6InvuzYNuI_Na887bqt3D_48S2-ngQ",
    "expire_date": "2024-03-27T15:45:11.889Z"
  }
},
{
  "model": "sessions.session",
  "pk": "ychk7fvdhrzp2pp79ffrahni1ppx4xea",
  "fields": {
    "session_data": ".eJxVjDsOwjAQBe_iGln-rU0o6XMGa71e4wBypDipEHeHSCmgfTPzXiLitta4dV7ilMVFaHH63RLSg9sO8h3bbZY0t3WZktwVedAuxznz83q4fwcVe_3WgGCLJnSYrPVnAjTJWGQq6MFrAxa0BeWYGCi4onwJQ-LgYUClmMT7A-evN-4:1rfvmR:NtGiDrGmSUoMM0IP7U6rRZ0vkvJ50XwEOxs8RrP9S54",
    "expire_date": "2024-03-15T05:49:59.288Z"
  }
},
{
  "model": "sessions.session",
  "pk": "z4ulu5sczwe1i757v3gypkj7fvbchwr0",
  "fields": {
    "session_data": ".eJxVjDsOwjAQBe_iGln-rU0o6XMGa71e4wBypDipEHeHSCmgfTPzXiLitta4dV7ilMVFaHH63RLSg9sO8h3bbZY0t3WZktwVedAuxznz83q4fwcVe_3WgGCLJnSYrPVnAjTJWGQq6MFrAxa0BeWYGCi4onwJQ-LgYUClmMT7A-evN-4:1rxNir:NyhaTz_oc3q8ZCFXwQsZNL8FWuU74-VddL-tGWC4H4U",
    "expire_date": "2024-05-02T09:06:25.688Z"
  }
},
{
  "model": "products.country",
  "pk": 1,
  "fields": {
    "title": "Казахстан",
    "coordinate_w": 0.0,
    "coordinate_h": 0.0,
    "created_at": "2024-03-01T06:20:00.885Z",
    "updated_at": "2024-03-01T06:20:00.885Z"
  }
},
{
  "model": "products.city",
  "pk": 1,
  "fields": {
    "title": "г. Атырау",
    "coordinate_w": 47.106769,
    "coordinate_h": 51.915437,
    "country": 1,
    "created_at": "2024-03-01T06:20:02.957Z",
    "updated_at": "2024-05-11T11:44:43.571Z",
    "zoom": 12
  }
},
{
  "model": "products.city",
  "pk": 2,
  "fields": {
    "title": "г. Астана",
    "coordinate_w": 51.131186,
    "coordinate_h": 71.420188,
    "country": 1,
    "created_at": "2024-03-01T07:06:19.006Z",
    "updated_at": "2024-05-11T12:18:14.971Z",
    "zoom": 13
  }
},
{
  "model": "products.city",
  "pk": 3,
  "fields": {
    "title": "г. Актобе",
    "coordinate_w": 0.0,
    "coordinate_h": 0.0,
    "country": 1,
    "created_at": "2024-04-14T18:46:43.885Z",
    "updated_at": "2024-04-14T18:56:18.283Z",
    "zoom": 12
  }
},
{
  "model": "products.city",
  "pk": 4,
  "fields": {
    "title": "г. Алматы",
    "coordinate_w": 0.0,
    "coordinate_h": 0.0,
    "country": 1,
    "created_at": "2024-04-14T18:46:48.155Z",
    "updated_at": "2024-04-14T18:56:21.613Z",
    "zoom": 12
  }
},
{
  "model": "products.city",
  "pk": 5,
  "fields": {
    "title": "г. Оскемен",
    "coordinate_w": 0.0,
    "coordinate_h": 0.0,
    "country": 1,
    "created_at": "2024-04-14T18:46:56.553Z",
    "updated_at": "2024-04-14T18:56:27.442Z",
    "zoom": 12
  }
},
{
  "model": "products.premiumstatus",
  "pk": 1,
  "fields": {
    "title": "Премиум статус",
    "created_at": "2024-03-02T16:37:51.836Z",
    "updated_at": "2024-03-02T16:37:51.836Z"
  }
},
{
  "model": "products.premiumstatus",
  "pk": 2,
  "fields": {
    "title": "Официальный партнер",
    "created_at": "2024-03-02T16:38:22.700Z",
    "updated_at": "2024-03-02T16:38:22.700Z"
  }
},
{
  "model": "products.commontypeofcategory",
  "pk": 1,
  "fields": {
    "slug": "goods",
    "title": "Товары и продукты"
  }
},
{
  "model": "products.commontypeofcategory",
  "pk": 3,
  "fields": {
    "slug": "beauty",
    "title": "Красота и уход"
  }
},
{
  "model": "products.commontypeofcategory",
  "pk": 4,
  "fields": {
    "slug": "work",
    "title": "Услуги"
  }
},
{
  "model": "products.commontypeofcategory",
  "pk": 5,
  "fields": {
    "slug": "dishes",
    "title": "Блюда"
  }
},
{
  "model": "products.category",
  "pk": 1,
  "fields": {
    "title": "Мясные изделия",
    "parent": null,
    "photo": "photos/2024/03/02/meet_icon.png",
    "common_type_category": 1,
    "lft": 1,
    "rght": 2,
    "tree_id": 7,
    "level": 0
  }
},
{
  "model": "products.category",
  "pk": 5,
  "fields": {
    "title": "Хлебные изделия",
    "parent": null,
    "photo": "photos/2024/03/02/hleb_icon.png",
    "common_type_category": 1,
    "lft": 1,
    "rght": 2,
    "tree_id": 13,
    "level": 0
  }
},
{
  "model": "products.category",
  "pk": 6,
  "fields": {
    "title": "Овощи",
    "parent": null,
    "photo": "photos/2024/03/02/vegetables_icon.png",
    "common_type_category": 1,
    "lft": 1,
    "rght": 4,
    "tree_id": 9,
    "level": 0
  }
},
{
  "model": "products.category",
  "pk": 7,
  "fields": {
    "title": "Игрушки",
    "parent": null,
    "photo": "photos/2024/03/02/toys_icon.png",
    "common_type_category": 3,
    "lft": 1,
    "rght": 4,
    "tree_id": 2,
    "level": 0
  }
},
{
  "model": "products.category",
  "pk": 8,
  "fields": {
    "title": "Орехи",
    "parent": null,
    "photo": "photos/2024/03/02/nuts_icon.png",
    "common_type_category": 1,
    "lft": 1,
    "rght": 2,
    "tree_id": 10,
    "level": 0
  }
},
{
  "model": "products.category",
  "pk": 9,
  "fields": {
    "title": "Напитки и соки",
    "parent": null,
    "photo": "photos/2024/03/02/cola_icon.png",
    "common_type_category": 1,
    "lft": 1,
    "rght": 2,
    "tree_id": 8,
    "level": 0
  }
},
{
  "model": "products.category",
  "pk": 10,
  "fields": {
    "title": "Мучные продукты",
    "parent": null,
    "photo": "photos/2024/03/02/muka_icon.png",
    "common_type_category": 1,
    "lft": 1,
    "rght": 2,
    "tree_id": 5,
    "level": 0
  }
},
{
  "model": "products.category",
  "pk": 11,
  "fields": {
    "title": "Грибы",
    "parent": null,
    "photo": "photos/2024/03/02/grib_icon.png",
    "common_type_category": 1,
    "lft": 1,
    "rght": 2,
    "tree_id": 1,
    "level": 0
  }
},
{
  "model": "products.category",
  "pk": 12,
  "fields": {
    "title": "Молочные продукты",
    "parent": null,
    "photo": "photos/2024/03/02/milk_icon.png",
    "common_type_category": 1,
    "lft": 1,
    "rght": 2,
    "tree_id": 4,
    "level": 0
  }
},
{
  "model": "products.category",
  "pk": 13,
  "fields": {
    "title": "Яйца",
    "parent": null,
    "photo": "photos/2024/03/02/eggs_icon.png",
    "common_type_category": 1,
    "lft": 1,
    "rght": 2,
    "tree_id": 14,
    "level": 0
  }
},
{
  "model": "products.category",
  "pk": 14,
  "fields": {
    "title": "Курица",
    "parent": null,
    "photo": "photos/2024/03/02/chicken_icon.png",
    "common_type_category": 1,
    "lft": 1,
    "rght": 2,
    "tree_id": 3,
    "level": 0
  }
},
{
  "model": "products.category",
  "pk": 15,
  "fields": {
    "title": "Рыбные издения",
    "parent": null,
    "photo": "photos/2024/03/02/fish_icon.png",
    "common_type_category": 1,
    "lft": 1,
    "rght": 2,
    "tree_id": 11,
    "level": 0
  }
},
{
  "model": "products.category",
  "pk": 16,
  "fields": {
    "title": "Пластиковые игрушки",
    "parent": 7,
    "photo": "",
    "common_type_category": 1,
    "lft": 2,
    "rght": 3,
    "tree_id": 2,
    "level": 1
  }
},
{
  "model": "products.category",
  "pk": 17,
  "fields": {
    "title": "Помидоры",
    "parent": 6,
    "photo": "photos/2024/03/03/2cac9aec-ab64-4b8b-b578-7ade35a637c2.webp",
    "common_type_category": 1,
    "lft": 2,
    "rght": 3,
    "tree_id": 9,
    "level": 1
  }
},
{
  "model": "products.category",
  "pk": 18,
  "fields": {
    "title": "Сантехника",
    "parent": null,
    "photo": "photos/2024/04/21/сантехник-косшы-астана.webp",
    "common_type_category": 4,
    "lft": 1,
    "rght": 2,
    "tree_id": 12,
    "level": 0
  }
},
{
  "model": "products.category",
  "pk": 19,
  "fields": {
    "title": "Мясные блюда",
    "parent": null,
    "photo": "",
    "common_type_category": 5,
    "lft": 1,
    "rght": 2,
    "tree_id": 6,
    "level": 0
  }
},
{
  "model": "products.generalcategoriesofproduct",
  "pk": 1,
  "fields": {
    "title": "Халал продукт",
    "photo": "photos/2024/03/09/6152685.png"
  }
},
{
  "model": "products.generalcategoriesofproduct",
  "pk": 2,
  "fields": {
    "title": "Здоровое питание",
    "photo": "photos/2024/03/09/ПП_9Lekcia.png"
  }
},
{
  "model": "products.generalcategoriesofproduct",
  "pk": 3,
  "fields": {
    "title": "Без ГМО",
    "photo": "photos/2024/03/09/gmo.png"
  }
},
{
  "model": "products.generalcategoriesofproduct",
  "pk": 4,
  "fields": {
    "title": "Без глютена",
    "photo": "photos/2024/03/09/без_глютена.png"
  }
},
{
  "model": "products.generalcategoriesofproduct",
  "pk": 5,
  "fields": {
    "title": "Фермерский продукт",
    "photo": "photos/2024/03/09/product_types_logo.png"
  }
},
{
  "model": "products.generalcategoriesofproduct",
  "pk": 6,
  "fields": {
    "title": "Без лактозы",
    "photo": "photos/2024/03/09/без_лактозы.png"
  }
},
{
  "model": "products.generalcategoriesofproduct",
  "pk": 7,
  "fields": {
    "title": "Натуральный",
    "photo": "photos/2024/03/09/натуральный.png"
  }
},
{
  "model": "products.generalcategoriesofproduct",
  "pk": 8,
  "fields": {
    "title": "Правильное питание",
    "photo": "photos/2024/03/09/ПП.png"
  }
},
{
  "model": "products.generalcategoriesofproduct",
  "pk": 9,
  "fields": {
    "title": "Свежесть",
    "photo": "photos/2024/03/09/свежесть.png"
  }
},
{
  "model": "products.products",
  "pk": 1,
  "fields": {
    "title": "Свежая курица 1кг",
    "description": "Свежая курица, домашняя ферма",
    "created_at": "2024-03-01T06:18:04.113Z",
    "updated_at": "2024-05-11T11:42:54.419Z",
    "photo": "photos/2024/05/11/chicken_icon.png",
    "is_published": true,
    "category": 14,
    "show_calories": false,
    "protein": 0.0,
    "carbs": 0.0,
    "fat": 0.0,
    "generalType": []
  }
},
{
  "model": "products.products",
  "pk": 2,
  "fields": {
    "title": "Огурцы 1кг",
    "description": "Огурцы выращенные на огороде",
    "created_at": "2024-03-01T06:18:24.806Z",
    "updated_at": "2024-03-10T12:44:04.882Z",
    "photo": "photos/2024/03/10/cucumber-1.jpg",
    "is_published": true,
    "category": 6,
    "show_calories": false,
    "protein": 0.0,
    "carbs": 0.0,
    "fat": 0.0,
    "generalType": [
      2
    ]
  }
},
{
  "model": "products.products",
  "pk": 3,
  "fields": {
    "title": "Игрушка Sonic до 3 лет",
    "description": "Замечательная игрушка от компании Konami. Японское производство",
    "created_at": "2024-03-01T18:23:51.429Z",
    "updated_at": "2024-04-19T15:15:38.367Z",
    "photo": "photos/2024/03/02/2da3dcf9771611ee81401e5d9776cfa6_upscaled.jpeg",
    "is_published": true,
    "category": 7,
    "show_calories": false,
    "protein": 0.0,
    "carbs": 0.0,
    "fat": 0.0,
    "generalType": [
      9
    ]
  }
},
{
  "model": "products.products",
  "pk": 4,
  "fields": {
    "title": "Мягкая игрушка Салли из Корпорации монстров",
    "description": "Мягкая игрушка Салли из Корпорации монстров",
    "created_at": "2024-03-01T18:24:13.472Z",
    "updated_at": "2024-03-02T05:02:47.769Z",
    "photo": "photos/2024/03/02/6607-1772-sharik-salli-monsters-university.jpg",
    "is_published": true,
    "category": 16,
    "show_calories": false,
    "protein": 0.0,
    "carbs": 0.0,
    "fat": 0.0,
    "generalType": []
  }
},
{
  "model": "products.products",
  "pk": 5,
  "fields": {
    "title": "Майк зеленая",
    "description": "Майк зеленая круглая игрушка",
    "created_at": "2024-03-01T18:24:36.870Z",
    "updated_at": "2024-03-02T15:18:39.143Z",
    "photo": "photos/2024/03/02/scale_1200.png",
    "is_published": true,
    "category": 16,
    "show_calories": false,
    "protein": 0.0,
    "carbs": 0.0,
    "fat": 0.0,
    "generalType": []
  }
},
{
  "model": "products.products",
  "pk": 6,
  "fields": {
    "title": "Naruto Uzumaki - Японское производство",
    "description": "Фигурка от Takai Figure, выполненная по мотивам культового аниме \"Наруто\", представляет собой одного из ключевых персонажей - Обито Учиха!\r\n\r\nАниме Фигурка Тоби выполнена из качественных гипоаллергенных материалов, обеспечивающих ей высокую прочность и долговечность. Аниме статуэтка отличным дополнением Вашей коллекции и прекрасным подарком на День Рождения, Новый Год и другие праздники. Понравится всем поклонникам вселенной данного аниме, как детям, так и взрослым. Высота фигурки - 26 см.",
    "created_at": "2024-03-01T18:25:57.660Z",
    "updated_at": "2024-03-02T09:35:55.455Z",
    "photo": "photos/2024/03/02/naruto.png",
    "is_published": true,
    "category": 7,
    "show_calories": false,
    "protein": 0.0,
    "carbs": 0.0,
    "fat": 0.0,
    "generalType": []
  }
},
{
  "model": "products.products",
  "pk": 7,
  "fields": {
    "title": "Мясо теленка 1кг",
    "description": "Говядиной называют мясо, которое получают при забое КРС (крупного рогатого скота). К КРС относят волов, коров, быков и телят. Согласно статистике, говядина занимает первое место по популярности и востребованности во всем мире. В западных странах для получения мяса разводят молодых бычков, чаще всего на забой отправляют животных в возрасте 2-3 лет. Говядину делят на множество сортов, причем элитные сорта часто называют в честь породы коров. Некоторые страны известны говядиной высокого качества. К",
    "created_at": "2024-03-02T14:06:16.138Z",
    "updated_at": "2024-03-09T14:42:32.648Z",
    "photo": "photos/2024/03/02/goviadina.jpg",
    "is_published": true,
    "category": 1,
    "show_calories": false,
    "protein": 0.0,
    "carbs": 0.0,
    "fat": 0.0,
    "generalType": [
      3,
      8,
      5
    ]
  }
},
{
  "model": "products.products",
  "pk": 8,
  "fields": {
    "title": "Мясо конины 1 кг",
    "description": "К говядине относится мясо коровы, телки, быка, теленка или вола. Качество мяса определяется в зависимости от пола и возраста животного, условий созревания мяса и кормов. Все это строго контролируется агрокомплексами Белоруссии. Исходя из этих факторов определяется мягкость сырья, сочность мяса и его жирность, а соответственно, и сорт говядины.",
    "created_at": "2024-03-02T14:26:49.142Z",
    "updated_at": "2024-03-02T14:26:49.142Z",
    "photo": "photos/2024/03/02/konina.jpg",
    "is_published": true,
    "category": 1,
    "show_calories": false,
    "protein": 0.0,
    "carbs": 0.0,
    "fat": 0.0,
    "generalType": []
  }
},
{
  "model": "products.products",
  "pk": 9,
  "fields": {
    "title": "Мясо оленя 1 кг",
    "description": "Фермерское мясо - залог здорового питания вашей семьи, богато витаминами, микроэлементами и аминокислотами. Мясо основной поставщик витаминов группы В и железа.\r\nРекомендуем всем попробовать настоящее свежее мясо из фермерского хозяйства.\r\n\r\nС нами вы сможете купить мясо оптом и в розницу в Астане, не выходя из дома! Предлагаем качественную, свежую фермерскую мясную продукцию, как оптом, так и в розницу, с доставкой по Астане.",
    "created_at": "2024-03-03T05:40:03.358Z",
    "updated_at": "2024-03-10T12:44:21.501Z",
    "photo": "photos/2024/03/03/tazolenja.jpg",
    "is_published": true,
    "category": 1,
    "show_calories": false,
    "protein": 0.0,
    "carbs": 0.0,
    "fat": 0.0,
    "generalType": [
      6
    ]
  }
},
{
  "model": "products.products",
  "pk": 10,
  "fields": {
    "title": "Ножки индейки 1 кг",
    "description": "Индейка – самая крупная домашняя птица после страусов. Взрослый индюк может весить до 35 килограмм. Хотя индейки относятся к курообразным, они все равно способны летать, поэтому домашним птицам подрезают крылья.\r\n\r\nИндейка, как домашняя птица, произошла от дикой индейки. Ее одомашнили в Новом Свете еще задолго до открытия Америки. Далее птицу завезли в Испанию, отсюда устаревшее название «испанские куры». А в английском языке закрепилось название «турецкие куры», когда индейка распространилась",
    "created_at": "2024-03-03T05:41:25.202Z",
    "updated_at": "2024-05-14T06:28:35.011Z",
    "photo": "photos/2024/03/03/мясо-индейки.jpg",
    "is_published": true,
    "category": 14,
    "show_calories": false,
    "protein": 0.0,
    "carbs": 0.0,
    "fat": 0.0,
    "generalType": [
      4,
      2
    ]
  }
},
{
  "model": "products.products",
  "pk": 11,
  "fields": {
    "title": "Куриные ножки 1кг",
    "description": "Тушёные куриные ножки в сметане - очень вкусное блюдо для домашнего обеда или ужина. Куриные голени получаются сочными, мясо буквально тает во рту, и бонусом выступает сметанный соус, в котором ножки тушились, - такой соус будет идеальным в качестве подливки к гарниру!",
    "created_at": "2024-03-03T05:42:44.571Z",
    "updated_at": "2024-04-15T12:30:34.138Z",
    "photo": "photos/2024/03/03/764x600.jpg",
    "is_published": true,
    "category": 14,
    "show_calories": false,
    "protein": 0.0,
    "carbs": 0.0,
    "fat": 0.0,
    "generalType": [
      2,
      8
    ]
  }
},
{
  "model": "products.products",
  "pk": 12,
  "fields": {
    "title": "Молоко коровье на разлив 1л",
    "description": "Молоко домашних животных пришло в жизнь человека вместе с самими животными примерно 12 тысяч лет назад и завоевало всемирную популярность. Уже к середине I тысячелетия до нашей эры Гиппократ был убежден, что «в молоке — совершенство». В России промышленное производство молока и молочных продуктов началось в XVIII веке. У его истоков стояли Н. Н. Муравьев и позже — Н. В. Верещагин. Примечательно, что декабристы братья Беляевы организовали молочное производство, даже находясь в сибирской ссылке.",
    "created_at": "2024-03-03T06:18:33.084Z",
    "updated_at": "2024-04-15T12:30:31.430Z",
    "photo": "photos/2024/03/03/7ae452d64b8527951bdcdab27e3a95263649bc92.webp",
    "is_published": true,
    "category": 12,
    "show_calories": false,
    "protein": 0.0,
    "carbs": 0.0,
    "fat": 0.0,
    "generalType": [
      2,
      8
    ]
  }
},
{
  "model": "products.products",
  "pk": 13,
  "fields": {
    "title": "Молоко козьем на разлив 1л",
    "description": "Молоко домашних животных пришло в жизнь человека вместе с самими животными примерно 12 тысяч лет назад и завоевало всемирную популярность. Уже к середине I тысячелетия до нашей эры Гиппократ был убежден, что «в молоке — совершенство». В России промышленное производство молока и молочных продуктов началось в XVIII веке. У его истоков стояли Н. Н. Муравьев и позже — Н. В. Верещагин. Примечательно, что декабристы братья Беляевы организовали молочное производство, даже находясь в сибирской ссылке.",
    "created_at": "2024-03-03T06:18:52.076Z",
    "updated_at": "2024-04-15T12:30:19.098Z",
    "photo": "photos/2024/03/03/7ae452d64b8527951bdcdab27e3a95263649bc92_ZZgt1CX.webp",
    "is_published": true,
    "category": 12,
    "show_calories": false,
    "protein": 0.0,
    "carbs": 0.0,
    "fat": 0.0,
    "generalType": [
      8
    ]
  }
},
{
  "model": "products.products",
  "pk": 14,
  "fields": {
    "title": "Кумыс Саржалский 1л",
    "description": "Молоко домашних животных пришло в жизнь человека вместе с самими животными примерно 12 тысяч лет назад и завоевало всемирную популярность. Уже к середине I тысячелетия до нашей эры Гиппократ был убежден, что «в молоке — совершенство». В России промышленное производство молока и молочных продуктов началось в XVIII веке. У его истоков стояли Н. Н. Муравьев и позже — Н. В. Верещагин. Примечательно, что декабристы братья Беляевы организовали молочное производство, даже находясь в сибирской ссылке.",
    "created_at": "2024-03-03T06:19:07.953Z",
    "updated_at": "2024-03-03T06:19:07.953Z",
    "photo": "photos/2024/03/03/Кумыс-4.jpg",
    "is_published": true,
    "category": 12,
    "show_calories": false,
    "protein": 0.0,
    "carbs": 0.0,
    "fat": 0.0,
    "generalType": []
  }
},
{
  "model": "products.products",
  "pk": 15,
  "fields": {
    "title": "Кумыс Жанааркинский на разлив 1л",
    "description": "Молоко домашних животных пришло в жизнь человека вместе с самими животными примерно 12 тысяч лет назад и завоевало всемирную популярность. Уже к середине I тысячелетия до нашей эры Гиппократ был убежден, что «в молоке — совершенство». В России промышленное производство молока и молочных продуктов началось в XVIII веке. У его истоков стояли Н. Н. Муравьев и позже — Н. В. Верещагин. Примечательно, что декабристы братья Беляевы организовали молочное производство, даже находясь в сибирской ссылке.",
    "created_at": "2024-03-03T06:19:33.421Z",
    "updated_at": "2024-03-03T06:20:24.428Z",
    "photo": "photos/2024/03/03/Кумыс-4_IkX585V.jpg",
    "is_published": true,
    "category": 12,
    "show_calories": false,
    "protein": 0.0,
    "carbs": 0.0,
    "fat": 0.0,
    "generalType": []
  }
},
{
  "model": "products.products",
  "pk": 16,
  "fields": {
    "title": "Айран домашний 1л",
    "description": "Молоко домашних животных пришло в жизнь человека вместе с самими животными примерно 12 тысяч лет назад и завоевало всемирную популярность. Уже к середине I тысячелетия до нашей эры Гиппократ был убежден, что «в молоке — совершенство». В России промышленное производство молока и молочных продуктов началось в XVIII веке. У его истоков стояли Н. Н. Муравьев и позже — Н. В. Верещагин. Примечательно, что декабристы братья Беляевы организовали молочное производство, даже находясь в сибирской ссылке.",
    "created_at": "2024-03-03T06:19:43.836Z",
    "updated_at": "2024-03-09T14:14:48.360Z",
    "photo": "photos/2024/03/03/30763121_1.jpg",
    "is_published": true,
    "category": 12,
    "show_calories": false,
    "protein": 0.0,
    "carbs": 0.0,
    "fat": 0.0,
    "generalType": [
      2
    ]
  }
},
{
  "model": "products.products",
  "pk": 17,
  "fields": {
    "title": "Айран на разлив 2л",
    "description": "Молоко домашних животных пришло в жизнь человека вместе с самими животными примерно 12 тысяч лет назад и завоевало всемирную популярность. Уже к середине I тысячелетия до нашей эры Гиппократ был убежден, что «в молоке — совершенство». В России промышленное производство молока и молочных продуктов началось в XVIII веке. У его истоков стояли Н. Н. Муравьев и позже — Н. В. Верещагин. Примечательно, что декабристы братья Беляевы организовали молочное производство, даже находясь в сибирской ссылке.",
    "created_at": "2024-03-03T06:20:01.159Z",
    "updated_at": "2024-03-03T06:20:01.159Z",
    "photo": "photos/2024/03/03/30763121_1_fwCJ4fY.jpg",
    "is_published": true,
    "category": 12,
    "show_calories": false,
    "protein": 0.0,
    "carbs": 0.0,
    "fat": 0.0,
    "generalType": []
  }
},
{
  "model": "products.products",
  "pk": 18,
  "fields": {
    "title": "Помидоры Высший сорт",
    "description": "Помидоры Высший сорт",
    "created_at": "2024-03-03T12:22:10.893Z",
    "updated_at": "2024-03-09T14:15:01.930Z",
    "photo": "photos/2024/03/03/2cac9aec-ab64-4b8b-b578-7ade35a637c2_KtqhxtC.webp",
    "is_published": true,
    "category": 17,
    "show_calories": false,
    "protein": 0.0,
    "carbs": 0.0,
    "fat": 0.0,
    "generalType": [
      3
    ]
  }
},
{
  "model": "products.products",
  "pk": 19,
  "fields": {
    "title": "Стейк Тибон 400 гр.",
    "description": "Тибон-стейк (T-bone) - тяжелый и сытный стейк, который получил свое название за Т-образную косточку. Она разделяет в нем два разных вида мяса: филейное с тонкого края (стриплойна), обладающее самым выраженным \"говяжьим\" вкусом, и нежное мясо средней части вырезки.",
    "created_at": "2024-03-10T17:59:04.395Z",
    "updated_at": "2024-04-30T14:43:55.047Z",
    "photo": "photos/2024/03/10/стеик_ресторан.jpeg",
    "is_published": true,
    "category": 19,
    "show_calories": false,
    "protein": 0.0,
    "carbs": 0.0,
    "fat": 0.0,
    "generalType": [
      4,
      6,
      7,
      1
    ]
  }
},
{
  "model": "products.products",
  "pk": 20,
  "fields": {
    "title": "Бургер от Шеф повара ресторана",
    "description": "Заведение в стиле американской бургерной, где можно попробовать этот фаст-фуд с прикольными названиями. Например, бургер «Антон». Всего их около 8 разновидностей: с мраморной говядиной, рубленной бараниной, котлетой из конины или индейки и даже креветки в панировке с разными овощами и соусом.",
    "created_at": "2024-03-10T17:59:42.733Z",
    "updated_at": "2024-05-14T06:18:29.809Z",
    "photo": "photos/2024/03/10/стеик.jpg",
    "is_published": true,
    "category": 19,
    "show_calories": true,
    "protein": 12.0,
    "carbs": 9.0,
    "fat": 20.0,
    "generalType": [
      3,
      2,
      8
    ]
  }
},
{
  "model": "products.products",
  "pk": 21,
  "fields": {
    "title": "Услуги сантехника",
    "description": "Быстро, качественно, недорого",
    "created_at": "2024-04-21T13:25:04.302Z",
    "updated_at": "2024-04-21T13:29:55.333Z",
    "photo": "photos/2024/04/21/сантехник-косшы-астана_gJJTwoG.webp",
    "is_published": true,
    "category": 18,
    "show_calories": false,
    "protein": 0.0,
    "carbs": 0.0,
    "fat": 0.0,
    "generalType": []
  }
},
{
  "model": "products.deliverytype",
  "pk": 1,
  "fields": {
    "title": "Самовывоз",
    "photo": ""
  }
},
{
  "model": "products.deliverytype",
  "pk": 2,
  "fields": {
    "title": "Доставка до адреса",
    "photo": ""
  }
},
{
  "model": "products.deliverytype",
  "pk": 3,
  "fields": {
    "title": "Почтовая доставка",
    "photo": ""
  }
},
{
  "model": "products.deliverytype",
  "pk": 4,
  "fields": {
    "title": "Доставка курьером",
    "photo": ""
  }
},
{
  "model": "products.typeofshop",
  "pk": 1,
  "fields": {
    "title": "Ресторан",
    "photo": ""
  }
},
{
  "model": "products.typeofshop",
  "pk": 2,
  "fields": {
    "title": "Магазины",
    "photo": ""
  }
},
{
  "model": "products.typeofshop",
  "pk": 3,
  "fields": {
    "title": "Домашнее хозяйство",
    "photo": ""
  }
},
{
  "model": "products.generalcategories",
  "pk": 1,
  "fields": {
    "title": "Здоровое питание",
    "photo": ""
  }
},
{
  "model": "products.generalcategories",
  "pk": 2,
  "fields": {
    "title": "Фастфуд",
    "photo": ""
  }
},
{
  "model": "products.generalcategories",
  "pk": 3,
  "fields": {
    "title": "Хоз товары",
    "photo": ""
  }
},
{
  "model": "products.generalcategories",
  "pk": 4,
  "fields": {
    "title": "Продуктовые товары",
    "photo": ""
  }
},
{
  "model": "products.generalcategories",
  "pk": 5,
  "fields": {
    "title": "Халал продукции",
    "photo": ""
  }
},
{
  "model": "products.additionalattributes",
  "pk": 1,
  "fields": {
    "title": "Детская площадка",
    "photo": ""
  }
},
{
  "model": "products.additionalattributes",
  "pk": 2,
  "fields": {
    "title": "Живая музыка",
    "photo": ""
  }
},
{
  "model": "products.additionalattributes",
  "pk": 3,
  "fields": {
    "title": "Ифтар",
    "photo": ""
  }
},
{
  "model": "products.shop",
  "pk": 1,
  "fields": {
    "title": "Местная лавка Айналайын",
    "description": "Лучшие и свежие продукты домашнего производства",
    "created_at": "2024-03-01T06:20:08.075Z",
    "updated_at": "2024-04-15T18:08:48.114Z",
    "photo": "photos/2024/03/01/ainalaiyn.jpeg",
    "is_published": true,
    "rating": 4.0,
    "coordinate_w": 51.128552,
    "coordinate_h": 71.420332,
    "city": 2,
    "address": "пр. Кунаева 36а, 3 этаж",
    "workTime": "09:00-21:00",
    "phoneNumber": "+7 (707) 777-77-77",
    "instagram_login": null,
    "tiktok_login": null,
    "web_site": null,
    "premium_status": null,
    "typeOfShop": 1,
    "sorting_number": null,
    "youtube_src": null,
    "generalType": [],
    "deliveryType": [],
    "additionalAttributes": []
  }
},
{
  "model": "products.shop",
  "pk": 2,
  "fields": {
    "title": "Магазин Svoy",
    "description": "Магазин Svoy",
    "created_at": "2024-03-01T07:07:01.210Z",
    "updated_at": "2024-05-01T14:02:41.496Z",
    "photo": "photos/2024/03/01/svoy.jpg",
    "is_published": true,
    "rating": 3.0,
    "coordinate_w": 51.11936,
    "coordinate_h": 71.407828,
    "city": 2,
    "address": "пр. Кабанбай батыра 34, 1 этаж",
    "workTime": "08:00 - 17:00",
    "phoneNumber": "+7 (707) 777-77-77",
    "instagram_login": null,
    "tiktok_login": null,
    "web_site": null,
    "premium_status": 2,
    "typeOfShop": 1,
    "sorting_number": null,
    "youtube_src": null,
    "generalType": [],
    "deliveryType": [
      4,
      1
    ],
    "additionalAttributes": []
  }
},
{
  "model": "products.shop",
  "pk": 3,
  "fields": {
    "title": "Магазин игрушек Dendy",
    "description": "Cеть обувных магазинов \"ДАНДИ\" является официальным партнером обувной компании RIEKER, а также единственным продавцом обуви PODIO на Северо-Западе. Более того, в магазинах представлены другие известные бренды.\r\n\r\nПартнерские отношения с ведущими производителями позволяют предлагать высококачественную продукцию по конкурентоспособным ценам.",
    "created_at": "2024-03-01T07:07:38.074Z",
    "updated_at": "2024-04-15T18:08:41.159Z",
    "photo": "photos/2024/03/01/dendi_NfFTNoF.jpg",
    "is_published": true,
    "rating": 5.0,
    "coordinate_w": 51.117958,
    "coordinate_h": 71.459265,
    "city": 2,
    "address": "пр. Калдаякова 6, 3 подъезд, 1 этаж",
    "workTime": "09:00-21:00",
    "phoneNumber": "+7 (707) 777-77-77",
    "instagram_login": null,
    "tiktok_login": null,
    "web_site": null,
    "premium_status": 1,
    "typeOfShop": 1,
    "sorting_number": null,
    "youtube_src": null,
    "generalType": [],
    "deliveryType": [],
    "additionalAttributes": []
  }
},
{
  "model": "products.shop",
  "pk": 4,
  "fields": {
    "title": "Анвар",
    "description": "Супермаркет",
    "created_at": "2024-03-02T05:25:37.814Z",
    "updated_at": "2024-05-11T11:53:36.030Z",
    "photo": "photos/2024/03/02/jszRgfxDIU_a4_710x444.jpeg",
    "is_published": true,
    "rating": 5.0,
    "coordinate_w": 47.104493,
    "coordinate_h": 51.909517,
    "city": 1,
    "address": "проспект Туран, 45",
    "workTime": "09:00-21:00",
    "phoneNumber": "+7 (7132) 44-47-77",
    "instagram_login": null,
    "tiktok_login": null,
    "web_site": null,
    "premium_status": 2,
    "typeOfShop": 1,
    "sorting_number": 3,
    "youtube_src": null,
    "generalType": [],
    "deliveryType": [
      2,
      4,
      3,
      1
    ],
    "additionalAttributes": []
  }
},
{
  "model": "products.shop",
  "pk": 5,
  "fields": {
    "title": "Zam",
    "description": "Магазин продуктов",
    "created_at": "2024-03-02T05:26:47.134Z",
    "updated_at": "2024-04-15T18:08:35.289Z",
    "photo": "photos/2024/03/02/images.jpeg",
    "is_published": true,
    "rating": 4.0,
    "coordinate_w": 51.121446,
    "coordinate_h": 71.397335,
    "city": 2,
    "address": "улица Абикена Бектурова, 7",
    "workTime": "09:00-21:00",
    "phoneNumber": "87083324343",
    "instagram_login": null,
    "tiktok_login": null,
    "web_site": null,
    "premium_status": null,
    "typeOfShop": 1,
    "sorting_number": null,
    "youtube_src": null,
    "generalType": [],
    "deliveryType": [],
    "additionalAttributes": []
  }
},
{
  "model": "products.shop",
  "pk": 6,
  "fields": {
    "title": "Omarket",
    "description": "Магазин продуктов супермаркет",
    "created_at": "2024-03-02T05:27:46.286Z",
    "updated_at": "2024-07-01T13:20:37.743Z",
    "photo": "photos/2024/03/02/images_1.jpeg",
    "is_published": true,
    "rating": 5.0,
    "coordinate_w": 51.110771,
    "coordinate_h": 71.426198,
    "city": 2,
    "address": "улица Туркестан, 10",
    "workTime": "08:00 - 17:00",
    "phoneNumber": "87083324343",
    "instagram_login": null,
    "tiktok_login": null,
    "web_site": null,
    "premium_status": 1,
    "typeOfShop": 1,
    "sorting_number": 6,
    "youtube_src": null,
    "generalType": [],
    "deliveryType": [],
    "additionalAttributes": []
  }
},
{
  "model": "products.shop",
  "pk": 7,
  "fields": {
    "title": "Инабат",
    "description": "Супермаркетмагазин продуктов",
    "created_at": "2024-03-02T05:28:45.420Z",
    "updated_at": "2024-05-04T09:10:33.469Z",
    "photo": "photos/2024/03/02/online-shopping-trolley-click-and-collect-order-logo-design-template-vector.jpg",
    "is_published": true,
    "rating": 3.0,
    "coordinate_w": 51.095416,
    "coordinate_h": 71.408384,
    "city": 2,
    "address": "проспект Кабанбай Батыра, 58Бк4",
    "workTime": "09:00-21:00",
    "phoneNumber": "87083324343",
    "instagram_login": null,
    "tiktok_login": null,
    "web_site": null,
    "premium_status": null,
    "typeOfShop": 1,
    "sorting_number": 4,
    "youtube_src": null,
    "generalType": [],
    "deliveryType": [],
    "additionalAttributes": []
  }
},
{
  "model": "products.shop",
  "pk": 8,
  "fields": {
    "title": "Береке",
    "description": "Магазин продуктов",
    "created_at": "2024-03-03T05:28:57.559Z",
    "updated_at": "2024-03-09T14:09:55.511Z",
    "photo": "photos/2024/03/03/bereke_300_140.png",
    "is_published": true,
    "rating": 0.0,
    "coordinate_w": 51.096728,
    "coordinate_h": 71.413065,
    "city": 2,
    "address": "проспект Улы Дала, 58",
    "workTime": "08:00 - 17:00",
    "phoneNumber": "87083324343",
    "instagram_login": null,
    "tiktok_login": null,
    "web_site": null,
    "premium_status": null,
    "typeOfShop": 1,
    "sorting_number": null,
    "youtube_src": null,
    "generalType": [
      4
    ],
    "deliveryType": [
      2,
      4,
      3,
      1
    ],
    "additionalAttributes": []
  }
},
{
  "model": "products.shop",
  "pk": 9,
  "fields": {
    "title": "Газовик",
    "description": "Магазин продуктов",
    "created_at": "2024-03-03T05:31:30.298Z",
    "updated_at": "2024-04-15T18:08:20.032Z",
    "photo": "photos/2024/03/03/images.png",
    "is_published": true,
    "rating": 4.2,
    "coordinate_w": 51.139861,
    "coordinate_h": 71.44685,
    "city": 2,
    "address": "микрорайон Акбулак-3, 35",
    "workTime": "09:00-21:00",
    "phoneNumber": "87083324343",
    "instagram_login": null,
    "tiktok_login": null,
    "web_site": null,
    "premium_status": null,
    "typeOfShop": 1,
    "sorting_number": null,
    "youtube_src": null,
    "generalType": [
      3
    ],
    "deliveryType": [
      4,
      3,
      1
    ],
    "additionalAttributes": []
  }
},
{
  "model": "products.shop",
  "pk": 10,
  "fields": {
    "title": "Мир",
    "description": "Магазин продуктов",
    "created_at": "2024-03-03T05:33:19.892Z",
    "updated_at": "2024-03-10T15:58:33.476Z",
    "photo": "photos/2024/03/03/mir.jpg",
    "is_published": true,
    "rating": 3.3,
    "coordinate_w": 51.148563,
    "coordinate_h": 71.427222,
    "city": 2,
    "address": "улица Зорге, 3/1, микрорайон Шубар, Астана",
    "workTime": "09:00-21:00",
    "phoneNumber": "87083324343",
    "instagram_login": null,
    "tiktok_login": null,
    "web_site": null,
    "premium_status": 1,
    "typeOfShop": 3,
    "sorting_number": null,
    "youtube_src": null,
    "generalType": [
      4,
      2
    ],
    "deliveryType": [
      2,
      4,
      1
    ],
    "additionalAttributes": []
  }
},
{
  "model": "products.shop",
  "pk": 11,
  "fields": {
    "title": "АйМар",
    "description": "Продуктовый магазин",
    "created_at": "2024-03-03T05:36:25.622Z",
    "updated_at": "2024-03-09T14:09:25.892Z",
    "photo": "photos/2024/03/03/toys_icon.png",
    "is_published": true,
    "rating": 2.1,
    "coordinate_w": 51.149004,
    "coordinate_h": 71.362768,
    "city": 2,
    "address": "Кургальжинское шоссе, 31А",
    "workTime": "09:00-21:00",
    "phoneNumber": "87083324343",
    "instagram_login": null,
    "tiktok_login": null,
    "web_site": null,
    "premium_status": null,
    "typeOfShop": 1,
    "sorting_number": null,
    "youtube_src": null,
    "generalType": [],
    "deliveryType": [],
    "additionalAttributes": []
  }
},
{
  "model": "products.shop",
  "pk": 12,
  "fields": {
    "title": "Курага",
    "description": "Описание магазина",
    "created_at": "2024-03-03T12:19:48.071Z",
    "updated_at": "2024-03-09T14:09:33.013Z",
    "photo": "photos/2024/03/03/logo_466x134.png",
    "is_published": true,
    "rating": 3.2,
    "coordinate_w": 51.152637,
    "coordinate_h": 71.462948,
    "city": 2,
    "address": "улица Кажымукана, 6, Астана",
    "workTime": "09:00-21:00",
    "phoneNumber": "87083324343",
    "instagram_login": null,
    "tiktok_login": null,
    "web_site": null,
    "premium_status": 2,
    "typeOfShop": 1,
    "sorting_number": null,
    "youtube_src": null,
    "generalType": [
      4
    ],
    "deliveryType": [
      3,
      1
    ],
    "additionalAttributes": []
  }
},
{
  "model": "products.shop",
  "pk": 13,
  "fields": {
    "title": "Aura на Мангилик ел",
    "description": "Уютный семейный ресторан с душевной атмосферой\r\n\r\nAura Verdant Restaurant — уютный семейный ресторан с душевной атмосферой, куда можно приходить каждый день, чтобы приятно провести время с семьёй или в кругу близких людей. Название ресторана идеально гармонирует с атмосферой заведения: пышная зелень, шум водопадов, изысканная мебель в духе французского прованса, открытая кухня создают свою неповторимую атмосферу, ауру.",
    "created_at": "2024-03-10T16:06:53.186Z",
    "updated_at": "2024-07-01T16:48:23.784Z",
    "photo": "photos/2024/03/10/aura-restoran.jpg",
    "is_published": true,
    "rating": 4.9,
    "coordinate_w": 51.137889,
    "coordinate_h": 71.434112,
    "city": 2,
    "address": "улица Арай, 29А",
    "workTime": "09:00-21:00",
    "phoneNumber": "87083324343",
    "instagram_login": null,
    "tiktok_login": null,
    "web_site": null,
    "premium_status": 2,
    "typeOfShop": 3,
    "sorting_number": 5,
    "youtube_src": "https://www.youtube.com/embed/SmM0653YvXU?si=DX6P_-8jeA5o2RDg",
    "generalType": [
      1,
      4,
      5
    ],
    "deliveryType": [
      3,
      1
    ],
    "additionalAttributes": [
      1,
      2,
      3
    ]
  }
},
{
  "model": "products.shop",
  "pk": 14,
  "fields": {
    "title": "Магазин сантехники",
    "description": "Сантехника",
    "created_at": "2024-04-21T13:27:40.046Z",
    "updated_at": "2024-07-01T16:55:44.300Z",
    "photo": "photos/2024/04/21/plumbing-100kb.jpg",
    "is_published": true,
    "rating": 4.2,
    "coordinate_w": 0.0,
    "coordinate_h": 0.0,
    "city": 2,
    "address": "г. Алматы",
    "workTime": "09:00-24:00",
    "phoneNumber": "87083324343",
    "instagram_login": "st_taiman",
    "tiktok_login": "tiktok",
    "web_site": "https://ezqr.kz/",
    "premium_status": 2,
    "typeOfShop": 1,
    "sorting_number": 2,
    "youtube_src": "https://www.youtube.com/embed/SmM0653YvXU?si=UAyWi8MD6YDUT43g",
    "generalType": [],
    "deliveryType": [],
    "additionalAttributes": []
  }
},
{
  "model": "products.shopimage",
  "pk": 1,
  "fields": {
    "shop": 14,
    "image": "shop_images/2024/07/01/KD49XF7596BR-7300-600x600.png",
    "description": ""
  }
},
{
  "model": "products.shopimage",
  "pk": 3,
  "fields": {
    "shop": 14,
    "image": "shop_images/2024/07/01/levant-galaxy-s24-s928-sm-s928bztwmea-thumb-539426054_kcZtbcK.webp",
    "description": ""
  }
},
{
  "model": "products.productprice",
  "pk": 1,
  "fields": {
    "shop": 3,
    "product": 6,
    "price": 3599.0,
    "new_price": 0.0,
    "created_at": "2024-03-01T18:26:18.110Z",
    "updated_at": "2024-03-01T18:26:18.110Z"
  }
},
{
  "model": "products.productprice",
  "pk": 2,
  "fields": {
    "shop": 3,
    "product": 5,
    "price": 9665.0,
    "new_price": 0.0,
    "created_at": "2024-03-01T18:26:27.320Z",
    "updated_at": "2024-03-01T18:26:27.320Z"
  }
},
{
  "model": "products.productprice",
  "pk": 3,
  "fields": {
    "shop": 3,
    "product": 4,
    "price": 4812.0,
    "new_price": 0.0,
    "created_at": "2024-03-01T18:26:38.187Z",
    "updated_at": "2024-03-01T18:26:38.187Z"
  }
},
{
  "model": "products.productprice",
  "pk": 4,
  "fields": {
    "shop": 3,
    "product": 3,
    "price": 5549.0,
    "new_price": 0.0,
    "created_at": "2024-03-01T18:26:46.688Z",
    "updated_at": "2024-03-01T18:26:46.688Z"
  }
},
{
  "model": "products.productprice",
  "pk": 5,
  "fields": {
    "shop": 2,
    "product": 6,
    "price": 4200.0,
    "new_price": 0.0,
    "created_at": "2024-03-02T10:11:17.956Z",
    "updated_at": "2024-03-02T10:11:17.956Z"
  }
},
{
  "model": "products.productprice",
  "pk": 6,
  "fields": {
    "shop": 7,
    "product": 7,
    "price": 2800.0,
    "new_price": 0.0,
    "created_at": "2024-03-02T14:06:32.240Z",
    "updated_at": "2024-03-02T14:06:32.240Z"
  }
},
{
  "model": "products.productprice",
  "pk": 7,
  "fields": {
    "shop": 6,
    "product": 7,
    "price": 2750.0,
    "new_price": 0.0,
    "created_at": "2024-03-02T14:06:38.427Z",
    "updated_at": "2024-03-02T14:06:38.427Z"
  }
},
{
  "model": "products.productprice",
  "pk": 8,
  "fields": {
    "shop": 5,
    "product": 7,
    "price": 2900.0,
    "new_price": 0.0,
    "created_at": "2024-03-02T14:06:45.618Z",
    "updated_at": "2024-03-02T14:06:45.618Z"
  }
},
{
  "model": "products.productprice",
  "pk": 9,
  "fields": {
    "shop": 4,
    "product": 7,
    "price": 2699.0,
    "new_price": 0.0,
    "created_at": "2024-03-02T14:06:52.735Z",
    "updated_at": "2024-03-02T14:06:52.735Z"
  }
},
{
  "model": "products.productprice",
  "pk": 10,
  "fields": {
    "shop": 2,
    "product": 7,
    "price": 2870.0,
    "new_price": 0.0,
    "created_at": "2024-03-02T14:07:06.400Z",
    "updated_at": "2024-03-02T14:07:06.400Z"
  }
},
{
  "model": "products.productprice",
  "pk": 11,
  "fields": {
    "shop": 7,
    "product": 8,
    "price": 3000.0,
    "new_price": 0.0,
    "created_at": "2024-03-02T14:27:00.755Z",
    "updated_at": "2024-03-02T14:27:00.755Z"
  }
},
{
  "model": "products.productprice",
  "pk": 12,
  "fields": {
    "shop": 5,
    "product": 8,
    "price": 2980.0,
    "new_price": 0.0,
    "created_at": "2024-03-02T14:27:08.398Z",
    "updated_at": "2024-03-02T14:27:08.398Z"
  }
},
{
  "model": "products.productprice",
  "pk": 13,
  "fields": {
    "shop": 11,
    "product": 11,
    "price": 1800.0,
    "new_price": 1700.0,
    "created_at": "2024-03-03T05:50:15.027Z",
    "updated_at": "2024-03-03T05:50:15.027Z"
  }
},
{
  "model": "products.productprice",
  "pk": 14,
  "fields": {
    "shop": 10,
    "product": 11,
    "price": 1788.0,
    "new_price": 0.0,
    "created_at": "2024-03-03T05:50:28.923Z",
    "updated_at": "2024-03-03T05:50:28.923Z"
  }
},
{
  "model": "products.productprice",
  "pk": 15,
  "fields": {
    "shop": 8,
    "product": 11,
    "price": 1950.0,
    "new_price": 0.0,
    "created_at": "2024-03-03T05:50:38.872Z",
    "updated_at": "2024-03-03T05:50:38.872Z"
  }
},
{
  "model": "products.productprice",
  "pk": 16,
  "fields": {
    "shop": 6,
    "product": 17,
    "price": 990.0,
    "new_price": 0.0,
    "created_at": "2024-03-03T06:21:36.261Z",
    "updated_at": "2024-03-03T06:21:36.261Z"
  }
},
{
  "model": "products.productprice",
  "pk": 17,
  "fields": {
    "shop": 5,
    "product": 17,
    "price": 980.0,
    "new_price": 0.0,
    "created_at": "2024-03-03T06:21:47.460Z",
    "updated_at": "2024-03-03T06:21:47.460Z"
  }
},
{
  "model": "products.productprice",
  "pk": 18,
  "fields": {
    "shop": 5,
    "product": 16,
    "price": 600.0,
    "new_price": 0.0,
    "created_at": "2024-03-03T06:21:58.273Z",
    "updated_at": "2024-03-03T06:21:58.273Z"
  }
},
{
  "model": "products.productprice",
  "pk": 19,
  "fields": {
    "shop": 8,
    "product": 16,
    "price": 590.0,
    "new_price": 0.0,
    "created_at": "2024-03-03T06:22:05.413Z",
    "updated_at": "2024-03-03T06:22:05.413Z"
  }
},
{
  "model": "products.productprice",
  "pk": 20,
  "fields": {
    "shop": 3,
    "product": 17,
    "price": 890.0,
    "new_price": 920.0,
    "created_at": "2024-03-03T06:23:45.311Z",
    "updated_at": "2024-03-03T07:42:53.328Z"
  }
},
{
  "model": "products.productprice",
  "pk": 21,
  "fields": {
    "shop": 2,
    "product": 17,
    "price": 975.0,
    "new_price": 1000.0,
    "created_at": "2024-03-03T06:23:54.151Z",
    "updated_at": "2024-03-03T07:42:39.804Z"
  }
},
{
  "model": "products.productprice",
  "pk": 22,
  "fields": {
    "shop": 12,
    "product": 18,
    "price": 300.0,
    "new_price": 320.0,
    "created_at": "2024-03-03T12:22:29.278Z",
    "updated_at": "2024-03-03T12:22:29.278Z"
  }
},
{
  "model": "products.productprice",
  "pk": 23,
  "fields": {
    "shop": 13,
    "product": 20,
    "price": 2900.0,
    "new_price": 3200.0,
    "created_at": "2024-03-10T18:00:00.862Z",
    "updated_at": "2024-03-10T18:00:00.862Z"
  }
},
{
  "model": "products.productprice",
  "pk": 24,
  "fields": {
    "shop": 13,
    "product": 19,
    "price": 6500.0,
    "new_price": 8400.0,
    "created_at": "2024-03-10T18:00:13.631Z",
    "updated_at": "2024-03-10T18:00:13.631Z"
  }
},
{
  "model": "products.productprice",
  "pk": 25,
  "fields": {
    "shop": 12,
    "product": 15,
    "price": 950.0,
    "new_price": 900.0,
    "created_at": "2024-04-14T19:57:43.085Z",
    "updated_at": "2024-04-14T19:57:43.085Z"
  }
},
{
  "model": "products.productprice",
  "pk": 26,
  "fields": {
    "shop": 1,
    "product": 17,
    "price": 900.0,
    "new_price": 920.0,
    "created_at": "2024-04-15T09:31:10.682Z",
    "updated_at": "2024-04-15T09:31:10.682Z"
  }
},
{
  "model": "products.productprice",
  "pk": 27,
  "fields": {
    "shop": 14,
    "product": 21,
    "price": 2000.0,
    "new_price": 0.0,
    "created_at": "2024-04-21T13:29:31.985Z",
    "updated_at": "2024-04-21T13:29:31.985Z"
  }
},
{
  "model": "products.productprice",
  "pk": 28,
  "fields": {
    "shop": 4,
    "product": 1,
    "price": 2900.0,
    "new_price": 3100.0,
    "created_at": "2024-05-11T12:06:05.125Z",
    "updated_at": "2024-05-11T12:06:05.125Z"
  }
},
{
  "model": "products.productprice",
  "pk": 29,
  "fields": {
    "shop": 4,
    "product": 17,
    "price": 880.0,
    "new_price": 920.0,
    "created_at": "2024-05-11T12:19:16.768Z",
    "updated_at": "2024-05-11T12:19:16.768Z"
  }
},
{
  "model": "products.productprice",
  "pk": 30,
  "fields": {
    "shop": 8,
    "product": 13,
    "price": 4900.0,
    "new_price": 5900.0,
    "created_at": "2024-05-13T05:23:19.504Z",
    "updated_at": "2024-05-13T05:23:19.504Z"
  }
},
{
  "model": "products.productprice",
  "pk": 31,
  "fields": {
    "shop": 8,
    "product": 10,
    "price": 2900.0,
    "new_price": 3000.0,
    "created_at": "2024-05-14T06:28:59.478Z",
    "updated_at": "2024-05-14T06:28:59.478Z"
  }
},
{
  "model": "products.productprice",
  "pk": 32,
  "fields": {
    "shop": 7,
    "product": 10,
    "price": 3000.0,
    "new_price": 3200.0,
    "created_at": "2024-05-14T06:29:24.797Z",
    "updated_at": "2024-05-14T06:29:24.797Z"
  }
},
{
  "model": "banners.banners",
  "pk": 1,
  "fields": {
    "title": "Акция 3",
    "description": "1",
    "shop": null,
    "link": "http://localhost:3000/product/9",
    "photo": "banners/2024/03/10/banner3.png",
    "created_at": "2024-03-10T10:38:32.432Z",
    "updated_at": "2024-05-11T12:11:06.618Z",
    "city": 4,
    "deadline_date": "2024-07-01"
  }
},
{
  "model": "banners.banners",
  "pk": 2,
  "fields": {
    "title": "Акция 2",
    "description": "1",
    "shop": null,
    "link": "http://localhost:3000/product/9",
    "photo": "banners/2024/03/10/banner2.png",
    "created_at": "2024-03-10T10:49:54.889Z",
    "updated_at": "2024-05-11T12:11:04.176Z",
    "city": 1,
    "deadline_date": "2024-07-01"
  }
},
{
  "model": "banners.banners",
  "pk": 3,
  "fields": {
    "title": "Акция 1",
    "description": "При заказе сочного стейка, кружка светлого в подарок",
    "shop": null,
    "link": "http://localhost:3000/product/9",
    "photo": "banners/2024/03/10/banner1.png",
    "created_at": "2024-03-10T10:50:13.949Z",
    "updated_at": "2024-05-11T12:13:46.496Z",
    "city": 1,
    "deadline_date": "2024-07-01"
  }
},
{
  "model": "banners.banners",
  "pk": 4,
  "fields": {
    "title": "Акция 4",
    "description": "1",
    "shop": null,
    "link": "http://localhost:3000/product/9",
    "photo": "banners/2024/03/10/banner4.png",
    "created_at": "2024-03-10T15:49:19.512Z",
    "updated_at": "2024-05-11T12:10:55.898Z",
    "city": 2,
    "deadline_date": "2024-07-01"
  }
},
{
  "model": "banners.banners",
  "pk": 5,
  "fields": {
    "title": "Акция 5",
    "description": "1",
    "shop": null,
    "link": "http://localhost:5173/home",
    "photo": "banners/2024/04/13/натуральный.jpg",
    "created_at": "2024-04-13T11:49:28.315Z",
    "updated_at": "2024-05-11T12:10:49.412Z",
    "city": 2,
    "deadline_date": "2024-07-01"
  }
},
{
  "model": "banners.banners",
  "pk": 6,
  "fields": {
    "title": "Акция 6",
    "description": "Тибон-стейк (T-bone) - тяжелый и сытный стейк, который получил свое название за Т-образную косточку. Она разделяет в нем два разных вида мяса: филейное с тонкого края (стриплойна), обладающее самым выраженным \"говяжьим\" вкусом, и нежное мясо средней части вырезки.",
    "shop": null,
    "link": "/dishes-list/dishes?categories=19&productGeneralTypes=4,6&pageNumber=1&",
    "photo": "banners/2024/04/13/ПП.jpg",
    "created_at": "2024-04-13T11:50:12.168Z",
    "updated_at": "2024-05-11T12:10:58.627Z",
    "city": 2,
    "deadline_date": "2024-07-01"
  }
},
{
  "model": "banners.banners",
  "pk": 7,
  "fields": {
    "title": "Акция 7",
    "description": "Главная акция года",
    "shop": 14,
    "link": "/shops/13",
    "photo": "banners/2024/05/14/photo_2024-05-14_10-56-51.png",
    "created_at": "2024-05-14T05:59:23.589Z",
    "updated_at": "2024-07-12T17:01:18.757Z",
    "city": 2,
    "deadline_date": "2024-08-12"
  }
},
{
  "model": "reviews.reviews",
  "pk": 1,
  "fields": {
    "user": "Сайдалиев Тайман",
    "label": "Сторонник правильного питания",
    "description": "Первое, что бросается в глаза на сайте, это его современный и эстетичный дизайн. Чистый макет и интуитивно понятная навигация позволяют легко ориентироваться на сайте. Использование цветовой схемы и шрифтов создает приятное визуальное впечатление.",
    "created_at": "2024-05-03T09:56:15.961Z",
    "updated_at": "2024-05-04T07:06:12.240Z",
    "grade": 5,
    "photo": "photos/2024/05/03/my_avatar_AkksEPA.png",
    "is_published": true
  }
},
{
  "model": "reviews.reviews",
  "pk": 2,
  "fields": {
    "user": "Алтынай Тургамнбаева",
    "label": "Вегетарианка",
    "description": "На сайте представлена обширная информация о различных темах. Я нашел полезные статьи и ресурсы, которые были актуальны и информативны. Функциональность сайта также заслуживает отдельного упоминания. Разнообразные возможности поиска и фильтрации делают его удобным инструментом для пользователей.",
    "created_at": "2024-05-03T09:56:48.787Z",
    "updated_at": "2024-05-04T07:06:33.009Z",
    "grade": 5,
    "photo": "photos/2024/05/03/EMHXBHWB8hg.jpg",
    "is_published": true
  }
},
{
  "model": "reviews.reviews",
  "pk": 3,
  "fields": {
    "user": "Айдос Демеуов",
    "label": "Спортсмен атлет",
    "description": "Сайт также предоставляет возможность оставлять отзывы и комментарии, что способствует активному взаимодействию с посетителями. Я оценил прозрачность и открытость сайта к обратной связи.",
    "created_at": "2024-05-03T09:57:35.735Z",
    "updated_at": "2024-08-25T07:14:50.780Z",
    "grade": 5,
    "photo": "photos/2024/05/03/127037382_701858743785292_5925637327024307205_n.jpg",
    "is_published": true
  }
},
{
  "model": "faq.faq",
  "pk": 1,
  "fields": {
    "question": "Как я могу отслеживать свой заказ?",
    "answer": "После оформления заказа вы получите номер для отслеживания по электронной почте. Вы можете использовать этот номер на нашем сайте в разделе \"Отслеживание заказа\" для проверки статуса вашего заказа.",
    "created_at": "2024-05-03T10:54:55.584Z",
    "updated_at": "2024-05-03T11:01:50.569Z",
    "is_published": true
  }
},
{
  "model": "faq.faq",
  "pk": 2,
  "fields": {
    "question": "Какие способы оплаты вы принимаете?",
    "answer": "Мы принимаем множество способов оплаты, включая кредитные карты, дебетовые карты, PayPal и прямые банковские переводы.",
    "created_at": "2024-05-03T10:55:04.461Z",
    "updated_at": "2024-05-03T11:01:57.195Z",
    "is_published": true
  }
},
{
  "model": "faq.faq",
  "pk": 3,
  "fields": {
    "question": "Могу ли я изменить или отменить заказ после его оформления?",
    "answer": "Заказы можно изменять или отменять в течение 24 часов после оформления. Пожалуйста, свяжитесь с нашей службой поддержки по телефону или электронной почте для дальнейших инструкций.",
    "created_at": "2024-05-03T10:55:15.225Z",
    "updated_at": "2024-05-03T11:02:04.405Z",
    "is_published": true
  }
},
{
  "model": "faq.faq",
  "pk": 4,
  "fields": {
    "question": "Какие условия возврата товара?",
    "answer": "Товары могут быть возвращены в течение 30 дней после покупки при условии, что они не использовались и находятся в оригинальной упаковке. Полную информацию о процессе возврата можно найти на странице \"Политика возврата\".",
    "created_at": "2024-05-03T11:02:10.406Z",
    "updated_at": "2024-05-03T11:02:10.406Z",
    "is_published": true
  }
},
{
  "model": "faq.faq",
  "pk": 5,
  "fields": {
    "question": "Каковы сроки доставки?",
    "answer": "Стандартная доставка занимает от 3 до 7 рабочих дней. Существуют также опции экспресс-доставки, которые можно выбрать при оформлении заказа.",
    "created_at": "2024-05-03T11:02:16.211Z",
    "updated_at": "2024-05-03T11:02:16.211Z",
    "is_published": true
  }
},
{
  "model": "faq.faq",
  "pk": 6,
  "fields": {
    "question": "Как мне узнать размеры одежды или обуви?",
    "answer": "В каждом описании товара есть ссылка на таблицу размеров, которая поможет вам выбрать правильный размер.",
    "created_at": "2024-05-03T11:02:22.838Z",
    "updated_at": "2024-05-03T11:02:22.838Z",
    "is_published": true
  }
},
{
  "model": "faq.faq",
  "pk": 7,
  "fields": {
    "question": "Что делать, если полученный товар поврежден?",
    "answer": "Если вы получили поврежденный товар, пожалуйста, сразу же сообщите об этом в нашу службу поддержки с фотографиями поврежденного товара для быстрого решения вопроса.",
    "created_at": "2024-05-03T11:02:30.599Z",
    "updated_at": "2024-05-03T11:02:30.599Z",
    "is_published": true
  }
},
{
  "model": "faq.faqcontactform",
  "pk": 1,
  "fields": {
    "email": "taimansaidaliev@gmail.com",
    "fio": "Сайдалиев Тайман",
    "question": "Вопрос 1",
    "created_at": "2024-05-03T11:26:52.187Z",
    "updated_at": "2024-05-03T11:26:52.187Z"
  }
},
{
  "model": "faq.faqcontactform",
  "pk": 8,
  "fields": {
    "email": "st_taiman@list.ru",
    "fio": "Тайман Сайдалиев",
    "question": "Сообщение",
    "created_at": "2024-05-03T12:07:32.934Z",
    "updated_at": "2024-05-03T12:07:32.934Z"
  }
},
{
  "model": "faq.faqcontactform",
  "pk": 9,
  "fields": {
    "email": "st_taiman@list.ru",
    "fio": "Тайман Сайдалиев",
    "question": "Вопрос новый",
    "created_at": "2024-05-03T12:08:01.047Z",
    "updated_at": "2024-05-03T12:08:01.047Z"
  }
},
{
  "model": "faq.faqcontactform",
  "pk": 10,
  "fields": {
    "email": "st_taiman@list.ru",
    "fio": "Тайман Сайдалиев",
    "question": "sdfgasdfasd",
    "created_at": "2024-05-03T12:09:45.448Z",
    "updated_at": "2024-05-03T12:09:45.448Z"
  }
},
{
  "model": "faq.faqcontactform",
  "pk": 11,
  "fields": {
    "email": "st_taiman@list.ru",
    "fio": "Тайман Сайдалиев",
    "question": "123",
    "created_at": "2024-05-03T12:11:20.042Z",
    "updated_at": "2024-05-03T12:11:20.042Z"
  }
},
{
  "model": "faq.faqcontactform",
  "pk": 12,
  "fields": {
    "email": "st_taiman@list.ru",
    "fio": "Taiman",
    "question": "asjdbgjksdbfkgbsd",
    "created_at": "2024-05-05T11:45:20.563Z",
    "updated_at": "2024-05-05T11:45:20.563Z"
  }
},
{
  "model": "faq.faqcontactform",
  "pk": 13,
  "fields": {
    "email": "st_taiman@list.ru",
    "fio": "aihgsbrdgh",
    "question": "siegrbsbhergilwoirgd",
    "created_at": "2024-05-14T06:00:43.423Z",
    "updated_at": "2024-05-14T06:00:43.423Z"
  }
},
{
  "model": "faq.faqcontactform",
  "pk": 14,
  "fields": {
    "email": "st_taiman@list.ru",
    "fio": "Фаризат",
    "question": "Кто хочет бургер?",
    "created_at": "2024-05-14T06:01:05.855Z",
    "updated_at": "2024-05-14T06:01:05.855Z"
  }
},
{
  "model": "subscription.subscriptionemail",
  "pk": 1,
  "fields": {
    "email": "taimansaidaliev@gmail.com",
    "created_at": "2024-05-03T12:25:57.695Z",
    "updated_at": "2024-05-03T12:25:57.695Z"
  }
},
{
  "model": "subscription.subscriptionemail",
  "pk": 2,
  "fields": {
    "email": "taimansaidaliev@gmail.com",
    "created_at": "2024-05-03T12:26:28.338Z",
    "updated_at": "2024-05-03T12:26:28.338Z"
  }
},
{
  "model": "subscription.subscriptionemail",
  "pk": 3,
  "fields": {
    "email": "st_taiman@list.ru",
    "created_at": "2024-05-03T12:31:08.712Z",
    "updated_at": "2024-05-03T12:31:08.713Z"
  }
},
{
  "model": "subscription.subscriptionemail",
  "pk": 4,
  "fields": {
    "email": "tim2@mail.com",
    "created_at": "2024-05-03T12:31:19.925Z",
    "updated_at": "2024-05-03T12:31:19.925Z"
  }
},
{
  "model": "subscription.subscriptionemail",
  "pk": 5,
  "fields": {
    "email": "taimansaidaliev@gmail.com",
    "created_at": "2024-05-04T08:48:35.886Z",
    "updated_at": "2024-05-04T08:48:35.886Z"
  }
},
{
  "model": "subscription.subscriptionemail",
  "pk": 6,
  "fields": {
    "email": "st_taiman@list.ru",
    "created_at": "2024-05-05T11:45:02.351Z",
    "updated_at": "2024-05-05T11:45:02.351Z"
  }
},
{
  "model": "subscription.subscriptionemail",
  "pk": 7,
  "fields": {
    "email": "taimansaidaliev@gmail.com",
    "created_at": "2024-05-14T06:04:12.260Z",
    "updated_at": "2024-05-14T06:04:12.260Z"
  }
},
{
  "model": "pages.page",
  "pk": 1,
  "fields": {
    "title": "Стать партнером",
    "slug": "partnership",
    "content": "Для отображения HTML-контента в React, который хранится в переменной или приходит из API, нужно воспользоваться атрибутом dangerouslySetInnerHTML. Этот атрибут позволяет вставить \"сырой\" HTML в ваш компонент. Он называется \"опасным\", потому что вставка HTML из ненадежных источников может привести к XSS-атакам (межсайтовым скриптингом), поэтому нужно быть уверенным в безопасности источника данных.\r\n\r\nКак использовать dangerouslySetInnerHTML:\r\nВ вашем случае, для того чтобы отобразить HTML содержимое поля page.content, вы можете изменить ваш компонент следующим образом:\r\n\r\njavascript\r\nCopy code\r\nimport { Breadcrumb } from \"@/components\";\r\nimport { usePageBySlug } from \"@/hooks/useData\";\r\nimport { useParams } from \"react-router-dom\";\r\n\r\nexport default function Page() {\r\n  const { pageSlug } = useParams();\r\n  const {data: page} = usePageBySlug({slug: pageSlug?.toString() ?? ''});\r\n\r\n  return (\r\n      <>\r\n        <Breadcrumb title=\"Поиск\" />\r\n        <section className=\"py-10\">\r\n          <div className=\"container\">\r\n            <div>{pageSlug}</div>\r\n            <div dangerouslySetInnerHTML={{ __html: page?.content || \"\" }}></div>\r\n          </div>\r\n        </section>\r\n      </>\r\n  );\r\n}\r\nОписание изменений:\r\ndangerouslySetInnerHTML: Это свойство объекта принимает другой объект с ключом __html, где значение — это строка с HTML-кодом, который вы хотите отобразить. Если page.content может быть undefined или null, то добавление || \"\" гарантирует, что в dangerouslySetInnerHTML не будет передан undefined или null, что могло бы вызвать ошибки.\r\nБезопасность:\r\nИспользование dangerouslySetInnerHTML необходимо с осторожностью. Если вы не уверены в чистоте HTML-контента (например, контент может быть предоставлен пользователями), важно сначала очистить этот HTML от потенциально вредоносных скриптов или стилей. Для этого можно использовать библиотеки, такие как dompurify:\r\n\r\nbash\r\nCopy code\r\nnpm install dompurify\r\nПример использования dompurify:\r\n\r\njavascript\r\nCopy code\r\nimport DOMPurify from 'dompurify';\r\n\r\nconst cleanHTML = DOMPurify.sanitize(page?.content);\r\nИ затем используйте cleanHTML в dangerouslySetInnerHTML:\r\n\r\njavascript\r\nCopy code\r\n<div dangerouslySetInnerHTML={{ __html: cleanHTML }}></div>\r\nЭто обеспечит большую безопасность при отображении HTML-контента, предотвратив потенциальные XSS-атаки.\r\n<br/>\r\n<a href=\"/home\">Перейти на главную страницу</a>",
    "created_at": "2024-05-03T12:41:13.874Z",
    "updated_at": "2024-05-13T06:06:01.217Z",
    "photo": "photos/2024/05/03/banner4.png",
    "is_published": true
  }
},
{
  "model": "pages.page",
  "pk": 2,
  "fields": {
    "title": "О компании",
    "slug": "about_us",
    "content": "<h3 class=\"font-semibold\">Революция в индустрии обслуживания: как единый агрегатор изменяет ресторанный и розничный ландшафт страны</h3>\r\n\r\n<p>В настоящее время мы становимся свидетелями знаменательных сдвигов в индустрии обслуживания, где технологии и новаторские подходы кардинально изменяют способы взаимодействия потребителей с ресторанами и магазинами. Одной из ведущих сил, стоящих за этими изменениями, является появление агрегаторов, предлагающих единые платформы для доступа к широкому спектру услуг. Среди них выделяется компания, которая за короткое время смогла не только ощутимо повлиять на рынок города, но и начать своё тиражирование по всей стране.</p>\r\n\r\n<h4 class=\"font-semibold\">Инновации на службе потребителя</h4>\r\n\r\n<p>Компания, начавшая свою деятельность в одном из крупных городов, быстро стала известна благодаря своей инновационной платформе, которая объединяет рестораны и розничные магазины в единую сеть. Это позволяет пользователям с легкостью находить необходимые товары и услуги, сравнивать цены, читать отзывы других клиентов и делать заказы онлайн с доставкой на дом или бронированием столика в ресторане.</p>\r\n\r\n<p>Важным аспектом деятельности компании является стремление к максимальной клиентоориентированности. Взаимодействие с платформой строится таким образом, чтобы каждый пользователь чувствовал уверенность в качестве и надежности предлагаемых услуг. Адаптивный интерфейс, персонализированные предложения, оперативная поддержка &mdash; все это делает использование сервиса максимально удобным и приятным.</p>\r\n\r\n<h4 class=\"font-semibold\">Расширение географии и ассортимента</h4>\r\n\r\n<p>Изначально работа компании была сосредоточена в пределах одного города, но благодаря высокому спросу и положительным отзывам потребителей, было принято решение о масштабировании проекта. Так, платформа начала свое быстрое распространение по другим городам и регионам, становясь доступной большему количеству пользователей. Сегодня она охватывает большинство крупных городских центров страны, предоставляя доступ к сотням ресторанов и магазинов.</p>\r\n\r\n<p>Разнообразие предложений на платформе поражает воображение: от эксклюзивных гастрономических заведений до широко известных сетевых ресторанов, от магазинов с органическими продуктами до крупных супермаркетов. Это позволяет каждому пользователю найти то, что подходит именно ему, в зависимости от личных предпочтений и финансовых возможностей.</p>\r\n\r\n<h4 class=\"font-semibold\">Технологии и перспективы развития</h4>\r\n\r\n<p>Основой успеха компании является активное использование современных технологий. Искусственный интеллект для анализа предпочтений клиентов и предсказания трендов, большие данные для оптимизации логистики и управления запасами, мобильные приложения, которые делают процесс заказа максимально простым и быстрым &mdash; все эти технологии находят активное применение в работе платформы.</p>\r\n\r\n<p>В будущем компания планирует не только продолжить расширение географии своего присутствия, но и внедрить дополнительные сервисы, такие как программа лояльности с персонализированными бонусами и скидками, улучшение условий для сотрудничества с малым и средним бизнесом, а также разработка уникальных предложений для корпоративных клиентов.</p>",
    "created_at": "2024-05-04T09:21:39.420Z",
    "updated_at": "2024-05-04T09:22:56.909Z",
    "photo": "photos/2024/05/04/forgotpassword.png",
    "is_published": true
  }
},
{
  "model": "pages.page",
  "pk": 3,
  "fields": {
    "title": "Наша команда",
    "slug": "our_command",
    "content": "<div class=\"max-w-7xl mx-auto sm:px-6 lg:px-8\">\r\n            <p class=\"mb-8 text-lg\">Наша команда состоит из талантливых профессионалов, каждый из которых вносит уникальный вклад в развитие нашей компании. Мы стремимся предоставлять инновационные решения и высокий уровень сервиса нашим клиентам.</p>\r\n            \r\n            <div class=\"grid grid-cols-1 md:grid-cols-2 lg:grid-cols-3 gap-6\">\r\n                <div class=\"bg-white p-6 shadow-sm rounded-lg\">\r\n                    <img class=\"w-32 h-32 rounded-full mx-auto mb-6\" src=\"http://127.0.0.1:8000/media/other/mainpage/2024/05/04/avatar3.png\" alt=\"Фото Ивана Иванова\">\r\n                    <h2 class=\"text-xl font-semibold text-center\">Гаухар Жанбырбаева</h2>\r\n                    <p class=\"text-center text-sm text-gray-600\">Основатель и CEO</p>\r\n                    <p class=\"text-center mt-4\">Иван имеет более 20 лет опыта в сфере информационных технологий и успешно руководит нашей компанией с момента ее основания.</p>\r\n                </div>\r\n\r\n                <div class=\"bg-white p-6 shadow-sm rounded-lg\">\r\n                    <img class=\"w-32 h-32 rounded-full mx-auto mb-6\" src=\"http://127.0.0.1:8000/media/photos/2024/05/03/EMHXBHWB8hg.jpg\" alt=\"Фото Марии Петровой\">\r\n                    <h2 class=\"text-xl font-semibold text-center\">Фариза</h2>\r\n                    <p class=\"text-center text-sm text-gray-600\">Директор по маркетингу</p>\r\n                    <p class=\"text-center mt-4\">Мария ответственна за разработку и реализацию маркетинговых стратегий, которые помогли нашему бизнесу выйти на новый уровень.</p>\r\n                </div>\r\n\r\n                <div class=\"bg-white p-6 shadow-sm rounded-lg\">\r\n                    <img class=\"w-32 h-32 rounded-full mx-auto mb-6\" src=\"http://127.0.0.1:8000/media/photos/2024/05/03/127037382_701858743785292_5925637327024307205_n.jpg\" alt=\"Фото Алексея Сидорова\">\r\n                    <h2 class=\"text-xl font-semibold text-center\">Тайман</h2>\r\n                    <p class=\"text-center text-sm text-gray-600\">Технический директор</p>\r\n                    <p class=\"text-center mt-4\">Алексей управляет командой разработчиков и инженеров, обеспечивая техническое совершенство наших продуктов.</p>\r\n                </div>\r\n            </div>\r\n        </div>",
    "created_at": "2024-05-04T09:27:45.352Z",
    "updated_at": "2024-05-04T09:29:58.458Z",
    "photo": "",
    "is_published": true
  }
},
{
  "model": "pages.page",
  "pk": 4,
  "fields": {
    "title": "Робокасса",
    "slug": "robo_kass",
    "content": "Здесь будет робокасса",
    "created_at": "2024-05-13T05:05:25.392Z",
    "updated_at": "2024-08-24T17:19:15.977Z",
    "photo": "",
    "is_published": true
  }
},
{
  "model": "pages.page",
  "pk": 5,
  "fields": {
    "title": "Карьера",
    "slug": "career",
    "content": "Страница карьера",
    "created_at": "2024-05-13T06:07:20.363Z",
    "updated_at": "2024-05-13T06:07:20.363Z",
    "photo": "",
    "is_published": true
  }
},
{
  "model": "configs.mainpageinfo",
  "pk": 1,
  "fields": {
    "label_info_title": "Информационный портал с подбором ресторанов и магазинов вашего города.",
    "label_info_desc": "Отличная возможность узнать самые лучшие точки общепита и точек свежих продукций. На портале вы найдете только самую актуальную информацию.",
    "photo_info": "other/mainpage/2024/06/07/about-us_JEfnETF.png",
    "label_info_1": "Лучшие рестораны",
    "label_info_1_desc": "Все трендовые рестораны и качающие на текущий момент",
    "photo_info_1": "other/mainpage/2024/05/04/cup.png",
    "label_info_2": "Правильное питание",
    "label_info_2_desc": "Забота о своем здоровье",
    "photo_info_2": "other/mainpage/2024/05/04/truck.png",
    "label_info_3": "Домашние продукции",
    "label_info_3_desc": "Свежие, без ГМО продукты по доступным ценам",
    "photo_info_3": "other/mainpage/2024/05/04/vegetables.png",
    "label_author": "Гаухар Жанбырбаева",
    "label_author_desc": "Основатель Gau.kz",
    "photo_author": "other/mainpage/2024/05/04/avatar3.png",
    "updated_at": "2024-06-07T10:18:12.258Z"
  }
},
{
  "model": "configs.mainpagesale",
  "pk": 1,
  "fields": {
    "subtitle": "Акция года",
    "title": "Скидка на ПП Бургер",
    "description": "\"Эксклюзивная акция: наслаждайтесь сочными бургерами по специальной цене! Ограниченное время, бургеры вашего выбора - не упустите шанс на вкусное приключение!.\"",
    "button_label": "Перейти",
    "link": "/dishes-list/dishes?categories=19&productGeneralTypes=4,6&pageNumber=1&",
    "photo": "other/mainpage/2024/05/04/offer-bg.png"
  }
},
{
  "model": "statistics_gau.shopviewstatistics",
  "pk": 1,
  "fields": {
    "shop": 1,
    "client_ip": "127.0.0.1",
    "created_at": "2024-07-12T15:09:43.405Z"
  }
},
{
  "model": "statistics_gau.shopviewstatistics",
  "pk": 2,
  "fields": {
    "shop": 1,
    "client_ip": "127.0.0.1",
    "created_at": "2024-07-12T15:09:45.202Z"
  }
},
{
  "model": "statistics_gau.shopviewstatistics",
  "pk": 3,
  "fields": {
    "shop": 1,
    "client_ip": "127.0.0.1",
    "created_at": "2024-07-12T15:09:49.203Z"
  }
},
{
  "model": "statistics_gau.shopviewstatistics",
  "pk": 4,
  "fields": {
    "shop": 12,
    "client_ip": "127.0.0.1",
    "created_at": "2024-07-12T15:22:12.710Z"
  }
},
{
  "model": "statistics_gau.shopviewstatistics",
  "pk": 5,
  "fields": {
    "shop": 12,
    "client_ip": "127.0.0.1",
    "created_at": "2024-07-12T15:22:16.447Z"
  }
},
{
  "model": "statistics_gau.shopviewstatistics",
  "pk": 6,
  "fields": {
    "shop": 12,
    "client_ip": "127.0.0.1",
    "created_at": "2024-07-12T15:22:24.845Z"
  }
},
{
  "model": "statistics_gau.shopviewstatistics",
  "pk": 7,
  "fields": {
    "shop": 12,
    "client_ip": "127.0.0.1",
    "created_at": "2024-07-12T15:22:43.500Z"
  }
},
{
  "model": "statistics_gau.shopviewstatistics",
  "pk": 8,
  "fields": {
    "shop": 12,
    "client_ip": "127.0.0.1",
    "created_at": "2024-07-12T15:22:56.561Z"
  }
},
{
  "model": "statistics_gau.shopviewstatistics",
  "pk": 9,
  "fields": {
    "shop": 13,
    "client_ip": "127.0.0.1",
    "created_at": "2024-07-12T15:33:56.473Z"
  }
},
{
  "model": "statistics_gau.shopviewstatistics",
  "pk": 10,
  "fields": {
    "shop": 13,
    "client_ip": "127.0.0.1",
    "created_at": "2024-07-12T15:34:07.704Z"
  }
},
{
  "model": "statistics_gau.shopviewstatistics",
  "pk": 11,
  "fields": {
    "shop": 3,
    "client_ip": "127.0.0.1",
    "created_at": "2024-07-12T15:37:00.867Z"
  }
},
{
  "model": "statistics_gau.shopviewstatistics",
  "pk": 12,
  "fields": {
    "shop": 3,
    "client_ip": "127.0.0.1",
    "created_at": "2024-07-12T15:49:57.307Z"
  }
},
{
  "model": "statistics_gau.shopviewstatistics",
  "pk": 13,
  "fields": {
    "shop": 3,
    "client_ip": "127.0.0.1",
    "created_at": "2024-07-12T15:53:14.925Z"
  }
},
{
  "model": "statistics_gau.shopviewstatistics",
  "pk": 14,
  "fields": {
    "shop": 3,
    "client_ip": "127.0.0.1",
    "created_at": "2024-07-12T15:53:17.309Z"
  }
},
{
  "model": "statistics_gau.shopviewstatistics",
  "pk": 15,
  "fields": {
    "shop": 3,
    "client_ip": "127.0.0.1",
    "created_at": "2024-07-12T16:00:33.327Z"
  }
},
{
  "model": "statistics_gau.shopviewstatistics",
  "pk": 16,
  "fields": {
    "shop": 3,
    "client_ip": "127.0.0.1",
    "created_at": "2024-07-12T16:07:29.102Z"
  }
},
{
  "model": "statistics_gau.shopviewstatistics",
  "pk": 17,
  "fields": {
    "shop": 3,
    "client_ip": "127.0.0.1",
    "created_at": "2024-07-12T16:07:38.932Z"
  }
},
{
  "model": "statistics_gau.shopviewstatistics",
  "pk": 18,
  "fields": {
    "shop": 3,
    "client_ip": "127.0.0.1",
    "created_at": "2024-07-12T16:16:54.423Z"
  }
},
{
  "model": "statistics_gau.shopviewstatistics",
  "pk": 19,
  "fields": {
    "shop": 3,
    "client_ip": "127.0.0.1",
    "created_at": "2024-07-12T16:17:43.211Z"
  }
},
{
  "model": "statistics_gau.shopviewstatistics",
  "pk": 20,
  "fields": {
    "shop": 6,
    "client_ip": "127.0.0.1",
    "created_at": "2024-07-12T16:26:41.680Z"
  }
},
{
  "model": "statistics_gau.shopviewstatistics",
  "pk": 21,
  "fields": {
    "shop": 6,
    "client_ip": "127.0.0.1",
    "created_at": "2024-07-12T16:28:52.500Z"
  }
},
{
  "model": "statistics_gau.shopviewstatistics",
  "pk": 22,
  "fields": {
    "shop": 6,
    "client_ip": "127.0.0.1",
    "created_at": "2024-07-12T16:38:19.676Z"
  }
},
{
  "model": "statistics_gau.shopviewstatistics",
  "pk": 23,
  "fields": {
    "shop": 6,
    "client_ip": "127.0.0.1",
    "created_at": "2024-07-12T16:39:02.313Z"
  }
},
{
  "model": "statistics_gau.shopviewstatistics",
  "pk": 24,
  "fields": {
    "shop": 6,
    "client_ip": "127.0.0.1",
    "created_at": "2024-07-12T16:42:27.693Z"
  }
},
{
  "model": "statistics_gau.shopviewstatistics",
  "pk": 25,
  "fields": {
    "shop": 6,
    "client_ip": "127.0.0.1",
    "created_at": "2024-07-12T16:42:54.115Z"
  }
},
{
  "model": "statistics_gau.shopviewstatistics",
  "pk": 26,
  "fields": {
    "shop": 6,
    "client_ip": "127.0.0.1",
    "created_at": "2024-07-12T16:45:13.212Z"
  }
},
{
  "model": "statistics_gau.shopviewstatistics",
  "pk": 27,
  "fields": {
    "shop": 6,
    "client_ip": "127.0.0.1",
    "created_at": "2024-07-12T16:46:30.041Z"
  }
},
{
  "model": "statistics_gau.shopviewstatistics",
  "pk": 28,
  "fields": {
    "shop": 6,
    "client_ip": "127.0.0.1",
    "created_at": "2024-07-12T16:48:12.259Z"
  }
},
{
  "model": "statistics_gau.shopviewstatistics",
  "pk": 29,
  "fields": {
    "shop": 6,
    "client_ip": "127.0.0.1",
    "created_at": "2024-07-12T16:48:47.903Z"
  }
},
{
  "model": "statistics_gau.shopviewstatistics",
  "pk": 30,
  "fields": {
    "shop": 6,
    "client_ip": "127.0.0.1",
    "created_at": "2024-07-12T16:49:55.737Z"
  }
},
{
  "model": "statistics_gau.shopviewstatistics",
  "pk": 31,
  "fields": {
    "shop": 6,
    "client_ip": "127.0.0.1",
    "created_at": "2024-07-12T16:50:03.125Z"
  }
},
{
  "model": "statistics_gau.shopviewstatistics",
  "pk": 32,
  "fields": {
    "shop": 6,
    "client_ip": "127.0.0.1",
    "created_at": "2024-07-12T16:51:16.454Z"
  }
},
{
  "model": "statistics_gau.shopviewstatistics",
  "pk": 33,
  "fields": {
    "shop": 6,
    "client_ip": "127.0.0.1",
    "created_at": "2024-07-12T16:51:34.048Z"
  }
},
{
  "model": "statistics_gau.shopviewstatistics",
  "pk": 34,
  "fields": {
    "shop": 6,
    "client_ip": "127.0.0.1",
    "created_at": "2024-07-12T16:54:58.913Z"
  }
},
{
  "model": "statistics_gau.shopviewstatistics",
  "pk": 35,
  "fields": {
    "shop": 6,
    "client_ip": "127.0.0.1",
    "created_at": "2024-07-12T16:55:31.844Z"
  }
},
{
  "model": "statistics_gau.productviewstatistics",
  "pk": 1,
  "fields": {
    "product": 17,
    "client_ip": "127.0.0.1",
    "created_at": "2024-07-12T14:58:46.354Z"
  }
},
{
  "model": "statistics_gau.productviewstatistics",
  "pk": 2,
  "fields": {
    "product": 17,
    "client_ip": "127.0.0.1",
    "created_at": "2024-07-12T15:00:11.835Z"
  }
},
{
  "model": "statistics_gau.productviewstatistics",
  "pk": 3,
  "fields": {
    "product": 17,
    "client_ip": "127.0.0.1",
    "created_at": "2024-07-12T15:00:13.774Z"
  }
},
{
  "model": "statistics_gau.productviewstatistics",
  "pk": 4,
  "fields": {
    "product": 17,
    "client_ip": "127.0.0.1",
    "created_at": "2024-07-12T15:00:15.092Z"
  }
},
{
  "model": "statistics_gau.productviewstatistics",
  "pk": 5,
  "fields": {
    "product": 18,
    "client_ip": "127.0.0.1",
    "created_at": "2024-07-12T15:18:46.796Z"
  }
},
{
  "model": "statistics_gau.productviewstatistics",
  "pk": 6,
  "fields": {
    "product": 18,
    "client_ip": "127.0.0.1",
    "created_at": "2024-07-12T15:18:49.886Z"
  }
},
{
  "model": "statistics_gau.productviewstatistics",
  "pk": 7,
  "fields": {
    "product": 18,
    "client_ip": "127.0.0.1",
    "created_at": "2024-07-12T15:19:06.661Z"
  }
},
{
  "model": "statistics_gau.productviewstatistics",
  "pk": 8,
  "fields": {
    "product": 18,
    "client_ip": "127.0.0.1",
    "created_at": "2024-07-12T15:19:33.163Z"
  }
},
{
  "model": "statistics_gau.productviewstatistics",
  "pk": 9,
  "fields": {
    "product": 18,
    "client_ip": "127.0.0.1",
    "created_at": "2024-07-12T15:19:58.218Z"
  }
},
{
  "model": "statistics_gau.productviewstatistics",
  "pk": 10,
  "fields": {
    "product": 15,
    "client_ip": "127.0.0.1",
    "created_at": "2024-07-12T15:23:20.464Z"
  }
},
{
  "model": "statistics_gau.productviewstatistics",
  "pk": 11,
  "fields": {
    "product": 21,
    "client_ip": "127.0.0.1",
    "created_at": "2024-07-12T15:26:47.499Z"
  }
},
{
  "model": "statistics_gau.productviewstatistics",
  "pk": 12,
  "fields": {
    "product": 20,
    "client_ip": "127.0.0.1",
    "created_at": "2024-07-12T15:33:35.322Z"
  }
},
{
  "model": "statistics_gau.productviewstatistics",
  "pk": 13,
  "fields": {
    "product": 21,
    "client_ip": "127.0.0.1",
    "created_at": "2024-07-12T15:33:41.511Z"
  }
},
{
  "model": "statistics_gau.productviewstatistics",
  "pk": 14,
  "fields": {
    "product": 20,
    "client_ip": "127.0.0.1",
    "created_at": "2024-07-12T15:35:07.819Z"
  }
},
{
  "model": "statistics_gau.productviewstatistics",
  "pk": 15,
  "fields": {
    "product": 17,
    "client_ip": "127.0.0.1",
    "created_at": "2024-07-12T15:35:25.567Z"
  }
},
{
  "model": "statistics_gau.productviewstatistics",
  "pk": 16,
  "fields": {
    "product": 17,
    "client_ip": "127.0.0.1",
    "created_at": "2024-07-12T15:37:04.413Z"
  }
},
{
  "model": "statistics_gau.productviewstatistics",
  "pk": 17,
  "fields": {
    "product": 6,
    "client_ip": "127.0.0.1",
    "created_at": "2024-07-12T15:37:56.741Z"
  }
},
{
  "model": "statistics_gau.productviewstatistics",
  "pk": 18,
  "fields": {
    "product": 17,
    "client_ip": "127.0.0.1",
    "created_at": "2024-07-12T15:38:20.950Z"
  }
},
{
  "model": "statistics_gau.productviewstatistics",
  "pk": 19,
  "fields": {
    "product": 17,
    "client_ip": "127.0.0.1",
    "created_at": "2024-07-12T15:48:17.264Z"
  }
},
{
  "model": "statistics_gau.productviewstatistics",
  "pk": 20,
  "fields": {
    "product": 17,
    "client_ip": "127.0.0.1",
    "created_at": "2024-07-12T15:48:19.558Z"
  }
},
{
  "model": "statistics_gau.productviewstatistics",
  "pk": 21,
  "fields": {
    "product": 17,
    "client_ip": "127.0.0.1",
    "created_at": "2024-07-12T16:23:25.758Z"
  }
},
{
  "model": "reviews_shop.reviewsshop",
  "pk": 1,
  "fields": {
    "user": "Сайдалиев Тайман",
    "description": "Хороший сервис. Спасибо вам!",
    "created_at": "2024-07-12T15:47:48.997Z",
    "grade": 5,
    "shop": 13
  }
},
{
  "model": "reviews_shop.reviewsshop",
  "pk": 2,
  "fields": {
    "user": "Тайман Сай",
    "description": "фывфывфыв фыв",
    "created_at": "2024-07-12T15:50:23.151Z",
    "grade": 5,
    "shop": 3
  }
},
{
  "model": "reviews_shop.reviewsshop",
  "pk": 3,
  "fields": {
    "user": "Тайман Сай",
    "description": "фывфывфыв фыв 2",
    "created_at": "2024-07-12T15:50:27.087Z",
    "grade": 5,
    "shop": 3
  }
},
{
  "model": "reviews_shop.reviewsshop",
  "pk": 4,
  "fields": {
    "user": "sdfgsdfg",
    "description": "sdfgsdfg",
    "created_at": "2024-07-12T16:50:42.135Z",
    "grade": 5,
    "shop": 6
  }
},
{
  "model": "reviews_shop.reviewsshop",
  "pk": 5,
  "fields": {
    "user": "fghjdfgj",
    "description": "fgjhfgj",
    "created_at": "2024-07-12T16:50:51.806Z",
    "grade": 1,
    "shop": 6
  }
}
]
