PRAGMA foreign_keys=OFF;
BEGIN TRANSACTION;
CREATE TABLE IF NOT EXISTS "django_migrations" ("id" integer NOT NULL PRIMARY KEY AUTOINCREMENT, "app" varchar(255) NOT NULL, "name" varchar(255) NOT NULL, "applied" datetime NOT NULL);
INSERT INTO django_migrations VALUES(1,'contenttypes','0001_initial','2024-03-01 05:49:07.021420');
INSERT INTO django_migrations VALUES(2,'auth','0001_initial','2024-03-01 05:49:07.040870');
INSERT INTO django_migrations VALUES(3,'admin','0001_initial','2024-03-01 05:49:07.054479');
INSERT INTO django_migrations VALUES(4,'admin','0002_logentry_remove_auto_add','2024-03-01 05:49:07.067321');
INSERT INTO django_migrations VALUES(5,'admin','0003_logentry_add_action_flag_choices','2024-03-01 05:49:07.075950');
INSERT INTO django_migrations VALUES(6,'contenttypes','0002_remove_content_type_name','2024-03-01 05:49:07.092445');
INSERT INTO django_migrations VALUES(7,'auth','0002_alter_permission_name_max_length','2024-03-01 05:49:07.105363');
INSERT INTO django_migrations VALUES(8,'auth','0003_alter_user_email_max_length','2024-03-01 05:49:07.117966');
INSERT INTO django_migrations VALUES(9,'auth','0004_alter_user_username_opts','2024-03-01 05:49:07.126209');
INSERT INTO django_migrations VALUES(10,'auth','0005_alter_user_last_login_null','2024-03-01 05:49:07.138101');
INSERT INTO django_migrations VALUES(11,'auth','0006_require_contenttypes_0002','2024-03-01 05:49:07.144570');
INSERT INTO django_migrations VALUES(12,'auth','0007_alter_validators_add_error_messages','2024-03-01 05:49:07.152595');
INSERT INTO django_migrations VALUES(13,'auth','0008_alter_user_username_max_length','2024-03-01 05:49:07.164451');
INSERT INTO django_migrations VALUES(14,'auth','0009_alter_user_last_name_max_length','2024-03-01 05:49:07.175343');
INSERT INTO django_migrations VALUES(15,'auth','0010_alter_group_name_max_length','2024-03-01 05:49:07.186447');
INSERT INTO django_migrations VALUES(16,'auth','0011_update_proxy_permissions','2024-03-01 05:49:07.195375');
INSERT INTO django_migrations VALUES(17,'auth','0012_alter_user_first_name_max_length','2024-03-01 05:49:07.206744');
INSERT INTO django_migrations VALUES(18,'sessions','0001_initial','2024-03-01 05:49:07.215029');
INSERT INTO django_migrations VALUES(19,'products','0001_initial','2024-03-01 05:52:36.355512');
INSERT INTO django_migrations VALUES(20,'products','0002_shop_alter_products_title','2024-03-01 06:05:44.089928');
INSERT INTO django_migrations VALUES(21,'products','0003_shop_coordinate_h_shop_coordinate_w_shop_products','2024-03-01 06:08:13.539798');
INSERT INTO django_migrations VALUES(22,'products','0004_country_city_shop_city','2024-03-01 06:16:57.288387');
INSERT INTO django_migrations VALUES(23,'products','0005_products_address_alter_shop_rating','2024-03-01 06:25:25.294013');
INSERT INTO django_migrations VALUES(24,'products','0006_remove_products_address_shop_address','2024-03-01 09:52:39.478664');
INSERT INTO django_migrations VALUES(25,'products','0007_shop_worktime','2024-03-01 09:59:37.100849');
INSERT INTO django_migrations VALUES(26,'products','0008_shop_phonenumber','2024-03-01 10:00:53.502498');
INSERT INTO django_migrations VALUES(27,'products','0009_remove_shop_products_productprice','2024-03-01 18:21:02.603682');
INSERT INTO django_migrations VALUES(28,'products','0010_category_photo','2024-03-02 04:01:34.157692');
INSERT INTO django_migrations VALUES(29,'products','0011_premiumstatus_productprice_new_price_and_more','2024-03-02 16:36:01.194028');
INSERT INTO django_migrations VALUES(30,'products','0012_shop_premium_status','2024-03-02 16:36:47.136482');
INSERT INTO django_migrations VALUES(31,'products','0013_generalcategories_typeofshop_alter_shop_options_and_more','2024-03-09 13:56:49.275051');
INSERT INTO django_migrations VALUES(32,'products','0014_deliverytype_alter_generalcategories_options_and_more','2024-03-09 14:06:41.891392');
INSERT INTO django_migrations VALUES(33,'products','0015_generalcategoriesofproduct_and_more','2024-03-09 14:12:48.977296');
INSERT INTO django_migrations VALUES(34,'products','0016_products_generaltype','2024-03-09 14:14:35.297359');
INSERT INTO django_migrations VALUES(35,'banners','0001_initial','2024-03-10 10:36:59.379163');
INSERT INTO django_migrations VALUES(36,'products','0017_additionalattributes_shop_additionalattributes','2024-03-10 15:03:52.556533');
INSERT INTO django_migrations VALUES(37,'products','0018_products_carbs_products_fat_products_protein_and_more','2024-04-15 07:46:52.150737');
INSERT INTO django_migrations VALUES(38,'products','0019_commontypeofcategory','2024-04-18 07:57:56.328650');
INSERT INTO django_migrations VALUES(39,'products','0018_commontypeofcategory_products_carbs_products_fat_and_more','2024-04-18 08:02:04.430373');
INSERT INTO django_migrations VALUES(40,'products','0019_category_common_type_category','2024-04-18 08:04:58.252606');
INSERT INTO django_migrations VALUES(41,'products','0020_alter_category_common_type_category','2024-04-18 08:05:36.185771');
INSERT INTO django_migrations VALUES(42,'reviews','0001_initial','2024-05-03 07:46:36.636256');
INSERT INTO django_migrations VALUES(43,'reviews','0002_alter_reviews_options_alter_reviews_grade','2024-05-03 07:51:24.599138');
INSERT INTO django_migrations VALUES(44,'faq','0001_initial','2024-05-03 10:51:00.049633');
INSERT INTO django_migrations VALUES(45,'faq','0002_faqcontactform','2024-05-03 11:10:47.428927');
INSERT INTO django_migrations VALUES(46,'subscription','0001_initial','2024-05-03 12:25:16.746495');
INSERT INTO django_migrations VALUES(47,'pages','0001_initial','2024-05-03 12:39:00.329537');
INSERT INTO django_migrations VALUES(48,'pages','0002_alter_page_content_alter_page_title','2024-05-03 12:47:26.711283');
INSERT INTO django_migrations VALUES(49,'banners','0002_banners_description_banners_shop_alter_banners_title','2024-05-03 13:56:16.414412');
INSERT INTO django_migrations VALUES(50,'configs','0001_initial','2024-05-04 06:42:22.197471');
INSERT INTO django_migrations VALUES(51,'configs','0002_alter_mainpageinfo_label_author_and_more','2024-05-04 06:43:40.147746');
INSERT INTO django_migrations VALUES(52,'configs','0003_remove_mainpageinfo_label_main','2024-05-04 06:44:07.105204');
INSERT INTO django_migrations VALUES(53,'configs','0004_alter_mainpageinfo_label_author_and_more','2024-05-04 07:05:51.120941');
INSERT INTO django_migrations VALUES(54,'reviews','0003_reviews_label','2024-05-04 07:05:51.137331');
INSERT INTO django_migrations VALUES(55,'configs','0005_mainpagesale','2024-05-04 07:51:26.937032');
INSERT INTO django_migrations VALUES(56,'configs','0006_remove_mainpagesale_label_info_title_and_more','2024-05-04 07:59:07.980860');
INSERT INTO django_migrations VALUES(57,'products','0021_shop_sorting_number','2024-05-04 09:09:23.971764');
INSERT INTO django_migrations VALUES(58,'products','0022_city_zoom','2024-05-11 12:09:39.582217');
INSERT INTO django_migrations VALUES(59,'banners','0003_banners_city','2024-05-11 12:09:39.605024');
INSERT INTO django_migrations VALUES(60,'banners','0004_banners_deadline_date','2024-07-01 13:01:50.192041');
INSERT INTO django_migrations VALUES(61,'banners','0005_alter_banners_deadline_date','2024-07-01 13:02:40.248909');
INSERT INTO django_migrations VALUES(62,'banners','0006_alter_banners_deadline_date','2024-07-01 13:03:12.270103');
INSERT INTO django_migrations VALUES(63,'products','0023_shopimage','2024-07-01 14:15:03.072807');
INSERT INTO django_migrations VALUES(64,'products','0024_shop_instagram_login_shop_web_site_shop_youtube_src','2024-07-01 16:36:33.703318');
INSERT INTO django_migrations VALUES(65,'products','0025_shop_tiktok_login','2024-07-01 16:52:38.644574');
INSERT INTO django_migrations VALUES(66,'statistics_gau','0001_initial','2024-07-12 14:46:09.594340');
INSERT INTO django_migrations VALUES(67,'statistics_gau','0002_alter_productviewstatistics_product_and_more','2024-07-12 15:45:10.237237');
INSERT INTO django_migrations VALUES(68,'reviews_shop','0001_initial','2024-07-12 15:47:05.693629');
INSERT INTO django_migrations VALUES(69,'reviews_shop','0002_remove_reviewsshop_label','2024-07-12 15:47:34.257822');
CREATE TABLE IF NOT EXISTS "auth_group_permissions" ("id" integer NOT NULL PRIMARY KEY AUTOINCREMENT, "group_id" integer NOT NULL REFERENCES "auth_group" ("id") DEFERRABLE INITIALLY DEFERRED, "permission_id" integer NOT NULL REFERENCES "auth_permission" ("id") DEFERRABLE INITIALLY DEFERRED);
CREATE TABLE IF NOT EXISTS "auth_user_groups" ("id" integer NOT NULL PRIMARY KEY AUTOINCREMENT, "user_id" integer NOT NULL REFERENCES "auth_user" ("id") DEFERRABLE INITIALLY DEFERRED, "group_id" integer NOT NULL REFERENCES "auth_group" ("id") DEFERRABLE INITIALLY DEFERRED);
CREATE TABLE IF NOT EXISTS "auth_user_user_permissions" ("id" integer NOT NULL PRIMARY KEY AUTOINCREMENT, "user_id" integer NOT NULL REFERENCES "auth_user" ("id") DEFERRABLE INITIALLY DEFERRED, "permission_id" integer NOT NULL REFERENCES "auth_permission" ("id") DEFERRABLE INITIALLY DEFERRED);
CREATE TABLE IF NOT EXISTS "django_admin_log" ("id" integer NOT NULL PRIMARY KEY AUTOINCREMENT, "object_id" text NULL, "object_repr" varchar(200) NOT NULL, "action_flag" smallint unsigned NOT NULL CHECK ("action_flag" >= 0), "change_message" text NOT NULL, "content_type_id" integer NULL REFERENCES "django_content_type" ("id") DEFERRABLE INITIALLY DEFERRED, "user_id" integer NOT NULL REFERENCES "auth_user" ("id") DEFERRABLE INITIALLY DEFERRED, "action_time" datetime NOT NULL);
INSERT INTO django_admin_log VALUES(1,'1','╨Ь╤П╤Б╨╜╤Л╨╡ ╨╕╨╖╨┤╨╡╨╗╨╕╤П',1,'[{"added": {}}]',8,1,'2024-03-01 05:53:01.279047');
INSERT INTO django_admin_log VALUES(2,'2','╨Ъ╤Г╤А╨╕╤Ж╨░',1,'[{"added": {}}]',8,1,'2024-03-01 05:53:06.411188');
INSERT INTO django_admin_log VALUES(3,'3','╨Ю╨║╨╛╤А╨╛╤З╨║╨░',1,'[{"added": {}}]',8,1,'2024-03-01 05:53:11.729760');
INSERT INTO django_admin_log VALUES(4,'4','╨Ъ╤Г╤А╨╕╨╜╤Л╨╡ ╨╜╨╛╨╢╨║╨╕',1,'[{"added": {}}]',8,1,'2024-03-01 05:53:18.308853');
INSERT INTO django_admin_log VALUES(5,'3','╨Ю╨║╨╛╤А╨╛╤З╨║╨░',2,'[{"changed": {"fields": ["Parent"]}}]',8,1,'2024-03-01 05:53:23.882973');
INSERT INTO django_admin_log VALUES(6,'5','╨е╨╗╨╡╨▒╨╛╨▒╤Г╨╗╨╛╤З╨╜╤Л╨╡ ╨╕╨╖╨┤╨╡╨╗╨╕╤П',1,'[{"added": {}}]',8,1,'2024-03-01 05:53:43.058866');
INSERT INTO django_admin_log VALUES(7,'1','╨б╨▓╨╡╨╢╨░╤П ╨║╤Г╤А╨╕╤Ж╨░ 1╨║╨│',1,'[{"added": {}}]',7,1,'2024-03-01 06:18:04.114796');
INSERT INTO django_admin_log VALUES(8,'2','╨Ю╨│╤Г╤А╤Ж╤Л 1╨║╨╖',1,'[{"added": {}}]',7,1,'2024-03-01 06:18:24.808789');
INSERT INTO django_admin_log VALUES(9,'6','╨Ю╨▓╨╛╤Й╨╕',1,'[{"added": {}}]',8,1,'2024-03-01 06:18:31.425789');
INSERT INTO django_admin_log VALUES(10,'2','╨Ю╨│╤Г╤А╤Ж╤Л 1╨║╨╖',2,'[{"changed": {"fields": ["\u041a\u0430\u0442\u0435\u0433\u043e\u0440\u0438\u044f"]}}]',7,1,'2024-03-01 06:18:39.047004');
INSERT INTO django_admin_log VALUES(11,'1','Country object (1)',1,'[{"added": {}}]',11,1,'2024-03-01 06:20:00.887279');
INSERT INTO django_admin_log VALUES(12,'1','City object (1)',1,'[{"added": {}}]',10,1,'2024-03-01 06:20:02.958794');
INSERT INTO django_admin_log VALUES(13,'1','╨Ь╨╡╤Б╤В╨╜╨░╤П ╨╗╨░╨▓╨║╨░ ╨Р╨╣╨╜╨░╨╗╨░╨╣╤Л╨╜',1,'[{"added": {}}]',9,1,'2024-03-01 06:20:08.079504');
INSERT INTO django_admin_log VALUES(14,'2','╨Ю╨│╤Г╤А╤Ж╤Л 1╨║╨│',2,'[{"changed": {"fields": ["\u041d\u0430\u0437\u0432\u0430\u043d\u0438\u0435 \u0442\u043e\u0432\u0430\u0440\u0430"]}}]',7,1,'2024-03-01 06:25:44.716551');
INSERT INTO django_admin_log VALUES(15,'2','╨Р╤Б╤В╨░╨╜╨░',1,'[{"added": {}}]',10,1,'2024-03-01 07:06:19.013745');
INSERT INTO django_admin_log VALUES(16,'1','╨Ь╨╡╤Б╤В╨╜╨░╤П ╨╗╨░╨▓╨║╨░ ╨Р╨╣╨╜╨░╨╗╨░╨╣╤Л╨╜',2,'[{"changed": {"fields": ["\u0428\u0438\u0440\u0438\u043d\u0430", "\u0414\u043e\u043b\u0433\u043e\u0442\u0430", "\u0413\u043e\u0440\u043e\u0434"]}}]',9,1,'2024-03-01 07:06:20.560022');
INSERT INTO django_admin_log VALUES(17,'2','╨Ь╨░╨│╨░╨╖╨╕╨╜ Svoy',1,'[{"added": {}}]',9,1,'2024-03-01 07:07:01.216794');
INSERT INTO django_admin_log VALUES(18,'3','╨Ь╨░╨│╨░╨╖╨╕╨╜ ╨╕╨│╤А╤Г╤И╨╡╨║ Dendi',1,'[{"added": {}}]',9,1,'2024-03-01 07:07:38.079692');
INSERT INTO django_admin_log VALUES(19,'3','╨Ь╨░╨│╨░╨╖╨╕╨╜ ╨╕╨│╤А╤Г╤И╨╡╨║ Dendi',2,'[{"changed": {"fields": ["\u0410\u0434\u0440\u0435\u0441 \u043c\u0430\u0433\u0430\u0437\u0438\u043d\u0430"]}}]',9,1,'2024-03-01 09:56:23.257508');
INSERT INTO django_admin_log VALUES(20,'3','╨Ь╨░╨│╨░╨╖╨╕╨╜ ╨╕╨│╤А╤Г╤И╨╡╨║ Dendi',2,'[{"changed": {"fields": ["\u0420\u0435\u0436\u0438\u043c \u0440\u0430\u0431\u043e\u0442\u044b \u043c\u0430\u0433\u0430\u0437\u0438\u043d\u0430"]}}]',9,1,'2024-03-01 10:00:04.080839');
INSERT INTO django_admin_log VALUES(21,'3','╨Ь╨░╨│╨░╨╖╨╕╨╜ ╨╕╨│╤А╤Г╤И╨╡╨║ Dendi',2,'[{"changed": {"fields": ["\u0422\u0435\u043b\u0435\u0444\u043e\u043d"]}}]',9,1,'2024-03-01 10:01:15.413837');
INSERT INTO django_admin_log VALUES(22,'2','╨Ь╨░╨│╨░╨╖╨╕╨╜ Svoy',2,'[{"changed": {"fields": ["\u0418\u0437\u043e\u0431\u0440\u0430\u0436\u0435\u043d\u0438\u0435"]}}]',9,1,'2024-03-01 16:11:39.030773');
INSERT INTO django_admin_log VALUES(23,'3','╨Ь╨░╨│╨░╨╖╨╕╨╜ ╨╕╨│╤А╤Г╤И╨╡╨║ Dendi',2,'[{"changed": {"fields": ["\u0418\u0437\u043e\u0431\u0440\u0430\u0436\u0435\u043d\u0438\u0435"]}}]',9,1,'2024-03-01 16:11:47.378846');
INSERT INTO django_admin_log VALUES(24,'1','╨Ь╨╡╤Б╤В╨╜╨░╤П ╨╗╨░╨▓╨║╨░ ╨Р╨╣╨╜╨░╨╗╨░╨╣╤Л╨╜',2,'[{"changed": {"fields": ["\u0418\u0437\u043e\u0431\u0440\u0430\u0436\u0435\u043d\u0438\u0435"]}}]',9,1,'2024-03-01 16:11:52.174610');
INSERT INTO django_admin_log VALUES(25,'3','╨Ь╨░╨│╨░╨╖╨╕╨╜ ╨╕╨│╤А╤Г╤И╨╡╨║ Dendi',2,'[{"changed": {"fields": ["\u0418\u0437\u043e\u0431\u0440\u0430\u0436\u0435\u043d\u0438\u0435"]}}]',9,1,'2024-03-01 16:15:57.589646');
INSERT INTO django_admin_log VALUES(26,'2','╨Ь╨░╨│╨░╨╖╨╕╨╜ Svoy',2,'[{"changed": {"fields": ["\u0418\u0437\u043e\u0431\u0440\u0430\u0436\u0435\u043d\u0438\u0435"]}}]',9,1,'2024-03-01 16:16:10.375048');
INSERT INTO django_admin_log VALUES(27,'1','╨Ь╨╡╤Б╤В╨╜╨░╤П ╨╗╨░╨▓╨║╨░ ╨Р╨╣╨╜╨░╨╗╨░╨╣╤Л╨╜',2,'[{"changed": {"fields": ["\u0418\u0437\u043e\u0431\u0440\u0430\u0436\u0435\u043d\u0438\u0435"]}}]',9,1,'2024-03-01 16:16:14.303789');
INSERT INTO django_admin_log VALUES(28,'3','╨Ь╨░╨│╨░╨╖╨╕╨╜ ╨╕╨│╤А╤Г╤И╨╡╨║ Dendi',2,'[{"changed": {"fields": ["\u0418\u0437\u043e\u0431\u0440\u0430\u0436\u0435\u043d\u0438\u0435"]}}]',9,1,'2024-03-01 16:41:26.385248');
INSERT INTO django_admin_log VALUES(29,'3','╨Ь╨░╨│╨░╨╖╨╕╨╜ ╨╕╨│╤А╤Г╤И╨╡╨║ Dendi',2,'[{"changed": {"fields": ["\u0418\u0437\u043e\u0431\u0440\u0430\u0436\u0435\u043d\u0438\u0435"]}}]',9,1,'2024-03-01 17:33:29.870002');
INSERT INTO django_admin_log VALUES(30,'3','╨Ь╨░╨│╨░╨╖╨╕╨╜ ╨╕╨│╤А╤Г╤И╨╡╨║ Dendi',2,'[{"changed": {"fields": ["\u041e\u043f\u0438\u0441\u0430\u043d\u0438\u0435 \u0442\u043e\u0432\u0430\u0440\u0430"]}}]',9,1,'2024-03-01 17:34:42.530015');
INSERT INTO django_admin_log VALUES(31,'3','╨Ь╨░╨│╨░╨╖╨╕╨╜ ╨╕╨│╤А╤Г╤И╨╡╨║ Dendy',2,'[{"changed": {"fields": ["\u041d\u0430\u0437\u0432\u0430\u043d\u0438\u0435 \u043c\u0430\u0433\u0430\u0437\u0438\u043d\u0430"]}}]',9,1,'2024-03-01 18:03:49.086163');
INSERT INTO django_admin_log VALUES(32,'7','╨Ш╨│╤А╤Г╤И╨║╨╕',1,'[{"added": {}}]',8,1,'2024-03-01 18:23:50.518885');
INSERT INTO django_admin_log VALUES(33,'3','╨Ш╨│╤А╤Г╤И╨║╨░ Sonic ╨┤╨╛ 3 ╨╗╨╡╤В',1,'[{"added": {}}]',7,1,'2024-03-01 18:23:51.433730');
INSERT INTO django_admin_log VALUES(34,'4','╨Ь╤П╨│╨║╨░╤П ╨╕╨│╤А╤Г╤И╨║╨░ ╨б╨░╨╗╨╗╨╕ ╨╕╨╖ ╨Ъ╨╛╤А╨┐╨╛╤А╨░╤Ж╨╕╨╕ ╨╝╨╛╨╜╤Б╤В╤А╨╛╨▓',1,'[{"added": {}}]',7,1,'2024-03-01 18:24:13.475444');
INSERT INTO django_admin_log VALUES(35,'5','╨Ь╨░╨╣╨║ ╨╖╨╡╨╗╨╡╨╜╨░╤П ╨║╤А╤Г╨│╨╗╨░╤П ╨╕╨│╤А╤Г╤И╨║╨░',1,'[{"added": {}}]',7,1,'2024-03-01 18:24:36.874094');
INSERT INTO django_admin_log VALUES(36,'6','Naruto Uzumaki - ╨п╨┐╨╛╨╜╤Б╨║╨╛╨╡ ╨┐╤А╨╛╨╕╨╖╨▓╨╛╨┤╤Б╤В╨▓╨╛',1,'[{"added": {}}]',7,1,'2024-03-01 18:25:57.664505');
INSERT INTO django_admin_log VALUES(37,'1','╨Ь╨░╨│╨░╨╖╨╕╨╜ ╨╕╨│╤А╤Г╤И╨╡╨║ Dendy - Naruto Uzumaki - ╨п╨┐╨╛╨╜╤Б╨║╨╛╨╡ ╨┐╤А╨╛╨╕╨╖╨▓╨╛╨┤╤Б╤В╨▓╨╛ - 3599.0',1,'[{"added": {}}]',12,1,'2024-03-01 18:26:18.111404');
INSERT INTO django_admin_log VALUES(38,'2','╨Ь╨░╨│╨░╨╖╨╕╨╜ ╨╕╨│╤А╤Г╤И╨╡╨║ Dendy - ╨Ь╨░╨╣╨║ ╨╖╨╡╨╗╨╡╨╜╨░╤П ╨║╤А╤Г╨│╨╗╨░╤П ╨╕╨│╤А╤Г╤И╨║╨░ - 9665.0',1,'[{"added": {}}]',12,1,'2024-03-01 18:26:27.322995');
INSERT INTO django_admin_log VALUES(39,'3','╨Ь╨░╨│╨░╨╖╨╕╨╜ ╨╕╨│╤А╤Г╤И╨╡╨║ Dendy - ╨Ь╤П╨│╨║╨░╤П ╨╕╨│╤А╤Г╤И╨║╨░ ╨б╨░╨╗╨╗╨╕ ╨╕╨╖ ╨Ъ╨╛╤А╨┐╨╛╤А╨░╤Ж╨╕╨╕ ╨╝╨╛╨╜╤Б╤В╤А╨╛╨▓ - 4812.0',1,'[{"added": {}}]',12,1,'2024-03-01 18:26:38.189074');
INSERT INTO django_admin_log VALUES(40,'4','╨Ь╨░╨│╨░╨╖╨╕╨╜ ╨╕╨│╤А╤Г╤И╨╡╨║ Dendy - ╨Ш╨│╤А╤Г╤И╨║╨░ Sonic ╨┤╨╛ 3 ╨╗╨╡╤В - 5549.0',1,'[{"added": {}}]',12,1,'2024-03-01 18:26:46.690917');
INSERT INTO django_admin_log VALUES(41,'2','╨Ь╨░╨│╨░╨╖╨╕╨╜ Svoy',2,'[{"changed": {"fields": ["\u0410\u0434\u0440\u0435\u0441 \u043c\u0430\u0433\u0430\u0437\u0438\u043d\u0430", "\u0420\u0435\u0436\u0438\u043c \u0440\u0430\u0431\u043e\u0442\u044b \u043c\u0430\u0433\u0430\u0437\u0438\u043d\u0430", "\u0422\u0435\u043b\u0435\u0444\u043e\u043d"]}}]',9,1,'2024-03-02 03:43:19.132398');
INSERT INTO django_admin_log VALUES(42,'1','╨Ь╨╡╤Б╤В╨╜╨░╤П ╨╗╨░╨▓╨║╨░ ╨Р╨╣╨╜╨░╨╗╨░╨╣╤Л╨╜',2,'[{"changed": {"fields": ["\u0410\u0434\u0440\u0435\u0441 \u043c\u0430\u0433\u0430\u0437\u0438\u043d\u0430", "\u0420\u0435\u0436\u0438\u043c \u0440\u0430\u0431\u043e\u0442\u044b \u043c\u0430\u0433\u0430\u0437\u0438\u043d\u0430", "\u0422\u0435\u043b\u0435\u0444\u043e\u043d"]}}]',9,1,'2024-03-02 03:43:36.962093');
INSERT INTO django_admin_log VALUES(43,'1','╨Ь╤П╤Б╨╜╤Л╨╡ ╨╕╨╖╨┤╨╡╨╗╨╕╤П',2,'[{"changed": {"fields": ["\u0418\u0437\u043e\u0431\u0440\u0430\u0436\u0435\u043d\u0438\u0435"]}}]',8,1,'2024-03-02 04:07:08.908660');
INSERT INTO django_admin_log VALUES(44,'6','╨Ю╨▓╨╛╤Й╨╕',2,'[{"changed": {"fields": ["\u0418\u0437\u043e\u0431\u0440\u0430\u0436\u0435\u043d\u0438\u0435"]}}]',8,1,'2024-03-02 04:07:14.611352');
INSERT INTO django_admin_log VALUES(45,'5','╨е╨╗╨╡╨▒╨╛╨▒╤Г╨╗╨╛╤З╨╜╤Л╨╡ ╨╕╨╖╨┤╨╡╨╗╨╕╤П',2,'[{"changed": {"fields": ["\u0418\u0437\u043e\u0431\u0440\u0430\u0436\u0435\u043d\u0438\u0435"]}}]',8,1,'2024-03-02 04:07:41.089744');
INSERT INTO django_admin_log VALUES(46,'7','╨Ш╨│╤А╤Г╤И╨║╨╕',2,'[{"changed": {"fields": ["\u0418\u0437\u043e\u0431\u0440\u0430\u0436\u0435\u043d\u0438\u0435"]}}]',8,1,'2024-03-02 04:07:47.515824');
INSERT INTO django_admin_log VALUES(47,'8','╨Ю╤А╨╡╤Е╨╕',1,'[{"added": {}}]',8,1,'2024-03-02 04:08:06.638584');
INSERT INTO django_admin_log VALUES(48,'9','╨Э╨░╨┐╨╕╤В╨║╨╕ ╨╕ ╤Б╨╛╨║╨╕',1,'[{"added": {}}]',8,1,'2024-03-02 04:08:18.574344');
INSERT INTO django_admin_log VALUES(49,'10','╨Ь╤Г╤З╨╜╤Л╨╡ ╨┐╤А╨╛╨┤╤Г╨║╤В╤Л',1,'[{"added": {}}]',8,1,'2024-03-02 04:08:28.629596');
INSERT INTO django_admin_log VALUES(50,'11','╨У╤А╨╕╨▒╤Л',1,'[{"added": {}}]',8,1,'2024-03-02 04:08:36.157529');
INSERT INTO django_admin_log VALUES(51,'12','╨Ь╨╛╨╗╨╛╤З╨╜╤Л╨╡ ╨┐╤А╨╛╨┤╤Г╨║╤В╤Л',1,'[{"added": {}}]',8,1,'2024-03-02 04:08:47.171328');
INSERT INTO django_admin_log VALUES(52,'13','╨п╨╣╤Ж╨░',1,'[{"added": {}}]',8,1,'2024-03-02 04:08:55.558972');
INSERT INTO django_admin_log VALUES(53,'14','╨Ъ╤Г╤А╨╕╤Ж╨░',1,'[{"added": {}}]',8,1,'2024-03-02 04:09:41.321030');
INSERT INTO django_admin_log VALUES(54,'15','╨а╤Л╨▒╨╜╤Л╨╡ ╨╕╨╖╨┤╨╡╨╜╨╕╤П',1,'[{"added": {}}]',8,1,'2024-03-02 04:09:51.633591');
INSERT INTO django_admin_log VALUES(55,'5','╨е╨╗╨╡╨▒╨╜╤Л╨╡ ╨╕╨╖╨┤╨╡╨╗╨╕╤П',2,'[{"changed": {"fields": ["\u041a\u0430\u0442\u0435\u0433\u043e\u0440\u0438\u0438"]}}]',8,1,'2024-03-02 04:56:23.967532');
INSERT INTO django_admin_log VALUES(56,'16','╨Я╨╗╨░╤Б╤В╨╕╨║╨╛╨▓╤Л╨╡ ╨╕╨│╤А╤Г╤И╨║╨╕',1,'[{"added": {}}]',8,1,'2024-03-02 05:02:38.893654');
INSERT INTO django_admin_log VALUES(57,'4','╨Ь╤П╨│╨║╨░╤П ╨╕╨│╤А╤Г╤И╨║╨░ ╨б╨░╨╗╨╗╨╕ ╨╕╨╖ ╨Ъ╨╛╤А╨┐╨╛╤А╨░╤Ж╨╕╨╕ ╨╝╨╛╨╜╤Б╤В╤А╨╛╨▓',2,'[{"changed": {"fields": ["\u041a\u0430\u0442\u0435\u0433\u043e\u0440\u0438\u044f"]}}]',7,1,'2024-03-02 05:02:47.770313');
INSERT INTO django_admin_log VALUES(58,'5','╨Ь╨░╨╣╨║ ╨╖╨╡╨╗╨╡╨╜╨░╤П ╨║╤А╤Г╨│╨╗╨░╤П ╨╕╨│╤А╤Г╤И╨║╨░',2,'[{"changed": {"fields": ["\u041a\u0430\u0442\u0435\u0433\u043e\u0440\u0438\u044f"]}}]',7,1,'2024-03-02 05:02:50.495348');
INSERT INTO django_admin_log VALUES(59,'4','╨Р╨╜╨▓╨░╤А',1,'[{"added": {}}]',9,1,'2024-03-02 05:25:37.821922');
INSERT INTO django_admin_log VALUES(60,'5','Zam',1,'[{"added": {}}]',9,1,'2024-03-02 05:26:47.137331');
INSERT INTO django_admin_log VALUES(61,'6','Omarket',1,'[{"added": {}}]',9,1,'2024-03-02 05:27:46.289351');
INSERT INTO django_admin_log VALUES(62,'7','╨Ш╨╜╨░╨▒╨░╤В',1,'[{"added": {}}]',9,1,'2024-03-02 05:28:45.424257');
INSERT INTO django_admin_log VALUES(63,'6','Naruto Uzumaki - ╨п╨┐╨╛╨╜╤Б╨║╨╛╨╡ ╨┐╤А╨╛╨╕╨╖╨▓╨╛╨┤╤Б╤В╨▓╨╛',2,'[{"changed": {"fields": ["\u041e\u043f\u0438\u0441\u0430\u043d\u0438\u0435 \u0442\u043e\u0432\u0430\u0440\u0430"]}}]',7,1,'2024-03-02 09:35:55.461892');
INSERT INTO django_admin_log VALUES(64,'5','╨Ь╨░╨│╨░╨╖╨╕╨╜ Svoy - Naruto Uzumaki - ╨п╨┐╨╛╨╜╤Б╨║╨╛╨╡ ╨┐╤А╨╛╨╕╨╖╨▓╨╛╨┤╤Б╤В╨▓╨╛ - 4200.0',1,'[{"added": {}}]',12,1,'2024-03-02 10:11:17.959078');
INSERT INTO django_admin_log VALUES(65,'7','╨Ь╤П╤Б╨╛ ╤В╨╡╨╗╨╡╨╜╨║╨░ 1╨║╨│',1,'[{"added": {}}]',7,1,'2024-03-02 14:06:16.148850');
INSERT INTO django_admin_log VALUES(66,'6','╨Ш╨╜╨░╨▒╨░╤В - ╨Ь╤П╤Б╨╛ ╤В╨╡╨╗╨╡╨╜╨║╨░ 1╨║╨│ - 2800.0',1,'[{"added": {}}]',12,1,'2024-03-02 14:06:32.241841');
INSERT INTO django_admin_log VALUES(67,'7','Omarket - ╨Ь╤П╤Б╨╛ ╤В╨╡╨╗╨╡╨╜╨║╨░ 1╨║╨│ - 2750.0',1,'[{"added": {}}]',12,1,'2024-03-02 14:06:38.428254');
INSERT INTO django_admin_log VALUES(68,'8','Zam - ╨Ь╤П╤Б╨╛ ╤В╨╡╨╗╨╡╨╜╨║╨░ 1╨║╨│ - 2900.0',1,'[{"added": {}}]',12,1,'2024-03-02 14:06:45.619921');
INSERT INTO django_admin_log VALUES(69,'9','╨Р╨╜╨▓╨░╤А - ╨Ь╤П╤Б╨╛ ╤В╨╡╨╗╨╡╨╜╨║╨░ 1╨║╨│ - 2699.0',1,'[{"added": {}}]',12,1,'2024-03-02 14:06:52.737345');
INSERT INTO django_admin_log VALUES(70,'10','╨Ь╨░╨│╨░╨╖╨╕╨╜ Svoy - ╨Ь╤П╤Б╨╛ ╤В╨╡╨╗╨╡╨╜╨║╨░ 1╨║╨│ - 2870.0',1,'[{"added": {}}]',12,1,'2024-03-02 14:07:06.404063');
INSERT INTO django_admin_log VALUES(71,'8','╨Ь╤П╤Б╨╛ ╨║╨╛╨╜╨╕╨╜╤Л 1 ╨║╨│',1,'[{"added": {}}]',7,1,'2024-03-02 14:26:49.145638');
INSERT INTO django_admin_log VALUES(72,'11','╨Ш╨╜╨░╨▒╨░╤В - ╨Ь╤П╤Б╨╛ ╨║╨╛╨╜╨╕╨╜╤Л 1 ╨║╨│ - 3000.0',1,'[{"added": {}}]',12,1,'2024-03-02 14:27:00.757066');
INSERT INTO django_admin_log VALUES(73,'12','Zam - ╨Ь╤П╤Б╨╛ ╨║╨╛╨╜╨╕╨╜╤Л 1 ╨║╨│ - 2980.0',1,'[{"added": {}}]',12,1,'2024-03-02 14:27:08.402867');
INSERT INTO django_admin_log VALUES(74,'5','╨Ь╨░╨╣╨║ ╨╖╨╡╨╗╨╡╨╜╨░╤П',2,'[{"changed": {"fields": ["\u041d\u0430\u0437\u0432\u0430\u043d\u0438\u0435 \u0442\u043e\u0432\u0430\u0440\u0430"]}}]',7,1,'2024-03-02 15:18:39.147514');
INSERT INTO django_admin_log VALUES(75,'1','╨Я╤А╨╡╨╝╨╕╤Г╨╝ ╤Б╤В╨░╤В╤Г╤Б',1,'[{"added": {}}]',13,1,'2024-03-02 16:37:51.838170');
INSERT INTO django_admin_log VALUES(76,'3','╨Ь╨░╨│╨░╨╖╨╕╨╜ ╨╕╨│╤А╤Г╤И╨╡╨║ Dendy',2,'[{"changed": {"fields": ["\u0421\u0442\u0430\u0442\u0443\u0441 \u043c\u0430\u0433\u0430\u0437\u0438\u043d\u0430"]}}]',9,1,'2024-03-02 16:37:59.733128');
INSERT INTO django_admin_log VALUES(77,'6','Omarket',2,'[{"changed": {"fields": ["\u0421\u0442\u0430\u0442\u0443\u0441 \u043c\u0430\u0433\u0430\u0437\u0438\u043d\u0430"]}}]',9,1,'2024-03-02 16:38:09.425088');
INSERT INTO django_admin_log VALUES(78,'2','╨Ю╤Д╨╕╤Ж╨╕╨░╨╗╤М╨╜╤Л╨╣ ╨┐╨░╤А╤В╨╜╨╡╤А',1,'[{"added": {}}]',13,1,'2024-03-02 16:38:22.704525');
INSERT INTO django_admin_log VALUES(79,'2','╨Ь╨░╨│╨░╨╖╨╕╨╜ Svoy',2,'[{"changed": {"fields": ["\u0421\u0442\u0430\u0442\u0443\u0441 \u043c\u0430\u0433\u0430\u0437\u0438\u043d\u0430"]}}]',9,1,'2024-03-02 16:38:29.800340');
INSERT INTO django_admin_log VALUES(80,'6','Omarket',2,'[{"changed": {"fields": ["\u041e\u043f\u0438\u0441\u0430\u043d\u0438\u0435 \u0442\u043e\u0432\u0430\u0440\u0430"]}}]',9,1,'2024-03-03 03:23:27.235442');
INSERT INTO django_admin_log VALUES(81,'8','╨С╨╡╤А╨╡╨║╨╡',1,'[{"added": {}}]',9,1,'2024-03-03 05:28:57.577475');
INSERT INTO django_admin_log VALUES(82,'9','╨У╨░╨╖╨╛╨▓╨╕╨║',1,'[{"added": {}}]',9,1,'2024-03-03 05:31:30.304430');
INSERT INTO django_admin_log VALUES(83,'10','╨Ь╨╕╤А',1,'[{"added": {}}]',9,1,'2024-03-03 05:33:19.895645');
INSERT INTO django_admin_log VALUES(84,'10','╨Ь╨╕╤А',2,'[{"changed": {"fields": ["\u0421\u0442\u0430\u0442\u0443\u0441 \u043c\u0430\u0433\u0430\u0437\u0438\u043d\u0430"]}}]',9,1,'2024-03-03 05:33:53.305950');
INSERT INTO django_admin_log VALUES(85,'11','╨Р╨╣╨Ь╨░╤А',1,'[{"added": {}}]',9,1,'2024-03-03 05:36:25.624406');
INSERT INTO django_admin_log VALUES(86,'9','╨Ь╤П╤Б╨╛ ╨╛╨╗╨╡╨╜╤П 1 ╨║╨│',1,'[{"added": {}}]',7,1,'2024-03-03 05:40:03.361407');
INSERT INTO django_admin_log VALUES(87,'10','╨Э╨╛╨╢╨║╨╕ ╨╕╨╜╨┤╨╡╨╣╨║╨╕ 1 ╨║╨│',1,'[{"added": {}}]',7,1,'2024-03-03 05:41:25.204186');
INSERT INTO django_admin_log VALUES(88,'11','╨Ъ╤Г╤А╨╕╨╜╤Л╨╡ ╨╜╨╛╨╢╨║╨╕',1,'[{"added": {}}]',7,1,'2024-03-03 05:42:44.573752');
INSERT INTO django_admin_log VALUES(89,'11','╨Ъ╤Г╤А╨╕╨╜╤Л╨╡ ╨╜╨╛╨╢╨║╨╕ 1╨║╨│',2,'[{"changed": {"fields": ["\u041d\u0430\u0437\u0432\u0430\u043d\u0438\u0435 \u0442\u043e\u0432\u0430\u0440\u0430"]}}]',7,1,'2024-03-03 05:42:52.762458');
INSERT INTO django_admin_log VALUES(90,'3','╨Ю╨║╨╛╤А╨╛╤З╨║╨░',3,'',8,1,'2024-03-03 05:44:14.857915');
INSERT INTO django_admin_log VALUES(91,'4','╨Ъ╤Г╤А╨╕╨╜╤Л╨╡ ╨╜╨╛╨╢╨║╨╕',3,'',8,1,'2024-03-03 05:44:18.146115');
INSERT INTO django_admin_log VALUES(92,'11','╨Ъ╤Г╤А╨╕╨╜╤Л╨╡ ╨╜╨╛╨╢╨║╨╕ 1╨║╨│',2,'[{"changed": {"fields": ["\u041a\u0430\u0442\u0435\u0433\u043e\u0440\u0438\u044f"]}}]',7,1,'2024-03-03 05:44:35.310474');
INSERT INTO django_admin_log VALUES(93,'1','╨б╨▓╨╡╨╢╨░╤П ╨║╤Г╤А╨╕╤Ж╨░ 1╨║╨│',2,'[{"changed": {"fields": ["\u041a\u0430\u0442\u0435\u0433\u043e\u0440\u0438\u044f"]}}]',7,1,'2024-03-03 05:44:50.604834');
INSERT INTO django_admin_log VALUES(94,'2','╨Ъ╤Г╤А╨╕╤Ж╨░',3,'',8,1,'2024-03-03 05:45:08.559676');
INSERT INTO django_admin_log VALUES(95,'11','╨Ъ╤Г╤А╨╕╨╜╤Л╨╡ ╨╜╨╛╨╢╨║╨╕ 1╨║╨│',2,'[{"changed": {"fields": ["\u041a\u0430\u0442\u0435\u0433\u043e\u0440\u0438\u044f"]}}]',7,1,'2024-03-03 05:45:25.918037');
INSERT INTO django_admin_log VALUES(96,'10','╨Э╨╛╨╢╨║╨╕ ╨╕╨╜╨┤╨╡╨╣╨║╨╕ 1 ╨║╨│',2,'[{"changed": {"fields": ["\u041a\u0430\u0442\u0435\u0433\u043e\u0440\u0438\u044f"]}}]',7,1,'2024-03-03 05:45:28.149740');
INSERT INTO django_admin_log VALUES(97,'10','╨Э╨╛╨╢╨║╨╕ ╨╕╨╜╨┤╨╡╨╣╨║╨╕ 1 ╨║╨│',2,'[{"changed": {"fields": ["\u0418\u0437\u043e\u0431\u0440\u0430\u0436\u0435\u043d\u0438\u0435"]}}]',7,1,'2024-03-03 05:46:22.797404');
INSERT INTO django_admin_log VALUES(98,'13','╨Р╨╣╨Ь╨░╤А - ╨Ъ╤Г╤А╨╕╨╜╤Л╨╡ ╨╜╨╛╨╢╨║╨╕ 1╨║╨│ - 1800.0',1,'[{"added": {}}]',12,1,'2024-03-03 05:50:15.030461');
INSERT INTO django_admin_log VALUES(99,'14','╨Ь╨╕╤А - ╨Ъ╤Г╤А╨╕╨╜╤Л╨╡ ╨╜╨╛╨╢╨║╨╕ 1╨║╨│ - 1788.0',1,'[{"added": {}}]',12,1,'2024-03-03 05:50:28.924534');
INSERT INTO django_admin_log VALUES(100,'15','╨С╨╡╤А╨╡╨║╨╡ - ╨Ъ╤Г╤А╨╕╨╜╤Л╨╡ ╨╜╨╛╨╢╨║╨╕ 1╨║╨│ - 1950.0',1,'[{"added": {}}]',12,1,'2024-03-03 05:50:38.873831');
INSERT INTO django_admin_log VALUES(101,'1','╨б╨▓╨╡╨╢╨░╤П ╨║╤Г╤А╨╕╤Ж╨░ 1╨║╨│',2,'[{"changed": {"fields": ["\u041a\u0430\u0442\u0435\u0433\u043e\u0440\u0438\u044f"]}}]',7,1,'2024-03-03 05:51:59.398901');
INSERT INTO django_admin_log VALUES(102,'12','╨Ь╨╛╨╗╨╛╨║╨╛ ╨║╨╛╤А╨╛╨▓╤М╨╡ ╨╜╨░ ╤А╨░╨╖╨╗╨╕╨▓ 1╨╗',1,'[{"added": {}}]',7,1,'2024-03-03 06:18:33.091003');
INSERT INTO django_admin_log VALUES(103,'13','╨Ь╨╛╨╗╨╛╨║╨╛ ╨║╨╛╨╖╤М╨╡╨╝ ╨╜╨░ ╤А╨░╨╖╨╗╨╕╨▓ 1╨╗',1,'[{"added": {}}]',7,1,'2024-03-03 06:18:52.076958');
INSERT INTO django_admin_log VALUES(104,'14','╨Ъ╤Г╨╝╤Л╤Б ╨б╨░╤А╨╢╨░╨╗╤Б╨║╨╕╨╣ 1╨╗',1,'[{"added": {}}]',7,1,'2024-03-03 06:19:07.955168');
INSERT INTO django_admin_log VALUES(105,'15','╨Ъ╤Г╨╝╤Л╤Б ╨Ц╨░╨╜╨░╨░╤А╨║╨╕╨╜╤Б╨║╨╕╨╣ ╨╜╨░ ╤А╨░╨╖╨╗╨╕╨▓ 1╨╗',1,'[{"added": {}}]',7,1,'2024-03-03 06:19:33.423316');
INSERT INTO django_admin_log VALUES(106,'16','╨Р╨╣╤А╨░╨╜ ╨┤╨╛╨╝╨░╤И╨╜╨╕╨╣ 1╨╗',1,'[{"added": {}}]',7,1,'2024-03-03 06:19:43.839928');
INSERT INTO django_admin_log VALUES(107,'17','╨Р╨╣╤А╨░╨╜ ╨╜╨░ ╤А╨░╨╖╨╗╨╕╨▓ 2╨╗',1,'[{"added": {}}]',7,1,'2024-03-03 06:20:01.161848');
INSERT INTO django_admin_log VALUES(108,'15','╨Ъ╤Г╨╝╤Л╤Б ╨Ц╨░╨╜╨░╨░╤А╨║╨╕╨╜╤Б╨║╨╕╨╣ ╨╜╨░ ╤А╨░╨╖╨╗╨╕╨▓ 1╨╗',2,'[{"changed": {"fields": ["\u0418\u0437\u043e\u0431\u0440\u0430\u0436\u0435\u043d\u0438\u0435"]}}]',7,1,'2024-03-03 06:20:24.433849');
INSERT INTO django_admin_log VALUES(109,'16','Omarket - ╨Р╨╣╤А╨░╨╜ ╨╜╨░ ╤А╨░╨╖╨╗╨╕╨▓ 2╨╗ - 990.0',1,'[{"added": {}}]',12,1,'2024-03-03 06:21:36.262977');
INSERT INTO django_admin_log VALUES(110,'17','Zam - ╨Р╨╣╤А╨░╨╜ ╨╜╨░ ╤А╨░╨╖╨╗╨╕╨▓ 2╨╗ - 980.0',1,'[{"added": {}}]',12,1,'2024-03-03 06:21:47.461794');
INSERT INTO django_admin_log VALUES(111,'18','Zam - ╨Р╨╣╤А╨░╨╜ ╨┤╨╛╨╝╨░╤И╨╜╨╕╨╣ 1╨╗ - 600.0',1,'[{"added": {}}]',12,1,'2024-03-03 06:21:58.275129');
INSERT INTO django_admin_log VALUES(112,'19','╨С╨╡╤А╨╡╨║╨╡ - ╨Р╨╣╤А╨░╨╜ ╨┤╨╛╨╝╨░╤И╨╜╨╕╨╣ 1╨╗ - 590.0',1,'[{"added": {}}]',12,1,'2024-03-03 06:22:05.418267');
INSERT INTO django_admin_log VALUES(113,'20','╨Ь╨░╨│╨░╨╖╨╕╨╜ ╨╕╨│╤А╤Г╤И╨╡╨║ Dendy - ╨Р╨╣╤А╨░╨╜ ╨╜╨░ ╤А╨░╨╖╨╗╨╕╨▓ 2╨╗ - 890.0',1,'[{"added": {}}]',12,1,'2024-03-03 06:23:45.316892');
INSERT INTO django_admin_log VALUES(114,'21','╨Ь╨░╨│╨░╨╖╨╕╨╜ Svoy - ╨Р╨╣╤А╨░╨╜ ╨╜╨░ ╤А╨░╨╖╨╗╨╕╨▓ 2╨╗ - 975.0',1,'[{"added": {}}]',12,1,'2024-03-03 06:23:54.153351');
INSERT INTO django_admin_log VALUES(115,'21','╨Ь╨░╨│╨░╨╖╨╕╨╜ Svoy - ╨Р╨╣╤А╨░╨╜ ╨╜╨░ ╤А╨░╨╖╨╗╨╕╨▓ 2╨╗ - 975.0',2,'[{"changed": {"fields": ["\u0421\u0442\u0430\u0440\u0430\u044f \u0446\u0435\u043d\u0430 \u043d\u0430 \u0442\u043e\u0432\u0430\u0440"]}}]',12,1,'2024-03-03 07:42:39.807885');
INSERT INTO django_admin_log VALUES(116,'20','╨Ь╨░╨│╨░╨╖╨╕╨╜ ╨╕╨│╤А╤Г╤И╨╡╨║ Dendy - ╨Р╨╣╤А╨░╨╜ ╨╜╨░ ╤А╨░╨╖╨╗╨╕╨▓ 2╨╗ - 890.0',2,'[{"changed": {"fields": ["\u0421\u0442\u0430\u0440\u0430\u044f \u0446\u0435\u043d\u0430 \u043d\u0430 \u0442\u043e\u0432\u0430\u0440"]}}]',12,1,'2024-03-03 07:42:53.333669');
INSERT INTO django_admin_log VALUES(117,'11','╨Р╨╣╨Ь╨░╤А',2,'[{"changed": {"fields": ["\u0418\u0437\u043e\u0431\u0440\u0430\u0436\u0435\u043d\u0438\u0435"]}}]',9,1,'2024-03-03 08:33:29.660221');
INSERT INTO django_admin_log VALUES(118,'17','╨Я╨╛╨┤╨╝╨╕╨┤╨╛╤А╤Л',1,'[{"added": {}}]',8,1,'2024-03-03 12:17:54.925426');
INSERT INTO django_admin_log VALUES(119,'17','╨Я╨╛╨╝╨╕╨┤╨╛╤А╤Л',2,'[{"changed": {"fields": ["\u041a\u0430\u0442\u0435\u0433\u043e\u0440\u0438\u0438"]}}]',8,1,'2024-03-03 12:18:01.966707');
INSERT INTO django_admin_log VALUES(120,'12','╨Ъ╤Г╤А╨░╨│╨░',1,'[{"added": {}}]',9,1,'2024-03-03 12:19:48.077667');
INSERT INTO django_admin_log VALUES(121,'18','╨Я╨╛╨╝╨╕╨┤╨╛╤А╤Л ╨Т╤Л╤Б╤И╨╕╨╣ ╤Б╨╛╤А╤В',1,'[{"added": {}}]',7,1,'2024-03-03 12:22:10.899067');
INSERT INTO django_admin_log VALUES(122,'22','╨Ъ╤Г╤А╨░╨│╨░ - ╨Я╨╛╨╝╨╕╨┤╨╛╤А╤Л ╨Т╤Л╤Б╤И╨╕╨╣ ╤Б╨╛╤А╤В - 300.0',1,'[{"added": {}}]',12,1,'2024-03-03 12:22:29.280059');
INSERT INTO django_admin_log VALUES(123,'1','╨Ь╨░╨│╨░╨╖╨╕╨╜',1,'[{"added": {}}]',15,1,'2024-03-09 13:58:50.200117');
INSERT INTO django_admin_log VALUES(124,'2','╨Ф╨╛╨╝╨░╤И╨╜╨╡╨╡ ╤Е╨╛╨╖╤П╨╣╤Б╤В╨▓╨╛',1,'[{"added": {}}]',15,1,'2024-03-09 13:58:58.697421');
INSERT INTO django_admin_log VALUES(125,'3','╨а╨╡╤Б╤В╨╛╤А╨░╨╜',1,'[{"added": {}}]',15,1,'2024-03-09 13:59:05.487562');
INSERT INTO django_admin_log VALUES(126,'4','╨д╨░╤Б╤В╤Д╤Г╨┤',1,'[{"added": {}}]',15,1,'2024-03-09 13:59:48.837358');
INSERT INTO django_admin_log VALUES(127,'4','╨д╨░╤Б╤В╤Д╤Г╨┤',3,'',15,1,'2024-03-09 14:02:09.814587');
INSERT INTO django_admin_log VALUES(128,'1','╨Ч╨┤╨╛╤А╨╛╨▓╨╛╨╡ ╨┐╨╕╤В╨░╨╜╨╕╨╡',1,'[{"added": {}}]',14,1,'2024-03-09 14:04:16.673242');
INSERT INTO django_admin_log VALUES(129,'2','╨д╨░╤Б╤В╤Д╤Г╨┤',1,'[{"added": {}}]',14,1,'2024-03-09 14:05:33.055618');
INSERT INTO django_admin_log VALUES(130,'3','╨е╨╛╨╖ ╤В╨╛╨▓╨░╤А╤Л',1,'[{"added": {}}]',14,1,'2024-03-09 14:05:42.590670');
INSERT INTO django_admin_log VALUES(131,'4','╨Я╤А╨╛╨┤╤Г╨║╤В╨╛╨▓╤Л╨╡ ╤В╨╛╨▓╨░╤А╤Л',1,'[{"added": {}}]',14,1,'2024-03-09 14:05:56.932817');
INSERT INTO django_admin_log VALUES(132,'1','╨б╨░╨╝╨╛╨▓╤Л╨▓╨╛╨╖',1,'[{"added": {}}]',16,1,'2024-03-09 14:07:00.257807');
INSERT INTO django_admin_log VALUES(133,'2','╨Ф╨╛╤Б╤В╨░╨▓╨║╨░ ╨┤╨╛ ╨░╨┤╤А╨╡╤Б╨░',1,'[{"added": {}}]',16,1,'2024-03-09 14:07:12.227134');
INSERT INTO django_admin_log VALUES(134,'3','╨Я╨╛╤З╤В╨╛╨▓╨░╤П ╨┤╨╛╤Б╤В╨░╨▓╨║╨░',1,'[{"added": {}}]',16,1,'2024-03-09 14:07:18.354786');
INSERT INTO django_admin_log VALUES(135,'4','╨Ф╨╛╤Б╤В╨░╨▓╨║╨░ ╨║╤Г╤А╤М╨╡╤А╨╛╨╝',1,'[{"added": {}}]',16,1,'2024-03-09 14:07:28.075940');
INSERT INTO django_admin_log VALUES(136,'12','╨Ъ╤Г╤А╨░╨│╨░',2,'[{"changed": {"fields": ["\u041e\u0431\u0449\u0438\u0435 \u043a\u0430\u0442\u0435\u0433\u043e\u0440\u0438\u0438", "\u041c\u0435\u0442\u043e\u0434\u044b \u0434\u043e\u0441\u0442\u0430\u0432\u043a\u0438"]}}]',9,1,'2024-03-09 14:07:58.154676');
INSERT INTO django_admin_log VALUES(137,'5','╨е╨░╨╗╨░╨╗ ╨┐╤А╨╛╨┤╤Г╨║╤Ж╨╕╨╕',1,'[{"added": {}}]',14,1,'2024-03-09 14:08:57.902335');
INSERT INTO django_admin_log VALUES(138,'11','╨Р╨╣╨Ь╨░╤А',2,'[{"changed": {"fields": ["\u0422\u0438\u043f \u0442\u043e\u0440\u0433\u043e\u0432\u043e\u0439 \u0442\u043e\u0447\u043a\u0438"]}}]',9,1,'2024-03-09 14:09:25.897493');
INSERT INTO django_admin_log VALUES(139,'12','╨Ъ╤Г╤А╨░╨│╨░',2,'[{"changed": {"fields": ["\u0422\u0438\u043f \u0442\u043e\u0440\u0433\u043e\u0432\u043e\u0439 \u0442\u043e\u0447\u043a\u0438"]}}]',9,1,'2024-03-09 14:09:33.017418');
INSERT INTO django_admin_log VALUES(140,'10','╨Ь╨╕╤А',2,'[{"changed": {"fields": ["\u0422\u0438\u043f \u0442\u043e\u0440\u0433\u043e\u0432\u043e\u0439 \u0442\u043e\u0447\u043a\u0438", "\u041e\u0431\u0449\u0438\u0435 \u043a\u0430\u0442\u0435\u0433\u043e\u0440\u0438\u0438", "\u041c\u0435\u0442\u043e\u0434\u044b \u0434\u043e\u0441\u0442\u0430\u0432\u043a\u0438"]}}]',9,1,'2024-03-09 14:09:41.543838');
INSERT INTO django_admin_log VALUES(141,'9','╨У╨░╨╖╨╛╨▓╨╕╨║',2,'[{"changed": {"fields": ["\u041e\u0431\u0449\u0438\u0435 \u043a\u0430\u0442\u0435\u0433\u043e\u0440\u0438\u0438", "\u041c\u0435\u0442\u043e\u0434\u044b \u0434\u043e\u0441\u0442\u0430\u0432\u043a\u0438"]}}]',9,1,'2024-03-09 14:09:46.589906');
INSERT INTO django_admin_log VALUES(142,'8','╨С╨╡╤А╨╡╨║╨╡',2,'[{"changed": {"fields": ["\u0422\u0438\u043f \u0442\u043e\u0440\u0433\u043e\u0432\u043e\u0439 \u0442\u043e\u0447\u043a\u0438", "\u041e\u0431\u0449\u0438\u0435 \u043a\u0430\u0442\u0435\u0433\u043e\u0440\u0438\u0438", "\u041c\u0435\u0442\u043e\u0434\u044b \u0434\u043e\u0441\u0442\u0430\u0432\u043a\u0438"]}}]',9,1,'2024-03-09 14:09:55.518049');
INSERT INTO django_admin_log VALUES(143,'1','╨е╨░╨╗╨░╨╗ ╨┐╤А╨╛╨┤╤Г╨║╤В',1,'[{"added": {}}]',17,1,'2024-03-09 14:13:16.347088');
INSERT INTO django_admin_log VALUES(144,'2','╨Ч╨┤╨╛╤А╨╛╨▓╨╛╨╡ ╨┐╨╕╤В╨░╨╜╨╕╨╡',1,'[{"added": {}}]',17,1,'2024-03-09 14:13:25.736042');
INSERT INTO django_admin_log VALUES(145,'3','╨С╨╡╨╖ ╨У╨Ь╨Ю',1,'[{"added": {}}]',17,1,'2024-03-09 14:13:29.914303');
INSERT INTO django_admin_log VALUES(146,'9','╨Ь╤П╤Б╨╛ ╨╛╨╗╨╡╨╜╤П 1 ╨║╨│',2,'[{"changed": {"fields": ["\u041e\u0431\u0449\u0438\u0435 \u043a\u0430\u0442\u0435\u0433\u043e\u0440\u0438\u0438"]}}]',7,1,'2024-03-09 14:14:45.427585');
INSERT INTO django_admin_log VALUES(147,'16','╨Р╨╣╤А╨░╨╜ ╨┤╨╛╨╝╨░╤И╨╜╨╕╨╣ 1╨╗',2,'[{"changed": {"fields": ["\u041e\u0431\u0449\u0438\u0435 \u043a\u0430\u0442\u0435\u0433\u043e\u0440\u0438\u0438"]}}]',7,1,'2024-03-09 14:14:48.362274');
INSERT INTO django_admin_log VALUES(148,'12','╨Ь╨╛╨╗╨╛╨║╨╛ ╨║╨╛╤А╨╛╨▓╤М╨╡ ╨╜╨░ ╤А╨░╨╖╨╗╨╕╨▓ 1╨╗',2,'[{"changed": {"fields": ["\u041e\u0431\u0449\u0438\u0435 \u043a\u0430\u0442\u0435\u0433\u043e\u0440\u0438\u0438"]}}]',7,1,'2024-03-09 14:14:50.457663');
INSERT INTO django_admin_log VALUES(149,'18','╨Я╨╛╨╝╨╕╨┤╨╛╤А╤Л ╨Т╤Л╤Б╤И╨╕╨╣ ╤Б╨╛╤А╤В',2,'[{"changed": {"fields": ["\u041e\u0431\u0449\u0438\u0435 \u043a\u0430\u0442\u0435\u0433\u043e\u0440\u0438\u0438"]}}]',7,1,'2024-03-09 14:15:01.933386');
INSERT INTO django_admin_log VALUES(150,'9','╨Ь╤П╤Б╨╛ ╨╛╨╗╨╡╨╜╤П 1 ╨║╨│',2,'[{"changed": {"fields": ["\u041e\u0431\u0449\u0438\u0435 \u043a\u0430\u0442\u0435\u0433\u043e\u0440\u0438\u0438"]}}]',7,1,'2024-03-09 14:20:03.501442');
INSERT INTO django_admin_log VALUES(151,'4','╨С╨╡╨╖ ╨│╨╗╤О╤В╨╡╨╜╨░',1,'[{"added": {}}]',17,1,'2024-03-09 14:41:11.188468');
INSERT INTO django_admin_log VALUES(152,'5','╨д╨╡╤А╨╝╨╡╤А╤Б╨║╨╕╨╣ ╨┐╤А╨╛╨┤╤Г╨║╤В',1,'[{"added": {}}]',17,1,'2024-03-09 14:41:35.762101');
INSERT INTO django_admin_log VALUES(153,'6','╨С╨╡╨╖ ╨╗╨░╨║╤В╨╛╨╖╤Л',1,'[{"added": {}}]',17,1,'2024-03-09 14:41:44.755867');
INSERT INTO django_admin_log VALUES(154,'7','╨Э╨░╤В╤Г╤А╨░╨╗╤М╨╜╤Л╨╣',1,'[{"added": {}}]',17,1,'2024-03-09 14:41:54.270534');
INSERT INTO django_admin_log VALUES(155,'8','╨Я╤А╨░╨▓╨╕╨╗╤М╨╜╨╛╨╡ ╨┐╨╕╤В╨░╨╜╨╕╨╡',1,'[{"added": {}}]',17,1,'2024-03-09 14:42:02.147286');
INSERT INTO django_admin_log VALUES(156,'9','╨б╨▓╨╡╨╢╨╡╤Б╤В╤М',1,'[{"added": {}}]',17,1,'2024-03-09 14:42:09.512625');
INSERT INTO django_admin_log VALUES(157,'7','╨Ь╤П╤Б╨╛ ╤В╨╡╨╗╨╡╨╜╨║╨░ 1╨║╨│',2,'[{"changed": {"fields": ["\u041e\u0431\u0449\u0438\u0435 \u043a\u0430\u0442\u0435\u0433\u043e\u0440\u0438\u0438"]}}]',7,1,'2024-03-09 14:42:32.653247');
INSERT INTO django_admin_log VALUES(158,'3','╨С╨╡╨╖ ╨У╨Ь╨Ю',2,'[{"changed": {"fields": ["\u0418\u0437\u043e\u0431\u0440\u0430\u0436\u0435\u043d\u0438\u0435"]}}]',17,1,'2024-03-09 15:04:16.654071');
INSERT INTO django_admin_log VALUES(159,'2','╨Ч╨┤╨╛╤А╨╛╨▓╨╛╨╡ ╨┐╨╕╤В╨░╨╜╨╕╨╡',2,'[{"changed": {"fields": ["\u0418\u0437\u043e\u0431\u0440\u0430\u0436\u0435\u043d\u0438\u0435"]}}]',17,1,'2024-03-09 15:04:41.317222');
INSERT INTO django_admin_log VALUES(160,'1','╨е╨░╨╗╨░╨╗ ╨┐╤А╨╛╨┤╤Г╨║╤В',2,'[{"changed": {"fields": ["\u0418\u0437\u043e\u0431\u0440\u0430\u0436\u0435\u043d\u0438\u0435"]}}]',17,1,'2024-03-09 15:05:32.240094');
INSERT INTO django_admin_log VALUES(161,'1','╨Р╨║╤Ж╨╕╤П ╨╛╤В ╨╝╨░╨│╨░╨╖╨╕╨╜╨░ ╨б╨░╨╜╨╢╨░╤А',1,'[{"added": {}}]',18,1,'2024-03-10 10:38:32.435991');
INSERT INTO django_admin_log VALUES(162,'2','╨Р╨║╤Ж╨╕╤П Foodmaster',1,'[{"added": {}}]',18,1,'2024-03-10 10:49:54.892559');
INSERT INTO django_admin_log VALUES(163,'3','╨Р╨║╤Ж╨╕╤П MilkyWay',1,'[{"added": {}}]',18,1,'2024-03-10 10:50:13.950548');
INSERT INTO django_admin_log VALUES(164,'2','╨Ю╨│╤Г╤А╤Ж╤Л 1╨║╨│',2,'[{"changed": {"fields": ["\u0418\u0437\u043e\u0431\u0440\u0430\u0436\u0435\u043d\u0438\u0435", "\u041e\u0431\u0449\u0438\u0435 \u043a\u0430\u0442\u0435\u0433\u043e\u0440\u0438\u0438"]}}]',7,1,'2024-03-10 12:44:04.896457');
INSERT INTO django_admin_log VALUES(165,'9','╨Ь╤П╤Б╨╛ ╨╛╨╗╨╡╨╜╤П 1 ╨║╨│',2,'[{"changed": {"fields": ["\u041e\u0431\u0449\u0438\u0435 \u043a\u0430\u0442\u0435\u0433\u043e\u0440\u0438\u0438"]}}]',7,1,'2024-03-10 12:44:21.504400');
INSERT INTO django_admin_log VALUES(166,'4','╨Р╨╜╨▓╨░╤А',2,'[{"changed": {"fields": ["\u041c\u0435\u0442\u043e\u0434\u044b \u0434\u043e\u0441\u0442\u0430\u0432\u043a\u0438"]}}]',9,1,'2024-03-10 14:53:02.176447');
INSERT INTO django_admin_log VALUES(167,'3','╨Р╨║╤Ж╨╕╤П 1',2,'[{"changed": {"fields": ["\u041d\u0430\u0437\u0432\u0430\u043d\u0438\u0435 \u0431\u0430\u043d\u043d\u0435\u0440\u0430", "\u0418\u0437\u043e\u0431\u0440\u0430\u0436\u0435\u043d\u0438\u0435"]}}]',18,1,'2024-03-10 15:49:01.165229');
INSERT INTO django_admin_log VALUES(168,'2','╨Р╨║╤Ж╨╕╤П 2',2,'[{"changed": {"fields": ["\u041d\u0430\u0437\u0432\u0430\u043d\u0438\u0435 \u0431\u0430\u043d\u043d\u0435\u0440\u0430", "\u0418\u0437\u043e\u0431\u0440\u0430\u0436\u0435\u043d\u0438\u0435"]}}]',18,1,'2024-03-10 15:49:05.374039');
INSERT INTO django_admin_log VALUES(169,'1','╨Р╨║╤Ж╨╕╤П 3',2,'[{"changed": {"fields": ["\u041d\u0430\u0437\u0432\u0430\u043d\u0438\u0435 \u0431\u0430\u043d\u043d\u0435\u0440\u0430", "\u0418\u0437\u043e\u0431\u0440\u0430\u0436\u0435\u043d\u0438\u0435"]}}]',18,1,'2024-03-10 15:49:09.842461');
INSERT INTO django_admin_log VALUES(170,'4','╨Р╨║╤Ж╨╕╤П 4',1,'[{"added": {}}]',18,1,'2024-03-10 15:49:19.518490');
INSERT INTO django_admin_log VALUES(171,'10','╨Ь╨╕╤А',2,'[{"changed": {"fields": ["\u0422\u0438\u043f \u0442\u043e\u0440\u0433\u043e\u0432\u043e\u0439 \u0442\u043e\u0447\u043a\u0438"]}}]',9,1,'2024-03-10 15:58:33.484990');
INSERT INTO django_admin_log VALUES(172,'13','╨а╨╡╤Б╤В╨╛╤А╨░╨╜ Aura',1,'[{"added": {}}]',9,1,'2024-03-10 16:06:53.201741');
INSERT INTO django_admin_log VALUES(173,'1','╨Ф╨╡╤В╤Б╨║╨░╤П ╨┐╨╗╨╛╤Й╨░╨┤╨║╨░',1,'[{"added": {}}]',19,1,'2024-03-10 16:32:14.844523');
INSERT INTO django_admin_log VALUES(174,'2','╨Ц╨╕╨▓╨░╤П ╨╝╤Г╨╖╤Л╨║╨░',1,'[{"added": {}}]',19,1,'2024-03-10 16:32:22.883409');
INSERT INTO django_admin_log VALUES(175,'3','╨Ш╤Д╤В╨░╤А',1,'[{"added": {}}]',19,1,'2024-03-10 16:33:26.255708');
INSERT INTO django_admin_log VALUES(176,'13','╨а╨╡╤Б╤В╨╛╤А╨░╨╜ Aura',2,'[{"changed": {"fields": ["\u0414\u043e\u043f\u043e\u043b\u043d\u0438\u0442\u0435\u043b\u044c\u043d\u044b\u0435 \u0430\u0442\u0440\u0438\u0431\u0443\u0442\u044b"]}}]',9,1,'2024-03-10 16:33:27.218360');
INSERT INTO django_admin_log VALUES(177,'13','Aura ╨╜╨░ ╨Ь╨░╨╜╨│╨╕╨╗╨╕╨║ ╨╡╨╗',2,'[{"changed": {"fields": ["\u041d\u0430\u0437\u0432\u0430\u043d\u0438\u0435 \u043c\u0430\u0433\u0430\u0437\u0438\u043d\u0430"]}}]',9,1,'2024-03-10 17:57:28.208354');
INSERT INTO django_admin_log VALUES(178,'19','╨б╤В╨╡╨╣╨║ ╨в╨╕╨▒╨╛╨╜ 400 ╨│╤А.',1,'[{"added": {}}]',7,1,'2024-03-10 17:59:04.407482');
INSERT INTO django_admin_log VALUES(179,'20','╨С╤Г╤А╨│╨╡╤А ╨╛╤В ╨и╨╡╤Д ╨┐╨╛╨▓╨░╤А╨░ ╤А╨╡╤Б╤В╨╛╤А╨░╨╜╨░',1,'[{"added": {}}]',7,1,'2024-03-10 17:59:42.738718');
INSERT INTO django_admin_log VALUES(180,'23','Aura ╨╜╨░ ╨Ь╨░╨╜╨│╨╕╨╗╨╕╨║ ╨╡╨╗ - ╨С╤Г╤А╨│╨╡╤А ╨╛╤В ╨и╨╡╤Д ╨┐╨╛╨▓╨░╤А╨░ ╤А╨╡╤Б╤В╨╛╤А╨░╨╜╨░ - 2900.0',1,'[{"added": {}}]',12,1,'2024-03-10 18:00:00.864186');
INSERT INTO django_admin_log VALUES(181,'24','Aura ╨╜╨░ ╨Ь╨░╨╜╨│╨╕╨╗╨╕╨║ ╨╡╨╗ - ╨б╤В╨╡╨╣╨║ ╨в╨╕╨▒╨╛╨╜ 400 ╨│╤А. - 6500.0',1,'[{"added": {}}]',12,1,'2024-03-10 18:00:13.633957');
INSERT INTO django_admin_log VALUES(182,'5','╨Р╨║╤Ж╨╕╤П 5',1,'[{"added": {}}]',18,1,'2024-04-13 11:49:28.318175');
INSERT INTO django_admin_log VALUES(183,'6','╨Р╨║╤Ж╨╕╤П 6',1,'[{"added": {}}]',18,1,'2024-04-13 11:50:12.169675');
INSERT INTO django_admin_log VALUES(184,'3','╨Р╨║╤В╨╛╨▒╨╡',1,'[{"added": {}}]',10,1,'2024-04-14 18:46:43.889700');
INSERT INTO django_admin_log VALUES(185,'4','╨Р╨╗╨╝╨░╤В╤Л',1,'[{"added": {}}]',10,1,'2024-04-14 18:46:48.161052');
INSERT INTO django_admin_log VALUES(186,'5','╨Ю╤Б╨║╨╡╨╝╨╡╨╜',1,'[{"added": {}}]',10,1,'2024-04-14 18:46:56.557249');
INSERT INTO django_admin_log VALUES(187,'1','╨│. ╨Р╤В╤Л╤А╨░╤Г',2,'[{"changed": {"fields": ["\u0413\u043e\u0440\u043e\u0434"]}}]',10,1,'2024-04-14 18:56:09.188585');
INSERT INTO django_admin_log VALUES(188,'2','╨│. ╨Р╤Б╤В╨░╨╜╨░',2,'[{"changed": {"fields": ["\u0413\u043e\u0440\u043e\u0434"]}}]',10,1,'2024-04-14 18:56:13.085423');
INSERT INTO django_admin_log VALUES(189,'3','╨│. ╨Р╨║╤В╨╛╨▒╨╡',2,'[{"changed": {"fields": ["\u0413\u043e\u0440\u043e\u0434"]}}]',10,1,'2024-04-14 18:56:18.287679');
INSERT INTO django_admin_log VALUES(190,'4','╨│. ╨Р╨╗╨╝╨░╤В╤Л',2,'[{"changed": {"fields": ["\u0413\u043e\u0440\u043e\u0434"]}}]',10,1,'2024-04-14 18:56:21.615850');
INSERT INTO django_admin_log VALUES(191,'5','╨│. ╨Ю╤Б╨║╨╡╨╝╨╡╨╜',2,'[{"changed": {"fields": ["\u0413\u043e\u0440\u043e\u0434"]}}]',10,1,'2024-04-14 18:56:27.446940');
INSERT INTO django_admin_log VALUES(192,'4','╨Р╨╜╨▓╨░╤А',2,'[{"changed": {"fields": ["\u0413\u043e\u0440\u043e\u0434"]}}]',9,1,'2024-04-14 19:49:58.546174');
INSERT INTO django_admin_log VALUES(193,'4','╨Р╨╜╨▓╨░╤А',2,'[{"changed": {"fields": ["\u0413\u043e\u0440\u043e\u0434"]}}]',9,1,'2024-04-14 19:52:06.298447');
INSERT INTO django_admin_log VALUES(194,'25','╨Ъ╤Г╤А╨░╨│╨░ - ╨Ъ╤Г╨╝╤Л╤Б ╨Ц╨░╨╜╨░╨░╤А╨║╨╕╨╜╤Б╨║╨╕╨╣ ╨╜╨░ ╤А╨░╨╖╨╗╨╕╨▓ 1╨╗ - 950.0',1,'[{"added": {}}]',12,1,'2024-04-14 19:57:43.090859');
INSERT INTO django_admin_log VALUES(195,'20','╨С╤Г╤А╨│╨╡╤А ╨╛╤В ╨и╨╡╤Д ╨┐╨╛╨▓╨░╤А╨░ ╤А╨╡╤Б╤В╨╛╤А╨░╨╜╨░',2,'[{"changed": {"fields": ["\u0411\u0435\u043b\u043a\u0438", "\u0423\u0433\u043b\u0435\u0432\u043e\u0434\u044b", "\u0416\u0438\u0440"]}}]',7,1,'2024-04-15 07:47:46.001793');
INSERT INTO django_admin_log VALUES(196,'20','╨С╤Г╤А╨│╨╡╤А ╨╛╤В ╨и╨╡╤Д ╨┐╨╛╨▓╨░╤А╨░ ╤А╨╡╤Б╤В╨╛╤А╨░╨╜╨░',2,'[{"changed": {"fields": ["\u041f\u043e\u043a\u0430\u0437\u044b\u0432\u0430\u0442\u044c \u0411\u0416\u0423"]}}]',7,1,'2024-04-15 07:47:50.660944');
INSERT INTO django_admin_log VALUES(197,'26','╨Ь╨╡╤Б╤В╨╜╨░╤П ╨╗╨░╨▓╨║╨░ ╨Р╨╣╨╜╨░╨╗╨░╨╣╤Л╨╜ - ╨Р╨╣╤А╨░╨╜ ╨╜╨░ ╤А╨░╨╖╨╗╨╕╨▓ 2╨╗ - 900.0',1,'[{"added": {}}]',12,1,'2024-04-15 09:31:10.686595');
INSERT INTO django_admin_log VALUES(198,'4','╨Р╨╜╨▓╨░╤А',2,'[{"changed": {"fields": ["\u0413\u043e\u0440\u043e\u0434"]}}]',9,1,'2024-04-15 11:34:43.233357');
INSERT INTO django_admin_log VALUES(199,'13','╨Ь╨╛╨╗╨╛╨║╨╛ ╨║╨╛╨╖╤М╨╡╨╝ ╨╜╨░ ╤А╨░╨╖╨╗╨╕╨▓ 1╨╗',2,'[{"changed": {"fields": ["\u041e\u0431\u0449\u0438\u0435 \u043a\u0430\u0442\u0435\u0433\u043e\u0440\u0438\u0438"]}}]',7,1,'2024-04-15 12:30:19.103695');
INSERT INTO django_admin_log VALUES(200,'12','╨Ь╨╛╨╗╨╛╨║╨╛ ╨║╨╛╤А╨╛╨▓╤М╨╡ ╨╜╨░ ╤А╨░╨╖╨╗╨╕╨▓ 1╨╗',2,'[{"changed": {"fields": ["\u041e\u0431\u0449\u0438\u0435 \u043a\u0430\u0442\u0435\u0433\u043e\u0440\u0438\u0438"]}}]',7,1,'2024-04-15 12:30:31.439679');
INSERT INTO django_admin_log VALUES(201,'11','╨Ъ╤Г╤А╨╕╨╜╤Л╨╡ ╨╜╨╛╨╢╨║╨╕ 1╨║╨│',2,'[{"changed": {"fields": ["\u041e\u0431\u0449\u0438\u0435 \u043a\u0430\u0442\u0435\u0433\u043e\u0440\u0438\u0438"]}}]',7,1,'2024-04-15 12:30:34.141526');
INSERT INTO django_admin_log VALUES(202,'20','╨С╤Г╤А╨│╨╡╤А ╨╛╤В ╨и╨╡╤Д ╨┐╨╛╨▓╨░╤А╨░ ╤А╨╡╤Б╤В╨╛╤А╨░╨╜╨░',2,'[{"changed": {"fields": ["\u041e\u0431\u0449\u0438\u0435 \u043a\u0430\u0442\u0435\u0433\u043e\u0440\u0438\u0438"]}}]',7,1,'2024-04-15 12:32:37.658556');
INSERT INTO django_admin_log VALUES(203,'3','╨Ш╨│╤А╤Г╤И╨║╨░ Sonic ╨┤╨╛ 3 ╨╗╨╡╤В',2,'[{"changed": {"fields": ["\u041e\u0431\u0449\u0438\u0435 \u043a\u0430\u0442\u0435\u0433\u043e\u0440\u0438\u0438"]}}]',7,1,'2024-04-15 12:32:41.662579');
INSERT INTO django_admin_log VALUES(204,'13','Aura ╨╜╨░ ╨Ь╨░╨╜╨│╨╕╨╗╨╕╨║ ╨╡╨╗',2,'[{"changed": {"fields": ["\u0422\u0438\u043f \u0442\u043e\u0440\u0433\u043e\u0432\u043e\u0439 \u0442\u043e\u0447\u043a\u0438"]}}]',9,1,'2024-04-15 14:55:00.192830');
INSERT INTO django_admin_log VALUES(205,'4','╨Р╨╜╨▓╨░╤А',2,'[{"changed": {"fields": ["\u0422\u0438\u043f \u0442\u043e\u0440\u0433\u043e\u0432\u043e\u0439 \u0442\u043e\u0447\u043a\u0438"]}}]',9,1,'2024-04-15 14:56:24.031766');
INSERT INTO django_admin_log VALUES(206,'4','╨Р╨╜╨▓╨░╤А',2,'[{"changed": {"fields": ["\u0421\u0442\u0430\u0442\u0443\u0441 \u043c\u0430\u0433\u0430\u0437\u0438\u043d\u0430"]}}]',9,1,'2024-04-15 14:59:51.550445');
INSERT INTO django_admin_log VALUES(207,'2','╨│. ╨Р╤Б╤В╨░╨╜╨░',2,'[{"changed": {"fields": ["\u0428\u0438\u0440\u0438\u043d\u0430", "\u0414\u043e\u043b\u0433\u043e\u0442\u0430"]}}]',10,1,'2024-04-15 15:47:21.901748');
INSERT INTO django_admin_log VALUES(208,'9','╨У╨░╨╖╨╛╨▓╨╕╨║',2,'[{"changed": {"fields": ["\u0422\u0438\u043f \u0442\u043e\u0440\u0433\u043e\u0432\u043e\u0439 \u0442\u043e\u0447\u043a\u0438"]}}]',9,1,'2024-04-15 18:08:20.038972');
INSERT INTO django_admin_log VALUES(209,'7','╨Ш╨╜╨░╨▒╨░╤В',2,'[{"changed": {"fields": ["\u0422\u0438\u043f \u0442\u043e\u0440\u0433\u043e\u0432\u043e\u0439 \u0442\u043e\u0447\u043a\u0438"]}}]',9,1,'2024-04-15 18:08:28.685958');
INSERT INTO django_admin_log VALUES(210,'6','Omarket',2,'[{"changed": {"fields": ["\u0422\u0438\u043f \u0442\u043e\u0440\u0433\u043e\u0432\u043e\u0439 \u0442\u043e\u0447\u043a\u0438"]}}]',9,1,'2024-04-15 18:08:31.950126');
INSERT INTO django_admin_log VALUES(211,'5','Zam',2,'[{"changed": {"fields": ["\u0422\u0438\u043f \u0442\u043e\u0440\u0433\u043e\u0432\u043e\u0439 \u0442\u043e\u0447\u043a\u0438"]}}]',9,1,'2024-04-15 18:08:35.297752');
INSERT INTO django_admin_log VALUES(212,'3','╨Ь╨░╨│╨░╨╖╨╕╨╜ ╨╕╨│╤А╤Г╤И╨╡╨║ Dendy',2,'[{"changed": {"fields": ["\u0422\u0438\u043f \u0442\u043e\u0440\u0433\u043e\u0432\u043e\u0439 \u0442\u043e\u0447\u043a\u0438"]}}]',9,1,'2024-04-15 18:08:41.167280');
INSERT INTO django_admin_log VALUES(213,'2','╨Ь╨░╨│╨░╨╖╨╕╨╜ Svoy',2,'[{"changed": {"fields": ["\u0422\u0438\u043f \u0442\u043e\u0440\u0433\u043e\u0432\u043e\u0439 \u0442\u043e\u0447\u043a\u0438"]}}]',9,1,'2024-04-15 18:08:44.453460');
INSERT INTO django_admin_log VALUES(214,'1','╨Ь╨╡╤Б╤В╨╜╨░╤П ╨╗╨░╨▓╨║╨░ ╨Р╨╣╨╜╨░╨╗╨░╨╣╤Л╨╜',2,'[{"changed": {"fields": ["\u0422\u0438\u043f \u0442\u043e\u0440\u0433\u043e\u0432\u043e\u0439 \u0442\u043e\u0447\u043a\u0438"]}}]',9,1,'2024-04-15 18:08:48.117632');
INSERT INTO django_admin_log VALUES(215,'1','╨в╨╛╨▓╨░╤А╤Л ╨╕ ╨┐╤А╨╛╨┤╤Г╨║╤В╤Л',1,'[{"added": {}}]',20,1,'2024-04-18 08:03:23.719339');
INSERT INTO django_admin_log VALUES(216,'2','╨а╨╡╤Б╤В╨╛╤А╨░╨╜╤Л',1,'[{"added": {}}]',20,1,'2024-04-18 08:03:41.819954');
INSERT INTO django_admin_log VALUES(217,'3','╨Ъ╤А╨░╤Б╨╛╤В╨░ ╨╕ ╤Г╤Е╨╛╨┤',1,'[{"added": {}}]',20,1,'2024-04-18 08:03:59.582138');
INSERT INTO django_admin_log VALUES(218,'4','╨г╤Б╨╗╤Г╨│╨╕',1,'[{"added": {}}]',20,1,'2024-04-18 08:04:34.000455');
INSERT INTO django_admin_log VALUES(219,'12','╨Ь╨╛╨╗╨╛╤З╨╜╤Л╨╡ ╨┐╤А╨╛╨┤╤Г╨║╤В╤Л',2,'[{"changed": {"fields": ["\u0413\u0440\u0443\u043f\u043f\u0438\u0440\u043e\u0432\u043a\u0430 \u043a\u0430\u0442\u0435\u0433\u043e\u0440\u0438\u0439"]}}]',8,1,'2024-04-18 08:08:07.227903');
INSERT INTO django_admin_log VALUES(220,'12','╨Ь╨╛╨╗╨╛╤З╨╜╤Л╨╡ ╨┐╤А╨╛╨┤╤Г╨║╤В╤Л',2,'[{"changed": {"fields": ["\u0413\u0440\u0443\u043f\u043f\u0438\u0440\u043e\u0432\u043a\u0430 \u043a\u0430\u0442\u0435\u0433\u043e\u0440\u0438\u0439"]}}]',8,1,'2024-04-18 08:10:01.866569');
INSERT INTO django_admin_log VALUES(221,'7','╨Ш╨│╤А╤Г╤И╨║╨╕',2,'[{"changed": {"fields": ["\u0413\u0440\u0443\u043f\u043f\u0438\u0440\u043e\u0432\u043a\u0430 \u043a\u0430\u0442\u0435\u0433\u043e\u0440\u0438\u0439"]}}]',8,1,'2024-04-19 15:08:14.969462');
INSERT INTO django_admin_log VALUES(222,'3','╨Ш╨│╤А╤Г╤И╨║╨░ Sonic ╨┤╨╛ 3 ╨╗╨╡╤В',2,'[{"changed": {"fields": ["\u041e\u0431\u0449\u0438\u0435 \u043a\u0430\u0442\u0435\u0433\u043e\u0440\u0438\u0438"]}}]',7,1,'2024-04-19 15:15:38.371125');
INSERT INTO django_admin_log VALUES(223,'21','╨г╤Б╨╗╤Г╨│╨╕ ╤Б╨░╨╜╤В╨╡╤Е╨╜╨╕╨║╨░',1,'[{"added": {}}]',7,1,'2024-04-21 13:25:04.304789');
INSERT INTO django_admin_log VALUES(224,'18','╨б╨░╨╜╤В╨╡╤Е╨╜╨╕╨║╨░',1,'[{"added": {}}]',8,1,'2024-04-21 13:25:44.781568');
INSERT INTO django_admin_log VALUES(225,'21','╨г╤Б╨╗╤Г╨│╨╕ ╤Б╨░╨╜╤В╨╡╤Е╨╜╨╕╨║╨░',2,'[{"changed": {"fields": ["\u041a\u0430\u0442\u0435\u0433\u043e\u0440\u0438\u044f"]}}]',7,1,'2024-04-21 13:26:30.620732');
INSERT INTO django_admin_log VALUES(226,'14','╨Ь╨░╨│╨░╨╖╨╕╨╜ ╤Б╨░╨╜╤В╨╡╤Е╨╜╨╕╨║╨╕',1,'[{"added": {}}]',9,1,'2024-04-21 13:27:40.053507');
INSERT INTO django_admin_log VALUES(227,'27','╨Ь╨░╨│╨░╨╖╨╕╨╜ ╤Б╨░╨╜╤В╨╡╤Е╨╜╨╕╨║╨╕ - ╨г╤Б╨╗╤Г╨│╨╕ ╤Б╨░╨╜╤В╨╡╤Е╨╜╨╕╨║╨░ - 2000.0',1,'[{"added": {}}]',12,1,'2024-04-21 13:29:31.989894');
INSERT INTO django_admin_log VALUES(228,'21','╨г╤Б╨╗╤Г╨│╨╕ ╤Б╨░╨╜╤В╨╡╤Е╨╜╨╕╨║╨░',2,'[{"changed": {"fields": ["\u0418\u0437\u043e\u0431\u0440\u0430\u0436\u0435\u043d\u0438\u0435"]}}]',7,1,'2024-04-21 13:29:55.337697');
INSERT INTO django_admin_log VALUES(229,'2','╨а╨╡╤Б╤В╨╛╤А╨░╨╜╤Л',3,'',20,1,'2024-04-30 10:33:36.025593');
INSERT INTO django_admin_log VALUES(230,'1','╨в╨╛╨▓╨░╤А╤Л ╨╕ ╨┐╤А╨╛╨┤╤Г╨║╤В╤Л',2,'[]',20,1,'2024-04-30 10:33:58.626651');
INSERT INTO django_admin_log VALUES(231,'5','╨С╨╗╤О╨┤╨░',1,'[{"added": {}}]',20,1,'2024-04-30 10:34:14.132777');
INSERT INTO django_admin_log VALUES(232,'19','╨Ь╤П╤Б╨╜╤Л╨╡ ╨▒╨╗╤О╨┤╨░',1,'[{"added": {}}]',8,1,'2024-04-30 14:43:31.269736');
INSERT INTO django_admin_log VALUES(233,'19','╨б╤В╨╡╨╣╨║ ╨в╨╕╨▒╨╛╨╜ 400 ╨│╤А.',2,'[{"changed": {"fields": ["\u041a\u0430\u0442\u0435\u0433\u043e\u0440\u0438\u044f"]}}]',7,1,'2024-04-30 14:43:55.055774');
INSERT INTO django_admin_log VALUES(234,'20','╨С╤Г╤А╨│╨╡╤А ╨╛╤В ╨и╨╡╤Д ╨┐╨╛╨▓╨░╤А╨░ ╤А╨╡╤Б╤В╨╛╤А╨░╨╜╨░',2,'[{"changed": {"fields": ["\u041a\u0430\u0442\u0435\u0433\u043e\u0440\u0438\u044f"]}}]',7,1,'2024-04-30 14:44:01.726746');
INSERT INTO django_admin_log VALUES(235,'2','╨Ь╨░╨│╨░╨╖╨╕╨╜ Svoy',2,'[{"changed": {"fields": ["\u041c\u0435\u0442\u043e\u0434\u044b \u0434\u043e\u0441\u0442\u0430\u0432\u043a\u0438"]}}]',9,1,'2024-05-01 14:02:41.520673');
INSERT INTO django_admin_log VALUES(236,'13','Aura ╨╜╨░ ╨Ь╨░╨╜╨│╨╕╨╗╨╕╨║ ╨╡╨╗',2,'[{"changed": {"fields": ["\u0422\u0438\u043f \u0442\u043e\u0440\u0433\u043e\u0432\u043e\u0439 \u0442\u043e\u0447\u043a\u0438"]}}]',9,1,'2024-05-01 14:03:19.873728');
INSERT INTO django_admin_log VALUES(237,'1','╨б╨░╨╣╨┤╨░╨╗╨╕╨╡╨▓ ╨в╨░╨╣╨╝╨░╨╜ - ╨Я╨╡╤А╨▓╨╛╨╡, ╤З╤В╨╛ ╨▒╤А╨╛╤Б╨░╨╡╤В╤Б - 5',1,'[{"added": {}}]',21,1,'2024-05-03 09:56:15.965601');
INSERT INTO django_admin_log VALUES(238,'2','╨Р╨╗╤В╤Л╨╜╨░╨╣ ╨в╤Г╤А╨│╨░╨╝╨╜╨▒╨░╨╡╨▓╨░ - ╨Э╨░ ╤Б╨░╨╣╤В╨╡ ╨┐╤А╨╡╨┤╤Б╤В╨░╨▓╨╗╨╡╨╜ - 5',1,'[{"added": {}}]',21,1,'2024-05-03 09:56:48.789903');
INSERT INTO django_admin_log VALUES(239,'3','╨Р╨╣╨┤╨╛╤Б ╨Ф╨╡╨╝╨╡╤Г╨╛╨▓ - ╨б╨░╨╣╤В ╤В╨░╨║╨╢╨╡ ╨┐╤А╨╡╨┤╨╛╤Б╤В╨░╨▓ - 5',1,'[{"added": {}}]',21,1,'2024-05-03 09:57:35.737341');
INSERT INTO django_admin_log VALUES(240,'1','╨Р╨║╨║╨╛╤А╨┤╨╡╨╛╨╜ FAQ',1,'[{"added": {}}]',22,1,'2024-05-03 10:54:55.587203');
INSERT INTO django_admin_log VALUES(241,'2','Categories',1,'[{"added": {}}]',22,1,'2024-05-03 10:55:04.463203');
INSERT INTO django_admin_log VALUES(242,'3','Simple FAQ',1,'[{"added": {}}]',22,1,'2024-05-03 10:55:15.227194');
INSERT INTO django_admin_log VALUES(243,'1','╨Ъ╨░╨║ ╤П ╨╝╨╛╨│╤Г ╨╛╤В╤Б╨╗╨╡╨╢╨╕╨▓╨░╤В╤М ╤Б╨▓╨╛╨╣ ╨╖╨░╨║╨░╨╖?',2,'[{"changed": {"fields": ["\u0412\u043e\u043f\u0440\u043e\u0441", "\u041e\u0442\u0432\u0435\u0442"]}}]',22,1,'2024-05-03 11:01:50.572407');
INSERT INTO django_admin_log VALUES(244,'2','╨Ъ╨░╨║╨╕╨╡ ╤Б╨┐╨╛╤Б╨╛╨▒╤Л ╨╛╨┐╨╗╨░╤В╤Л ╨▓╤Л ╨┐╤А╨╕╨╜╨╕╨╝╨░╨╡╤В╨╡?',2,'[{"changed": {"fields": ["\u0412\u043e\u043f\u0440\u043e\u0441", "\u041e\u0442\u0432\u0435\u0442"]}}]',22,1,'2024-05-03 11:01:57.196461');
INSERT INTO django_admin_log VALUES(245,'3','╨Ь╨╛╨│╤Г ╨╗╨╕ ╤П ╨╕╨╖╨╝╨╡╨╜╨╕╤В╤М ╨╕╨╗╨╕ ╨╛╤В╨╝╨╡╨╜╨╕╤В╤М ╨╖╨░╨║╨░╨╖ ╨┐╨╛╤Б╨╗╨╡ ╨╡╨│╨╛ ╨╛╤Д╨╛╤А╨╝╨╗╨╡╨╜╨╕╤П?',2,'[{"changed": {"fields": ["\u0412\u043e\u043f\u0440\u043e\u0441", "\u041e\u0442\u0432\u0435\u0442"]}}]',22,1,'2024-05-03 11:02:04.407544');
INSERT INTO django_admin_log VALUES(246,'4','╨Ъ╨░╨║╨╕╨╡ ╤Г╤Б╨╗╨╛╨▓╨╕╤П ╨▓╨╛╨╖╨▓╤А╨░╤В╨░ ╤В╨╛╨▓╨░╤А╨░?',1,'[{"added": {}}]',22,1,'2024-05-03 11:02:10.407358');
INSERT INTO django_admin_log VALUES(247,'5','╨Ъ╨░╨║╨╛╨▓╤Л ╤Б╤А╨╛╨║╨╕ ╨┤╨╛╤Б╤В╨░╨▓╨║╨╕?',1,'[{"added": {}}]',22,1,'2024-05-03 11:02:16.213762');
INSERT INTO django_admin_log VALUES(248,'6','╨Ъ╨░╨║ ╨╝╨╜╨╡ ╤Г╨╖╨╜╨░╤В╤М ╤А╨░╨╖╨╝╨╡╤А╤Л ╨╛╨┤╨╡╨╢╨┤╤Л ╨╕╨╗╨╕ ╨╛╨▒╤Г╨▓╨╕?',1,'[{"added": {}}]',22,1,'2024-05-03 11:02:22.839348');
INSERT INTO django_admin_log VALUES(249,'7','╨з╤В╨╛ ╨┤╨╡╨╗╨░╤В╤М, ╨╡╤Б╨╗╨╕ ╨┐╨╛╨╗╤Г╤З╨╡╨╜╨╜╤Л╨╣ ╤В╨╛╨▓╨░╤А ╨┐╨╛╨▓╤А╨╡╨╢╨┤╨╡╨╜?',1,'[{"added": {}}]',22,1,'2024-05-03 11:02:30.600836');
INSERT INTO django_admin_log VALUES(250,'7','╨Э╨╛╨▓╨╛╨╡ ╤Б╨╛╨╛╨▒╤Й╨╡╨╜╨╕╨╡',3,'',23,1,'2024-05-03 12:03:05.476169');
INSERT INTO django_admin_log VALUES(251,'6','asdfasdf',3,'',23,1,'2024-05-03 12:03:05.484129');
INSERT INTO django_admin_log VALUES(252,'5','╨Т╨╛╨┐╤А╨╛╤Б 1',3,'',23,1,'2024-05-03 12:03:05.488645');
INSERT INTO django_admin_log VALUES(253,'4','╨Т╨╛╨┐╤А╨╛╤Б 1',3,'',23,1,'2024-05-03 12:03:05.491645');
INSERT INTO django_admin_log VALUES(254,'3','╨Т╨╛╨┐╤А╨╛╤Б 1',3,'',23,1,'2024-05-03 12:03:05.494645');
INSERT INTO django_admin_log VALUES(255,'2','╨Т╨╛╨┐╤А╨╛╤Б 1',3,'',23,1,'2024-05-03 12:03:05.498173');
INSERT INTO django_admin_log VALUES(256,'1','taimansaidaliev@gmail.com',1,'[{"added": {}}]',24,1,'2024-05-03 12:25:57.697843');
INSERT INTO django_admin_log VALUES(257,'1','╨Э╨╛╨▓╨░╤П ╤Б╤В╤А╨░╨╜╨╕╤Ж╨░',1,'[{"added": {}}]',25,1,'2024-05-03 12:41:13.882508');
INSERT INTO django_admin_log VALUES(258,'1','╨Э╨╛╨▓╨░╤П ╤Б╤В╤А╨░╨╜╨╕╤Ж╨░',2,'[{"changed": {"fields": ["\u041a\u043e\u043d\u0442\u0435\u043d\u0442"]}}]',25,1,'2024-05-03 12:47:32.744002');
INSERT INTO django_admin_log VALUES(259,'1','╨Э╨╛╨▓╨░╤П ╤Б╤В╤А╨░╨╜╨╕╤Ж╨░',2,'[{"changed": {"fields": ["\u041a\u043e\u043d\u0442\u0435\u043d\u0442"]}}]',25,1,'2024-05-03 12:47:37.529603');
INSERT INTO django_admin_log VALUES(260,'1','╨Э╨╛╨▓╨░╤П ╤Б╤В╤А╨░╨╜╨╕╤Ж╨░',2,'[{"changed": {"fields": ["\u041a\u043e\u043d\u0442\u0435\u043d\u0442"]}}]',25,1,'2024-05-03 13:00:05.005177');
INSERT INTO django_admin_log VALUES(261,'1','╨Э╨╛╨▓╨░╤П ╤Б╤В╤А╨░╨╜╨╕╤Ж╨░',2,'[{"changed": {"fields": ["\u041a\u043e\u043d\u0442\u0435\u043d\u0442"]}}]',25,1,'2024-05-03 13:50:32.465803');
INSERT INTO django_admin_log VALUES(262,'1','╨Э╨╛╨▓╨░╤П ╤Б╤В╤А╨░╨╜╨╕╤Ж╨░',2,'[{"changed": {"fields": ["\u041a\u043e\u043d\u0442\u0435\u043d\u0442"]}}]',25,1,'2024-05-03 13:50:50.097575');
INSERT INTO django_admin_log VALUES(263,'6','╨Р╨║╤Ж╨╕╤П 6',2,'[{"changed": {"fields": ["\u0421\u0441\u044b\u043b\u043a\u0430"]}}]',18,1,'2024-05-03 14:02:41.105741');
INSERT INTO django_admin_log VALUES(264,'6','╨Р╨║╤Ж╨╕╤П 6',2,'[{"changed": {"fields": ["\u0421\u0441\u044b\u043b\u043a\u0430"]}}]',18,1,'2024-05-03 14:03:23.662158');
INSERT INTO django_admin_log VALUES(265,'6','╨Р╨║╤Ж╨╕╤П 6',2,'[{"changed": {"fields": ["\u041e\u043f\u0438\u0441\u0430\u043d\u0438\u0435"]}}]',18,1,'2024-05-03 14:04:32.145780');
INSERT INTO django_admin_log VALUES(266,'1','╨Ш╨╜╤Д╨╛╤А╨╝╨░╤Ж╨╕╨╛╨╜╨╜╤Л╨╣ ╨┐╨╛╤А╤В╨░╨╗ ╤Б ╨┐╨╛╨┤╨▒╨╛╤А╨╛╨╝ ╤А╨╡╤Б╤В╨╛╤А╨░╨╜╨╛╨▓ ╨╕ ╨╝╨░╨│╨░╨╖╨╕╨╜╨╛╨▓ ╨▓╨░╤И╨╡╨│╨╛ ╨│╨╛╤А╨╛╨┤╨░.',1,'[{"added": {}}]',26,1,'2024-05-04 06:45:50.868209');
INSERT INTO django_admin_log VALUES(267,'1','╨Ш╨╜╤Д╨╛╤А╨╝╨░╤Ж╨╕╨╛╨╜╨╜╤Л╨╣ ╨┐╨╛╤А╤В╨░╨╗ ╤Б ╨┐╨╛╨┤╨▒╨╛╤А╨╛╨╝ ╤А╨╡╤Б╤В╨╛╤А╨░╨╜╨╛╨▓ ╨╕ ╨╝╨░╨│╨░╨╖╨╕╨╜╨╛╨▓ ╨▓╨░╤И╨╡╨│╨╛ ╨│╨╛╤А╨╛╨┤╨░.',2,'[{"changed": {"fields": ["\u0418\u0437\u043e\u0431\u0440\u0430\u0436\u0435\u043d\u0438\u0435 \u043f\u0435\u0440\u0432\u043e\u0433\u043e \u0431\u043b\u043e\u043a\u0430", "\u0418\u0437\u043e\u0431\u0440\u0430\u0436\u0435\u043d\u0438\u0435 \u0432\u0442\u043e\u0440\u043e\u0433\u043e \u0431\u043b\u043e\u043a\u0430", "\u0418\u0437\u043e\u0431\u0440\u0430\u0436\u0435\u043d\u0438\u0435 \u0442\u0440\u0435\u0442\u044c\u0435\u0433\u043e \u0431\u043b\u043e\u043a\u0430", "\u0418\u0437\u043e\u0431\u0440\u0430\u0436\u0435\u043d\u0438\u0435 \u0430\u0432\u0442\u043e\u0440\u0430"]}}]',26,1,'2024-05-04 06:47:18.562574');
INSERT INTO django_admin_log VALUES(268,'1','╨Ш╨╜╤Д╨╛╤А╨╝╨░╤Ж╨╕╨╛╨╜╨╜╤Л╨╣ ╨┐╨╛╤А╤В╨░╨╗ ╤Б ╨┐╨╛╨┤╨▒╨╛╤А╨╛╨╝ ╤А╨╡╤Б╤В╨╛╤А╨░╨╜╨╛╨▓ ╨╕ ╨╝╨░╨│╨░╨╖╨╕╨╜╨╛╨▓ ╨▓╨░╤И╨╡╨│╨╛ ╨│╨╛╤А╨╛╨┤╨░.',2,'[{"changed": {"fields": ["\u041d\u0430\u043f\u0438\u0441\u044c \u043f\u0435\u0440\u0432\u043e\u0433\u043e \u0431\u043b\u043e\u043a\u0430"]}}]',26,1,'2024-05-04 07:03:28.741519');
INSERT INTO django_admin_log VALUES(269,'1','╨Ш╨╜╤Д╨╛╤А╨╝╨░╤Ж╨╕╨╛╨╜╨╜╤Л╨╣ ╨┐╨╛╤А╤В╨░╨╗ ╤Б ╨┐╨╛╨┤╨▒╨╛╤А╨╛╨╝ ╤А╨╡╤Б╤В╨╛╤А╨░╨╜╨╛╨▓ ╨╕ ╨╝╨░╨│╨░╨╖╨╕╨╜╨╛╨▓ ╨▓╨░╤И╨╡╨│╨╛ ╨│╨╛╤А╨╛╨┤╨░.',2,'[{"changed": {"fields": ["\u041d\u0430\u043f\u0438\u0441\u044c \u043f\u0435\u0440\u0432\u043e\u0433\u043e \u0431\u043b\u043e\u043a\u0430"]}}]',26,1,'2024-05-04 07:03:33.830134');
INSERT INTO django_admin_log VALUES(270,'1','╨б╨░╨╣╨┤╨░╨╗╨╕╨╡╨▓ ╨в╨░╨╣╨╝╨░╨╜ - ╨Я╨╡╤А╨▓╨╛╨╡, ╤З╤В╨╛ ╨▒╤А╨╛╤Б╨░╨╡╤В╤Б - 5',2,'[{"changed": {"fields": ["\u041d\u0430\u0434\u043f\u0438\u0441\u044c"]}}]',21,1,'2024-05-04 07:06:12.242532');
INSERT INTO django_admin_log VALUES(271,'3','╨Р╨╣╨┤╨╛╤Б ╨Ф╨╡╨╝╨╡╤Г╨╛╨▓ - ╨б╨░╨╣╤В ╤В╨░╨║╨╢╨╡ ╨┐╤А╨╡╨┤╨╛╤Б╤В╨░╨▓ - 5',2,'[{"changed": {"fields": ["\u041d\u0430\u0434\u043f\u0438\u0441\u044c"]}}]',21,1,'2024-05-04 07:06:23.726764');
INSERT INTO django_admin_log VALUES(272,'2','╨Р╨╗╤В╤Л╨╜╨░╨╣ ╨в╤Г╤А╨│╨░╨╝╨╜╨▒╨░╨╡╨▓╨░ - ╨Э╨░ ╤Б╨░╨╣╤В╨╡ ╨┐╤А╨╡╨┤╤Б╤В╨░╨▓╨╗╨╡╨╜ - 5',2,'[{"changed": {"fields": ["\u041d\u0430\u0434\u043f\u0438\u0441\u044c"]}}]',21,1,'2024-05-04 07:06:33.010216');
INSERT INTO django_admin_log VALUES(273,'1','╨б╨║╨╕╨┤╨║╨░ ╨╜╨░ ╨Я╨Я ╨С╤Г╤А╨│╨╡╤А',1,'[{"added": {}}]',27,1,'2024-05-04 07:59:11.202478');
INSERT INTO django_admin_log VALUES(274,'1','╨б╨║╨╕╨┤╨║╨░ ╨╜╨░ ╨Я╨Я ╨С╤Г╤А╨│╨╡╤А',2,'[{"changed": {"fields": ["\u0418\u0437\u043e\u0431\u0440\u0430\u0436\u0435\u043d\u0438\u0435 \u043d\u0430 \u0444\u043e\u043d"]}}]',27,1,'2024-05-04 08:00:59.943313');
INSERT INTO django_admin_log VALUES(275,'1','╨б╨║╨╕╨┤╨║╨░ ╨╜╨░ ╨Я╨Я ╨С╤Г╤А╨│╨╡╤А',2,'[{"changed": {"fields": ["\u041f\u043e\u0434\u043f\u0438\u0441\u044c"]}}]',27,1,'2024-05-04 08:06:40.871544');
INSERT INTO django_admin_log VALUES(276,'14','╨Ь╨░╨│╨░╨╖╨╕╨╜ ╤Б╨░╨╜╤В╨╡╤Е╨╜╨╕╨║╨╕',2,'[{"changed": {"fields": ["\u041f\u043e\u0440\u044f\u0434\u043e\u043a \u0441\u043e\u0440\u0442\u0438\u0440\u043e\u0432\u043a\u0438"]}}]',9,1,'2024-05-04 09:10:24.226223');
INSERT INTO django_admin_log VALUES(277,'13','Aura ╨╜╨░ ╨Ь╨░╨╜╨│╨╕╨╗╨╕╨║ ╨╡╨╗',2,'[{"changed": {"fields": ["\u041f\u043e\u0440\u044f\u0434\u043e\u043a \u0441\u043e\u0440\u0442\u0438\u0440\u043e\u0432\u043a\u0438"]}}]',9,1,'2024-05-04 09:10:27.374953');
INSERT INTO django_admin_log VALUES(278,'4','╨Р╨╜╨▓╨░╤А',2,'[{"changed": {"fields": ["\u041f\u043e\u0440\u044f\u0434\u043e\u043a \u0441\u043e\u0440\u0442\u0438\u0440\u043e\u0432\u043a\u0438"]}}]',9,1,'2024-05-04 09:10:30.292795');
INSERT INTO django_admin_log VALUES(279,'7','╨Ш╨╜╨░╨▒╨░╤В',2,'[{"changed": {"fields": ["\u041f\u043e\u0440\u044f\u0434\u043e\u043a \u0441\u043e\u0440\u0442\u0438\u0440\u043e\u0432\u043a\u0438"]}}]',9,1,'2024-05-04 09:10:33.474903');
INSERT INTO django_admin_log VALUES(280,'13','Aura ╨╜╨░ ╨Ь╨░╨╜╨│╨╕╨╗╨╕╨║ ╨╡╨╗',2,'[{"changed": {"fields": ["\u041f\u043e\u0440\u044f\u0434\u043e\u043a \u0441\u043e\u0440\u0442\u0438\u0440\u043e\u0432\u043a\u0438"]}}]',9,1,'2024-05-04 09:12:16.750254');
INSERT INTO django_admin_log VALUES(281,'2','╨Ю ╨║╨╛╨╝╨┐╨░╨╜╨╕╨╕',1,'[{"added": {}}]',25,1,'2024-05-04 09:21:39.424598');
INSERT INTO django_admin_log VALUES(282,'2','╨Ю ╨║╨╛╨╝╨┐╨░╨╜╨╕╨╕',2,'[{"changed": {"fields": ["\u041a\u043e\u043d\u0442\u0435\u043d\u0442"]}}]',25,1,'2024-05-04 09:22:56.912454');
INSERT INTO django_admin_log VALUES(283,'3','╨Э╨░╤И╨░ ╨║╨╛╨╝╨░╨╜╨┤╨░',1,'[{"added": {}}]',25,1,'2024-05-04 09:27:45.353960');
INSERT INTO django_admin_log VALUES(284,'3','╨Э╨░╤И╨░ ╨║╨╛╨╝╨░╨╜╨┤╨░',2,'[{"changed": {"fields": ["\u041a\u043e\u043d\u0442\u0435\u043d\u0442"]}}]',25,1,'2024-05-04 09:28:11.470127');
INSERT INTO django_admin_log VALUES(285,'3','╨Э╨░╤И╨░ ╨║╨╛╨╝╨░╨╜╨┤╨░',2,'[{"changed": {"fields": ["\u041a\u043e\u043d\u0442\u0435\u043d\u0442"]}}]',25,1,'2024-05-04 09:28:48.327900');
INSERT INTO django_admin_log VALUES(286,'3','╨Э╨░╤И╨░ ╨║╨╛╨╝╨░╨╜╨┤╨░',2,'[{"changed": {"fields": ["\u041a\u043e\u043d\u0442\u0435\u043d\u0442"]}}]',25,1,'2024-05-04 09:29:58.460206');
INSERT INTO django_admin_log VALUES(287,'1','╨б╨▓╨╡╨╢╨░╤П ╨║╤Г╤А╨╕╤Ж╨░ 1╨║╨│',2,'[{"changed": {"fields": ["\u0418\u0437\u043e\u0431\u0440\u0430\u0436\u0435\u043d\u0438\u0435"]}}]',7,1,'2024-05-11 11:42:54.427601');
INSERT INTO django_admin_log VALUES(288,'1','╨│. ╨Р╤В╤Л╤А╨░╤Г',2,'[{"changed": {"fields": ["\u0428\u0438\u0440\u0438\u043d\u0430", "\u0414\u043e\u043b\u0433\u043e\u0442\u0430"]}}]',10,1,'2024-05-11 11:44:43.572607');
INSERT INTO django_admin_log VALUES(289,'4','╨Р╨╜╨▓╨░╤А',2,'[{"changed": {"fields": ["\u0428\u0438\u0440\u0438\u043d\u0430", "\u0414\u043e\u043b\u0433\u043e\u0442\u0430"]}}]',9,1,'2024-05-11 11:51:36.450514');
INSERT INTO django_admin_log VALUES(290,'4','╨Р╨╜╨▓╨░╤А',2,'[{"changed": {"fields": ["\u0414\u043e\u043b\u0433\u043e\u0442\u0430"]}}]',9,1,'2024-05-11 11:53:36.033561');
INSERT INTO django_admin_log VALUES(291,'28','╨Р╨╜╨▓╨░╤А - ╨б╨▓╨╡╨╢╨░╤П ╨║╤Г╤А╨╕╤Ж╨░ 1╨║╨│ - 2900.0',1,'[{"added": {}}]',12,1,'2024-05-11 12:06:05.127420');
INSERT INTO django_admin_log VALUES(292,'5','╨Р╨║╤Ж╨╕╤П 5',2,'[{"changed": {"fields": ["\u0413\u043e\u0440\u043e\u0434"]}}]',18,1,'2024-05-11 12:10:49.415160');
INSERT INTO django_admin_log VALUES(293,'4','╨Р╨║╤Ж╨╕╤П 4',2,'[{"changed": {"fields": ["\u0413\u043e\u0440\u043e\u0434"]}}]',18,1,'2024-05-11 12:10:53.254107');
INSERT INTO django_admin_log VALUES(294,'4','╨Р╨║╤Ж╨╕╤П 4',2,'[]',18,1,'2024-05-11 12:10:55.899122');
INSERT INTO django_admin_log VALUES(295,'6','╨Р╨║╤Ж╨╕╤П 6',2,'[{"changed": {"fields": ["\u0413\u043e\u0440\u043e\u0434"]}}]',18,1,'2024-05-11 12:10:58.630967');
INSERT INTO django_admin_log VALUES(296,'3','╨Р╨║╤Ж╨╕╤П 1',2,'[{"changed": {"fields": ["\u0413\u043e\u0440\u043e\u0434"]}}]',18,1,'2024-05-11 12:11:01.576281');
INSERT INTO django_admin_log VALUES(297,'2','╨Р╨║╤Ж╨╕╤П 2',2,'[{"changed": {"fields": ["\u0413\u043e\u0440\u043e\u0434"]}}]',18,1,'2024-05-11 12:11:04.177446');
INSERT INTO django_admin_log VALUES(298,'1','╨Р╨║╤Ж╨╕╤П 3',2,'[{"changed": {"fields": ["\u0413\u043e\u0440\u043e\u0434"]}}]',18,1,'2024-05-11 12:11:06.619120');
INSERT INTO django_admin_log VALUES(299,'3','╨Р╨║╤Ж╨╕╤П 1',2,'[{"changed": {"fields": ["\u041e\u043f\u0438\u0441\u0430\u043d\u0438\u0435"]}}]',18,1,'2024-05-11 12:13:46.500967');
INSERT INTO django_admin_log VALUES(300,'2','╨│. ╨Р╤Б╤В╨░╨╜╨░',2,'[{"changed": {"fields": ["\u0417\u0443\u043c"]}}]',10,1,'2024-05-11 12:17:58.641848');
INSERT INTO django_admin_log VALUES(301,'2','╨│. ╨Р╤Б╤В╨░╨╜╨░',2,'[{"changed": {"fields": ["\u0417\u0443\u043c"]}}]',10,1,'2024-05-11 12:18:14.977071');
INSERT INTO django_admin_log VALUES(302,'29','╨Р╨╜╨▓╨░╤А - ╨Р╨╣╤А╨░╨╜ ╨╜╨░ ╤А╨░╨╖╨╗╨╕╨▓ 2╨╗ - 880.0',1,'[{"added": {}}]',12,1,'2024-05-11 12:19:16.772505');
INSERT INTO django_admin_log VALUES(303,'4','╨а╨╛╨▒╨╛╨║╨░╤Б╤Б╨░',1,'[{"added": {}}]',25,1,'2024-05-13 05:05:25.395977');
INSERT INTO django_admin_log VALUES(304,'30','╨С╨╡╤А╨╡╨║╨╡ - ╨Ь╨╛╨╗╨╛╨║╨╛ ╨║╨╛╨╖╤М╨╡╨╝ ╨╜╨░ ╤А╨░╨╖╨╗╨╕╨▓ 1╨╗ - 4900.0',1,'[{"added": {}}]',12,1,'2024-05-13 05:23:19.506156');
INSERT INTO django_admin_log VALUES(305,'1','╨б╤В╨░╤В╤М ╨┐╨░╤А╤В╨╜╨╡╤А╨╛╨╝',2,'[{"changed": {"fields": ["\u041d\u0430\u0437\u0432\u0430\u043d\u0438\u0435", "Slug"]}}]',25,1,'2024-05-13 06:06:01.230229');
INSERT INTO django_admin_log VALUES(306,'5','╨Ъ╨░╤А╤М╨╡╤А╨░',1,'[{"added": {}}]',25,1,'2024-05-13 06:07:20.364450');
INSERT INTO django_admin_log VALUES(307,'7','╨Р╨║╤Ж╨╕╤П 7',1,'[{"added": {}}]',18,1,'2024-05-14 05:59:23.596362');
INSERT INTO django_admin_log VALUES(308,'7','╨Р╨║╤Ж╨╕╤П 7',2,'[{"changed": {"fields": ["\u0421\u0441\u044b\u043b\u043a\u0430"]}}]',18,1,'2024-05-14 06:00:01.625866');
INSERT INTO django_admin_log VALUES(309,'20','╨С╤Г╤А╨│╨╡╤А ╨╛╤В ╨и╨╡╤Д ╨┐╨╛╨▓╨░╤А╨░ ╤А╨╡╤Б╤В╨╛╤А╨░╨╜╨░',2,'[{"changed": {"fields": ["\u041f\u043e\u043a\u0430\u0437\u044b\u0432\u0430\u0442\u044c \u0411\u0416\u0423", "\u0411\u0435\u043b\u043a\u0438", "\u0423\u0433\u043b\u0435\u0432\u043e\u0434\u044b", "\u0416\u0438\u0440"]}}]',7,1,'2024-05-14 06:18:29.814794');
INSERT INTO django_admin_log VALUES(310,'10','╨Э╨╛╨╢╨║╨╕ ╨╕╨╜╨┤╨╡╨╣╨║╨╕ 1 ╨║╨│',2,'[{"changed": {"fields": ["\u041e\u0431\u0449\u0438\u0435 \u043a\u0430\u0442\u0435\u0433\u043e\u0440\u0438\u0438"]}}]',7,1,'2024-05-14 06:28:35.016970');
INSERT INTO django_admin_log VALUES(311,'31','╨С╨╡╤А╨╡╨║╨╡ - ╨Э╨╛╨╢╨║╨╕ ╨╕╨╜╨┤╨╡╨╣╨║╨╕ 1 ╨║╨│ - 2900.0',1,'[{"added": {}}]',12,1,'2024-05-14 06:28:59.494855');
INSERT INTO django_admin_log VALUES(312,'32','╨Ш╨╜╨░╨▒╨░╤В - ╨Э╨╛╨╢╨║╨╕ ╨╕╨╜╨┤╨╡╨╣╨║╨╕ 1 ╨║╨│ - 3000.0',1,'[{"added": {}}]',12,1,'2024-05-14 06:29:24.799236');
INSERT INTO django_admin_log VALUES(313,'7','╨Р╨║╤Ж╨╕╤П 7',2,'[{"changed": {"fields": ["\u041c\u0430\u0433\u0430\u0437\u0438\u043d"]}}]',18,1,'2024-06-04 07:16:46.194281');
INSERT INTO django_admin_log VALUES(314,'1','╨Ш╨╜╤Д╨╛╤А╨╝╨░╤Ж╨╕╨╛╨╜╨╜╤Л╨╣ ╨┐╨╛╤А╤В╨░╨╗ ╤Б ╨┐╨╛╨┤╨▒╨╛╤А╨╛╨╝ ╤А╨╡╤Б╤В╨╛╤А╨░╨╜╨╛╨▓ ╨╕ ╨╝╨░╨│╨░╨╖╨╕╨╜╨╛╨▓ ╨▓╨░╤И╨╡╨│╨╛ ╨│╨╛╤А╨╛╨┤╨░.',2,'[{"changed": {"fields": ["\u0418\u0437\u043e\u0431\u0440\u0430\u0436\u0435\u043d\u0438\u0435 \u0431\u043e\u043b\u044c\u0448\u043e\u0435"]}}]',26,1,'2024-06-07 10:18:12.261758');
INSERT INTO django_admin_log VALUES(315,'7','╨Р╨║╤Ж╨╕╤П 7',2,'[{"changed": {"fields": ["\u0414\u0430\u0442\u0430 \u043e\u043a\u043e\u043d\u0447\u0430\u043d\u0438\u044f \u0430\u043a\u0446\u0438\u0438"]}}]',18,1,'2024-07-01 13:05:52.856684');
INSERT INTO django_admin_log VALUES(316,'6','Omarket',2,'[{"changed": {"fields": ["\u041f\u043e\u0440\u044f\u0434\u043e\u043a \u0441\u043e\u0440\u0442\u0438\u0440\u043e\u0432\u043a\u0438"]}}]',9,1,'2024-07-01 13:20:37.751726');
INSERT INTO django_admin_log VALUES(317,'14','╨Ь╨░╨│╨░╨╖╨╕╨╜ ╤Б╨░╨╜╤В╨╡╤Е╨╜╨╕╨║╨╕',2,'[{"added": {"name": "\u0418\u0437\u043e\u0431\u0440\u0430\u0436\u0435\u043d\u0438\u0435 \u043c\u0430\u0433\u0430\u0437\u0438\u043d\u0430", "object": "Image for \u041c\u0430\u0433\u0430\u0437\u0438\u043d \u0441\u0430\u043d\u0442\u0435\u0445\u043d\u0438\u043a\u0438"}}, {"added": {"name": "\u0418\u0437\u043e\u0431\u0440\u0430\u0436\u0435\u043d\u0438\u0435 \u043c\u0430\u0433\u0430\u0437\u0438\u043d\u0430", "object": "Image for \u041c\u0430\u0433\u0430\u0437\u0438\u043d \u0441\u0430\u043d\u0442\u0435\u0445\u043d\u0438\u043a\u0438"}}]',9,1,'2024-07-01 14:15:55.508030');
INSERT INTO django_admin_log VALUES(318,'14','╨Ь╨░╨│╨░╨╖╨╕╨╜ ╤Б╨░╨╜╤В╨╡╤Е╨╜╨╕╨║╨╕',2,'[{"deleted": {"name": "\u0418\u0437\u043e\u0431\u0440\u0430\u0436\u0435\u043d\u0438\u0435 \u043c\u0430\u0433\u0430\u0437\u0438\u043d\u0430", "object": "Image for \u041c\u0430\u0433\u0430\u0437\u0438\u043d \u0441\u0430\u043d\u0442\u0435\u0445\u043d\u0438\u043a\u0438"}}]',9,1,'2024-07-01 14:16:06.491617');
INSERT INTO django_admin_log VALUES(319,'14','╨Ь╨░╨│╨░╨╖╨╕╨╜ ╤Б╨░╨╜╤В╨╡╤Е╨╜╨╕╨║╨╕',2,'[{"changed": {"name": "\u0418\u0437\u043e\u0431\u0440\u0430\u0436\u0435\u043d\u0438\u0435 \u043c\u0430\u0433\u0430\u0437\u0438\u043d\u0430", "object": "Image for \u041c\u0430\u0433\u0430\u0437\u0438\u043d \u0441\u0430\u043d\u0442\u0435\u0445\u043d\u0438\u043a\u0438", "fields": ["\u0418\u0437\u043e\u0431\u0440\u0430\u0436\u0435\u043d\u0438\u0435"]}}]',9,1,'2024-07-01 14:16:15.341842');
INSERT INTO django_admin_log VALUES(320,'14','╨Ь╨░╨│╨░╨╖╨╕╨╜ ╤Б╨░╨╜╤В╨╡╤Е╨╜╨╕╨║╨╕',2,'[{"added": {"name": "\u0418\u0437\u043e\u0431\u0440\u0430\u0436\u0435\u043d\u0438\u0435 \u043c\u0430\u0433\u0430\u0437\u0438\u043d\u0430", "object": "Image for \u041c\u0430\u0433\u0430\u0437\u0438\u043d \u0441\u0430\u043d\u0442\u0435\u0445\u043d\u0438\u043a\u0438"}}]',9,1,'2024-07-01 14:16:37.493671');
INSERT INTO django_admin_log VALUES(321,'14','╨Ь╨░╨│╨░╨╖╨╕╨╜ ╤Б╨░╨╜╤В╨╡╤Е╨╜╨╕╨║╨╕',2,'[{"changed": {"fields": ["Instagram \u041b\u043e\u0433\u0438\u043d", "\u0421\u0441\u044b\u043b\u043a\u0430 \u043d\u0430 \u0441\u0430\u0439\u0442"]}}]',9,1,'2024-07-01 16:37:31.099177');
INSERT INTO django_admin_log VALUES(322,'14','╨Ь╨░╨│╨░╨╖╨╕╨╜ ╤Б╨░╨╜╤В╨╡╤Е╨╜╨╕╨║╨╕',2,'[{"changed": {"fields": ["\u0421\u0441\u044b\u043b\u043a\u0430 \u043d\u0430 Youtube"]}}]',9,1,'2024-07-01 16:43:05.257252');
INSERT INTO django_admin_log VALUES(323,'13','Aura ╨╜╨░ ╨Ь╨░╨╜╨│╨╕╨╗╨╕╨║ ╨╡╨╗',2,'[{"changed": {"fields": ["\u0421\u0441\u044b\u043b\u043a\u0430 \u043d\u0430 Youtube"]}}]',9,1,'2024-07-01 16:48:23.794573');
INSERT INTO django_admin_log VALUES(324,'14','╨Ь╨░╨│╨░╨╖╨╕╨╜ ╤Б╨░╨╜╤В╨╡╤Е╨╜╨╕╨║╨╕',2,'[{"changed": {"fields": ["Tiktok \u041b\u043e\u0433\u0438\u043d"]}}]',9,1,'2024-07-01 16:55:44.306980');
INSERT INTO django_admin_log VALUES(325,'1','╨б╨░╨╣╨┤╨░╨╗╨╕╨╡╨▓ ╨в╨░╨╣╨╝╨░╨╜ - ╨е╨╛╤А╨╛╤И╨╕╨╣ ╤Б╨╡╤А╨▓╨╕╤Б. ╨б╨┐╨░╤Б - 5',1,'[{"added": {}}]',31,1,'2024-07-12 15:47:48.998318');
INSERT INTO django_admin_log VALUES(326,'7','╨Р╨║╤Ж╨╕╤П 7',2,'[{"changed": {"fields": ["\u0414\u0430\u0442\u0430 \u043e\u043a\u043e\u043d\u0447\u0430\u043d\u0438\u044f \u0430\u043a\u0446\u0438\u0438"]}}]',18,1,'2024-07-12 17:01:18.762714');
CREATE TABLE IF NOT EXISTS "django_content_type" ("id" integer NOT NULL PRIMARY KEY AUTOINCREMENT, "app_label" varchar(100) NOT NULL, "model" varchar(100) NOT NULL);
INSERT INTO django_content_type VALUES(1,'admin','logentry');
INSERT INTO django_content_type VALUES(2,'auth','permission');
INSERT INTO django_content_type VALUES(3,'auth','group');
INSERT INTO django_content_type VALUES(4,'auth','user');
INSERT INTO django_content_type VALUES(5,'contenttypes','contenttype');
INSERT INTO django_content_type VALUES(6,'sessions','session');
INSERT INTO django_content_type VALUES(7,'products','products');
INSERT INTO django_content_type VALUES(8,'products','category');
INSERT INTO django_content_type VALUES(9,'products','shop');
INSERT INTO django_content_type VALUES(10,'products','city');
INSERT INTO django_content_type VALUES(11,'products','country');
INSERT INTO django_content_type VALUES(12,'products','productprice');
INSERT INTO django_content_type VALUES(13,'products','premiumstatus');
INSERT INTO django_content_type VALUES(14,'products','generalcategories');
INSERT INTO django_content_type VALUES(15,'products','typeofshop');
INSERT INTO django_content_type VALUES(16,'products','deliverytype');
INSERT INTO django_content_type VALUES(17,'products','generalcategoriesofproduct');
INSERT INTO django_content_type VALUES(18,'banners','banners');
INSERT INTO django_content_type VALUES(19,'products','additionalattributes');
INSERT INTO django_content_type VALUES(20,'products','commontypeofcategory');
INSERT INTO django_content_type VALUES(21,'reviews','reviews');
INSERT INTO django_content_type VALUES(22,'faq','faq');
INSERT INTO django_content_type VALUES(23,'faq','faqcontactform');
INSERT INTO django_content_type VALUES(24,'subscription','subscriptionemail');
INSERT INTO django_content_type VALUES(25,'pages','page');
INSERT INTO django_content_type VALUES(26,'configs','mainpageinfo');
INSERT INTO django_content_type VALUES(27,'configs','mainpagesale');
INSERT INTO django_content_type VALUES(28,'products','shopimage');
INSERT INTO django_content_type VALUES(29,'statistics_gau','shopviewstatistics');
INSERT INTO django_content_type VALUES(30,'statistics_gau','productviewstatistics');
INSERT INTO django_content_type VALUES(31,'reviews_shop','reviewsshop');
CREATE TABLE IF NOT EXISTS "auth_permission" ("id" integer NOT NULL PRIMARY KEY AUTOINCREMENT, "content_type_id" integer NOT NULL REFERENCES "django_content_type" ("id") DEFERRABLE INITIALLY DEFERRED, "codename" varchar(100) NOT NULL, "name" varchar(255) NOT NULL);
INSERT INTO auth_permission VALUES(1,1,'add_logentry','Can add log entry');
INSERT INTO auth_permission VALUES(2,1,'change_logentry','Can change log entry');
INSERT INTO auth_permission VALUES(3,1,'delete_logentry','Can delete log entry');
INSERT INTO auth_permission VALUES(4,1,'view_logentry','Can view log entry');
INSERT INTO auth_permission VALUES(5,2,'add_permission','Can add permission');
INSERT INTO auth_permission VALUES(6,2,'change_permission','Can change permission');
INSERT INTO auth_permission VALUES(7,2,'delete_permission','Can delete permission');
INSERT INTO auth_permission VALUES(8,2,'view_permission','Can view permission');
INSERT INTO auth_permission VALUES(9,3,'add_group','Can add group');
INSERT INTO auth_permission VALUES(10,3,'change_group','Can change group');
INSERT INTO auth_permission VALUES(11,3,'delete_group','Can delete group');
INSERT INTO auth_permission VALUES(12,3,'view_group','Can view group');
INSERT INTO auth_permission VALUES(13,4,'add_user','Can add user');
INSERT INTO auth_permission VALUES(14,4,'change_user','Can change user');
INSERT INTO auth_permission VALUES(15,4,'delete_user','Can delete user');
INSERT INTO auth_permission VALUES(16,4,'view_user','Can view user');
INSERT INTO auth_permission VALUES(17,5,'add_contenttype','Can add content type');
INSERT INTO auth_permission VALUES(18,5,'change_contenttype','Can change content type');
INSERT INTO auth_permission VALUES(19,5,'delete_contenttype','Can delete content type');
INSERT INTO auth_permission VALUES(20,5,'view_contenttype','Can view content type');
INSERT INTO auth_permission VALUES(21,6,'add_session','Can add session');
INSERT INTO auth_permission VALUES(22,6,'change_session','Can change session');
INSERT INTO auth_permission VALUES(23,6,'delete_session','Can delete session');
INSERT INTO auth_permission VALUES(24,6,'view_session','Can view session');
INSERT INTO auth_permission VALUES(25,7,'add_products','Can add ╨в╨╛╨▓╨░╤А╤Л');
INSERT INTO auth_permission VALUES(26,7,'change_products','Can change ╨в╨╛╨▓╨░╤А╤Л');
INSERT INTO auth_permission VALUES(27,7,'delete_products','Can delete ╨в╨╛╨▓╨░╤А╤Л');
INSERT INTO auth_permission VALUES(28,7,'view_products','Can view ╨в╨╛╨▓╨░╤А╤Л');
INSERT INTO auth_permission VALUES(29,8,'add_category','Can add ╨Ъ╨░╤В╨╡╨│╨╛╤А╨╕╤П');
INSERT INTO auth_permission VALUES(30,8,'change_category','Can change ╨Ъ╨░╤В╨╡╨│╨╛╤А╨╕╤П');
INSERT INTO auth_permission VALUES(31,8,'delete_category','Can delete ╨Ъ╨░╤В╨╡╨│╨╛╤А╨╕╤П');
INSERT INTO auth_permission VALUES(32,8,'view_category','Can view ╨Ъ╨░╤В╨╡╨│╨╛╤А╨╕╤П');
INSERT INTO auth_permission VALUES(33,9,'add_shop','Can add ╨Ь╨░╨│╨░╨╖╨╕╨╜');
INSERT INTO auth_permission VALUES(34,9,'change_shop','Can change ╨Ь╨░╨│╨░╨╖╨╕╨╜');
INSERT INTO auth_permission VALUES(35,9,'delete_shop','Can delete ╨Ь╨░╨│╨░╨╖╨╕╨╜');
INSERT INTO auth_permission VALUES(36,9,'view_shop','Can view ╨Ь╨░╨│╨░╨╖╨╕╨╜');
INSERT INTO auth_permission VALUES(37,10,'add_city','Can add ╨У╨╛╤А╨╛╨┤');
INSERT INTO auth_permission VALUES(38,10,'change_city','Can change ╨У╨╛╤А╨╛╨┤');
INSERT INTO auth_permission VALUES(39,10,'delete_city','Can delete ╨У╨╛╤А╨╛╨┤');
INSERT INTO auth_permission VALUES(40,10,'view_city','Can view ╨У╨╛╤А╨╛╨┤');
INSERT INTO auth_permission VALUES(41,11,'add_country','Can add ╨б╤В╤А╨░╨╜╨░');
INSERT INTO auth_permission VALUES(42,11,'change_country','Can change ╨б╤В╤А╨░╨╜╨░');
INSERT INTO auth_permission VALUES(43,11,'delete_country','Can delete ╨б╤В╤А╨░╨╜╨░');
INSERT INTO auth_permission VALUES(44,11,'view_country','Can view ╨б╤В╤А╨░╨╜╨░');
INSERT INTO auth_permission VALUES(45,12,'add_productprice','Can add ╨ж╨╡╨╜╤Л ╨╜╨░ ╤В╨╛╨▓╨░╤А╤Л');
INSERT INTO auth_permission VALUES(46,12,'change_productprice','Can change ╨ж╨╡╨╜╤Л ╨╜╨░ ╤В╨╛╨▓╨░╤А╤Л');
INSERT INTO auth_permission VALUES(47,12,'delete_productprice','Can delete ╨ж╨╡╨╜╤Л ╨╜╨░ ╤В╨╛╨▓╨░╤А╤Л');
INSERT INTO auth_permission VALUES(48,12,'view_productprice','Can view ╨ж╨╡╨╜╤Л ╨╜╨░ ╤В╨╛╨▓╨░╤А╤Л');
INSERT INTO auth_permission VALUES(49,13,'add_premiumstatus','Can add ╨б╤В╨░╤В╤Г╤Б ╨╝╨░╨│╨░╨╖╨╕╨╜╨░');
INSERT INTO auth_permission VALUES(50,13,'change_premiumstatus','Can change ╨б╤В╨░╤В╤Г╤Б ╨╝╨░╨│╨░╨╖╨╕╨╜╨░');
INSERT INTO auth_permission VALUES(51,13,'delete_premiumstatus','Can delete ╨б╤В╨░╤В╤Г╤Б ╨╝╨░╨│╨░╨╖╨╕╨╜╨░');
INSERT INTO auth_permission VALUES(52,13,'view_premiumstatus','Can view ╨б╤В╨░╤В╤Г╤Б ╨╝╨░╨│╨░╨╖╨╕╨╜╨░');
INSERT INTO auth_permission VALUES(53,14,'add_generalcategories','Can add ╨в╨╕╨┐ ╤В╨╛╤А╨│╨╛╨▓╨╛╨╣ ╤В╨╛╤З╨║╨╕');
INSERT INTO auth_permission VALUES(54,14,'change_generalcategories','Can change ╨в╨╕╨┐ ╤В╨╛╤А╨│╨╛╨▓╨╛╨╣ ╤В╨╛╤З╨║╨╕');
INSERT INTO auth_permission VALUES(55,14,'delete_generalcategories','Can delete ╨в╨╕╨┐ ╤В╨╛╤А╨│╨╛╨▓╨╛╨╣ ╤В╨╛╤З╨║╨╕');
INSERT INTO auth_permission VALUES(56,14,'view_generalcategories','Can view ╨в╨╕╨┐ ╤В╨╛╤А╨│╨╛╨▓╨╛╨╣ ╤В╨╛╤З╨║╨╕');
INSERT INTO auth_permission VALUES(57,15,'add_typeofshop','Can add ╨в╨╕╨┐ ╤В╨╛╤А╨│╨╛╨▓╨╛╨╣ ╤В╨╛╤З╨║╨╕');
INSERT INTO auth_permission VALUES(58,15,'change_typeofshop','Can change ╨в╨╕╨┐ ╤В╨╛╤А╨│╨╛╨▓╨╛╨╣ ╤В╨╛╤З╨║╨╕');
INSERT INTO auth_permission VALUES(59,15,'delete_typeofshop','Can delete ╨в╨╕╨┐ ╤В╨╛╤А╨│╨╛╨▓╨╛╨╣ ╤В╨╛╤З╨║╨╕');
INSERT INTO auth_permission VALUES(60,15,'view_typeofshop','Can view ╨в╨╕╨┐ ╤В╨╛╤А╨│╨╛╨▓╨╛╨╣ ╤В╨╛╤З╨║╨╕');
INSERT INTO auth_permission VALUES(61,16,'add_deliverytype','Can add ╨Т╨╕╨┤ ╨┤╨╛╤Б╤В╨░╨▓╨║╨╕');
INSERT INTO auth_permission VALUES(62,16,'change_deliverytype','Can change ╨Т╨╕╨┤ ╨┤╨╛╤Б╤В╨░╨▓╨║╨╕');
INSERT INTO auth_permission VALUES(63,16,'delete_deliverytype','Can delete ╨Т╨╕╨┤ ╨┤╨╛╤Б╤В╨░╨▓╨║╨╕');
INSERT INTO auth_permission VALUES(64,16,'view_deliverytype','Can view ╨Т╨╕╨┤ ╨┤╨╛╤Б╤В╨░╨▓╨║╨╕');
INSERT INTO auth_permission VALUES(65,17,'add_generalcategoriesofproduct','Can add ╨Ю╨▒╤Й╨░╤П ╨║╨░╤В╨╡╨│╨╛╤А╨╕╤П ╤В╨╛╨▓╨░╤А╨░');
INSERT INTO auth_permission VALUES(66,17,'change_generalcategoriesofproduct','Can change ╨Ю╨▒╤Й╨░╤П ╨║╨░╤В╨╡╨│╨╛╤А╨╕╤П ╤В╨╛╨▓╨░╤А╨░');
INSERT INTO auth_permission VALUES(67,17,'delete_generalcategoriesofproduct','Can delete ╨Ю╨▒╤Й╨░╤П ╨║╨░╤В╨╡╨│╨╛╤А╨╕╤П ╤В╨╛╨▓╨░╤А╨░');
INSERT INTO auth_permission VALUES(68,17,'view_generalcategoriesofproduct','Can view ╨Ю╨▒╤Й╨░╤П ╨║╨░╤В╨╡╨│╨╛╤А╨╕╤П ╤В╨╛╨▓╨░╤А╨░');
INSERT INTO auth_permission VALUES(69,18,'add_banners','Can add ╨С╨░╨╜╨╜╨╡╤А╤Л ╨╜╨░ ╨│╨╗╨░╨▓╨╜╨╛╨╣ ╤Б╤В╤А╨░╨╜╨╕╤Ж╨╡');
INSERT INTO auth_permission VALUES(70,18,'change_banners','Can change ╨С╨░╨╜╨╜╨╡╤А╤Л ╨╜╨░ ╨│╨╗╨░╨▓╨╜╨╛╨╣ ╤Б╤В╤А╨░╨╜╨╕╤Ж╨╡');
INSERT INTO auth_permission VALUES(71,18,'delete_banners','Can delete ╨С╨░╨╜╨╜╨╡╤А╤Л ╨╜╨░ ╨│╨╗╨░╨▓╨╜╨╛╨╣ ╤Б╤В╤А╨░╨╜╨╕╤Ж╨╡');
INSERT INTO auth_permission VALUES(72,18,'view_banners','Can view ╨С╨░╨╜╨╜╨╡╤А╤Л ╨╜╨░ ╨│╨╗╨░╨▓╨╜╨╛╨╣ ╤Б╤В╤А╨░╨╜╨╕╤Ж╨╡');
INSERT INTO auth_permission VALUES(73,19,'add_additionalattributes','Can add ╨Ф╨╛╨┐╨╛╨╗╨╜╨╕╤В╨╡╨╗╤М╨╜╤Л╨╡ ╨░╤В╤А╨╕╨▒╤Г╤В╤Л');
INSERT INTO auth_permission VALUES(74,19,'change_additionalattributes','Can change ╨Ф╨╛╨┐╨╛╨╗╨╜╨╕╤В╨╡╨╗╤М╨╜╤Л╨╡ ╨░╤В╤А╨╕╨▒╤Г╤В╤Л');
INSERT INTO auth_permission VALUES(75,19,'delete_additionalattributes','Can delete ╨Ф╨╛╨┐╨╛╨╗╨╜╨╕╤В╨╡╨╗╤М╨╜╤Л╨╡ ╨░╤В╤А╨╕╨▒╤Г╤В╤Л');
INSERT INTO auth_permission VALUES(76,19,'view_additionalattributes','Can view ╨Ф╨╛╨┐╨╛╨╗╨╜╨╕╤В╨╡╨╗╤М╨╜╤Л╨╡ ╨░╤В╤А╨╕╨▒╤Г╤В╤Л');
INSERT INTO auth_permission VALUES(77,20,'add_commontypeofcategory','Can add ╨У╤А╤Г╨┐╨┐╨╕╤А╨╛╨▓╨║╨░ ╨║╨░╤В╨╡╨│╨╛╤А╨╕╨╣');
INSERT INTO auth_permission VALUES(78,20,'change_commontypeofcategory','Can change ╨У╤А╤Г╨┐╨┐╨╕╤А╨╛╨▓╨║╨░ ╨║╨░╤В╨╡╨│╨╛╤А╨╕╨╣');
INSERT INTO auth_permission VALUES(79,20,'delete_commontypeofcategory','Can delete ╨У╤А╤Г╨┐╨┐╨╕╤А╨╛╨▓╨║╨░ ╨║╨░╤В╨╡╨│╨╛╤А╨╕╨╣');
INSERT INTO auth_permission VALUES(80,20,'view_commontypeofcategory','Can view ╨У╤А╤Г╨┐╨┐╨╕╤А╨╛╨▓╨║╨░ ╨║╨░╤В╨╡╨│╨╛╤А╨╕╨╣');
INSERT INTO auth_permission VALUES(81,21,'add_reviews','Can add ╨Ю╤В╨╖╤Л╨▓╤Л');
INSERT INTO auth_permission VALUES(82,21,'change_reviews','Can change ╨Ю╤В╨╖╤Л╨▓╤Л');
INSERT INTO auth_permission VALUES(83,21,'delete_reviews','Can delete ╨Ю╤В╨╖╤Л╨▓╤Л');
INSERT INTO auth_permission VALUES(84,21,'view_reviews','Can view ╨Ю╤В╨╖╤Л╨▓╤Л');
INSERT INTO auth_permission VALUES(85,22,'add_faq','Can add FAQ');
INSERT INTO auth_permission VALUES(86,22,'change_faq','Can change FAQ');
INSERT INTO auth_permission VALUES(87,22,'delete_faq','Can delete FAQ');
INSERT INTO auth_permission VALUES(88,22,'view_faq','Can view FAQ');
INSERT INTO auth_permission VALUES(89,23,'add_faqcontactform','Can add FAQ ╨Ъ╨╛╨╜╤В╨░╨║╤В╨╜╨░╤П ╤Д╨╛╤А╨╝╨░');
INSERT INTO auth_permission VALUES(90,23,'change_faqcontactform','Can change FAQ ╨Ъ╨╛╨╜╤В╨░╨║╤В╨╜╨░╤П ╤Д╨╛╤А╨╝╨░');
INSERT INTO auth_permission VALUES(91,23,'delete_faqcontactform','Can delete FAQ ╨Ъ╨╛╨╜╤В╨░╨║╤В╨╜╨░╤П ╤Д╨╛╤А╨╝╨░');
INSERT INTO auth_permission VALUES(92,23,'view_faqcontactform','Can view FAQ ╨Ъ╨╛╨╜╤В╨░╨║╤В╨╜╨░╤П ╤Д╨╛╤А╨╝╨░');
INSERT INTO auth_permission VALUES(93,24,'add_subscriptionemail','Can add ╨Я╨╛╨┤╨┐╨╕╤Б╨║╨╕ Email');
INSERT INTO auth_permission VALUES(94,24,'change_subscriptionemail','Can change ╨Я╨╛╨┤╨┐╨╕╤Б╨║╨╕ Email');
INSERT INTO auth_permission VALUES(95,24,'delete_subscriptionemail','Can delete ╨Я╨╛╨┤╨┐╨╕╤Б╨║╨╕ Email');
INSERT INTO auth_permission VALUES(96,24,'view_subscriptionemail','Can view ╨Я╨╛╨┤╨┐╨╕╤Б╨║╨╕ Email');
INSERT INTO auth_permission VALUES(97,25,'add_page','Can add ╨б╤В╤А╨░╨╜╨╕╤Ж╤Л');
INSERT INTO auth_permission VALUES(98,25,'change_page','Can change ╨б╤В╤А╨░╨╜╨╕╤Ж╤Л');
INSERT INTO auth_permission VALUES(99,25,'delete_page','Can delete ╨б╤В╤А╨░╨╜╨╕╤Ж╤Л');
INSERT INTO auth_permission VALUES(100,25,'view_page','Can view ╨б╤В╤А╨░╨╜╨╕╤Ж╤Л');
INSERT INTO auth_permission VALUES(101,26,'add_mainpageinfo','Can add ╨С╨╗╨╛╨║ ╨╜╨░ ╨│╨╗╨░╨▓╨╜╨╛╨╣ ╤Б╤В╤А╨░╨╜╨╕╤Ж╨╡');
INSERT INTO auth_permission VALUES(102,26,'change_mainpageinfo','Can change ╨С╨╗╨╛╨║ ╨╜╨░ ╨│╨╗╨░╨▓╨╜╨╛╨╣ ╤Б╤В╤А╨░╨╜╨╕╤Ж╨╡');
INSERT INTO auth_permission VALUES(103,26,'delete_mainpageinfo','Can delete ╨С╨╗╨╛╨║ ╨╜╨░ ╨│╨╗╨░╨▓╨╜╨╛╨╣ ╤Б╤В╤А╨░╨╜╨╕╤Ж╨╡');
INSERT INTO auth_permission VALUES(104,26,'view_mainpageinfo','Can view ╨С╨╗╨╛╨║ ╨╜╨░ ╨│╨╗╨░╨▓╨╜╨╛╨╣ ╤Б╤В╤А╨░╨╜╨╕╤Ж╨╡');
INSERT INTO auth_permission VALUES(105,27,'add_mainpagesale','Can add ╨Р╨║╤Ж╨╕╤П ╨╜╨░ ╨│╨╗╨░╨▓╨╜╨╛╨╣ ╤Б╤В╤А╨░╨╜╨╕╤Ж╨╡');
INSERT INTO auth_permission VALUES(106,27,'change_mainpagesale','Can change ╨Р╨║╤Ж╨╕╤П ╨╜╨░ ╨│╨╗╨░╨▓╨╜╨╛╨╣ ╤Б╤В╤А╨░╨╜╨╕╤Ж╨╡');
INSERT INTO auth_permission VALUES(107,27,'delete_mainpagesale','Can delete ╨Р╨║╤Ж╨╕╤П ╨╜╨░ ╨│╨╗╨░╨▓╨╜╨╛╨╣ ╤Б╤В╤А╨░╨╜╨╕╤Ж╨╡');
INSERT INTO auth_permission VALUES(108,27,'view_mainpagesale','Can view ╨Р╨║╤Ж╨╕╤П ╨╜╨░ ╨│╨╗╨░╨▓╨╜╨╛╨╣ ╤Б╤В╤А╨░╨╜╨╕╤Ж╨╡');
INSERT INTO auth_permission VALUES(109,28,'add_shopimage','Can add ╨Ш╨╖╨╛╨▒╤А╨░╨╢╨╡╨╜╨╕╨╡ ╨╝╨░╨│╨░╨╖╨╕╨╜╨░');
INSERT INTO auth_permission VALUES(110,28,'change_shopimage','Can change ╨Ш╨╖╨╛╨▒╤А╨░╨╢╨╡╨╜╨╕╨╡ ╨╝╨░╨│╨░╨╖╨╕╨╜╨░');
INSERT INTO auth_permission VALUES(111,28,'delete_shopimage','Can delete ╨Ш╨╖╨╛╨▒╤А╨░╨╢╨╡╨╜╨╕╨╡ ╨╝╨░╨│╨░╨╖╨╕╨╜╨░');
INSERT INTO auth_permission VALUES(112,28,'view_shopimage','Can view ╨Ш╨╖╨╛╨▒╤А╨░╨╢╨╡╨╜╨╕╨╡ ╨╝╨░╨│╨░╨╖╨╕╨╜╨░');
INSERT INTO auth_permission VALUES(113,29,'add_shopviewstatistics','Can add ╨б╤В╨░╤В╨╕╤Б╤В╨╕╨║╨░ ╨┐╨╛ ╤А╨╡╤Б╤В╨╛╤А╨░╨╜╤Г');
INSERT INTO auth_permission VALUES(114,29,'change_shopviewstatistics','Can change ╨б╤В╨░╤В╨╕╤Б╤В╨╕╨║╨░ ╨┐╨╛ ╤А╨╡╤Б╤В╨╛╤А╨░╨╜╤Г');
INSERT INTO auth_permission VALUES(115,29,'delete_shopviewstatistics','Can delete ╨б╤В╨░╤В╨╕╤Б╤В╨╕╨║╨░ ╨┐╨╛ ╤А╨╡╤Б╤В╨╛╤А╨░╨╜╤Г');
INSERT INTO auth_permission VALUES(116,29,'view_shopviewstatistics','Can view ╨б╤В╨░╤В╨╕╤Б╤В╨╕╨║╨░ ╨┐╨╛ ╤А╨╡╤Б╤В╨╛╤А╨░╨╜╤Г');
INSERT INTO auth_permission VALUES(117,30,'add_productviewstatistics','Can add ╨б╤В╨░╤В╨╕╤Б╤В╨╕╨║╨░ ╨┐╨╛ ╨┐╤А╨╛╨┤╤Г╨║╤В╨░╨╝');
INSERT INTO auth_permission VALUES(118,30,'change_productviewstatistics','Can change ╨б╤В╨░╤В╨╕╤Б╤В╨╕╨║╨░ ╨┐╨╛ ╨┐╤А╨╛╨┤╤Г╨║╤В╨░╨╝');
INSERT INTO auth_permission VALUES(119,30,'delete_productviewstatistics','Can delete ╨б╤В╨░╤В╨╕╤Б╤В╨╕╨║╨░ ╨┐╨╛ ╨┐╤А╨╛╨┤╤Г╨║╤В╨░╨╝');
INSERT INTO auth_permission VALUES(120,30,'view_productviewstatistics','Can view ╨б╤В╨░╤В╨╕╤Б╤В╨╕╨║╨░ ╨┐╨╛ ╨┐╤А╨╛╨┤╤Г╨║╤В╨░╨╝');
INSERT INTO auth_permission VALUES(121,31,'add_reviewsshop','Can add ╨Ю╤В╨╖╤Л╨▓╤Л ╨┐╨╛ ╤В╨╛╤А╨│╨╛╨▓╤Л╨╝ ╤В╨╛╤З╨║╨░╨╝');
INSERT INTO auth_permission VALUES(122,31,'change_reviewsshop','Can change ╨Ю╤В╨╖╤Л╨▓╤Л ╨┐╨╛ ╤В╨╛╤А╨│╨╛╨▓╤Л╨╝ ╤В╨╛╤З╨║╨░╨╝');
INSERT INTO auth_permission VALUES(123,31,'delete_reviewsshop','Can delete ╨Ю╤В╨╖╤Л╨▓╤Л ╨┐╨╛ ╤В╨╛╤А╨│╨╛╨▓╤Л╨╝ ╤В╨╛╤З╨║╨░╨╝');
INSERT INTO auth_permission VALUES(124,31,'view_reviewsshop','Can view ╨Ю╤В╨╖╤Л╨▓╤Л ╨┐╨╛ ╤В╨╛╤А╨│╨╛╨▓╤Л╨╝ ╤В╨╛╤З╨║╨░╨╝');
CREATE TABLE IF NOT EXISTS "auth_group" ("id" integer NOT NULL PRIMARY KEY AUTOINCREMENT, "name" varchar(150) NOT NULL UNIQUE);
CREATE TABLE IF NOT EXISTS "auth_user" ("id" integer NOT NULL PRIMARY KEY AUTOINCREMENT, "password" varchar(128) NOT NULL, "last_login" datetime NULL, "is_superuser" bool NOT NULL, "username" varchar(150) NOT NULL UNIQUE, "last_name" varchar(150) NOT NULL, "email" varchar(254) NOT NULL, "is_staff" bool NOT NULL, "is_active" bool NOT NULL, "date_joined" datetime NOT NULL, "first_name" varchar(150) NOT NULL);
INSERT INTO auth_user VALUES(1,'pbkdf2_sha256$600000$fGqtkRgil2hzMOtVmHxSZk$ppG/bZYY063kIK0o7XgNZ//v29IKyZoNim8evdBUaC0=','2024-07-01 12:35:00.274231',1,'admin','','admin@admin.com',1,1,'2024-03-01 05:49:51.066876','');
CREATE TABLE IF NOT EXISTS "django_session" ("session_key" varchar(40) NOT NULL PRIMARY KEY, "session_data" text NOT NULL, "expire_date" datetime NOT NULL);
INSERT INTO django_session VALUES('ychk7fvdhrzp2pp79ffrahni1ppx4xea','.eJxVjDsOwjAQBe_iGln-rU0o6XMGa71e4wBypDipEHeHSCmgfTPzXiLitta4dV7ilMVFaHH63RLSg9sO8h3bbZY0t3WZktwVedAuxznz83q4fwcVe_3WgGCLJnSYrPVnAjTJWGQq6MFrAxa0BeWYGCi4onwJQ-LgYUClmMT7A-evN-4:1rfvmR:NtGiDrGmSUoMM0IP7U6rRZ0vkvJ50XwEOxs8RrP9S54','2024-03-15 05:49:59.288951');
INSERT INTO django_session VALUES('48p40duaocdirfnq699nsmn470p17bss','.eJxVjDsOwjAQBe_iGln-rU0o6XMGa71e4wBypDipEHeHSCmgfTPzXiLitta4dV7ilMVFaHH63RLSg9sO8h3bbZY0t3WZktwVedAuxznz83q4fwcVe_3WgGCLJnSYrPVnAjTJWGQq6MFrAxa0BeWYGCi4onwJQ-LgYUClmMT7A-evN-4:1rixCk:24eBs32wGQYrURNndEjB1gP8dilNntZzAIKbajA4so0','2024-03-23 13:57:38.968452');
INSERT INTO django_session VALUES('x7vlzx9x6fzrqc1194z0lanerzicjtgt','.eJxVjDsOwjAQBe_iGln-rU0o6XMGa71e4wBypDipEHeHSCmgfTPzXiLitta4dV7ilMVFaHH63RLSg9sO8h3bbZY0t3WZktwVedAuxznz83q4fwcVe_3WgGCLJnSYrPVnAjTJWGQq6MFrAxa0BeWYGCi4onwJQ-LgYUClmMT7A-evN-4:1rkQn1:OCSnx4E6tu-vU6InvuzYNuI_Na887bqt3D_48S2-ngQ','2024-03-27 15:45:11.889735');
INSERT INTO django_session VALUES('awg8f659pd15o93ny70wivenfhs639uw','.eJxVjDsOwjAQBe_iGln-rU0o6XMGa71e4wBypDipEHeHSCmgfTPzXiLitta4dV7ilMVFaHH63RLSg9sO8h3bbZY0t3WZktwVedAuxznz83q4fwcVe_3WgGCLJnSYrPVnAjTJWGQq6MFrAxa0BeWYGCi4onwJQ-LgYUClmMT7A-evN-4:1rsIux:msYKzpOb7bCblT7XaBDJ7Dz1BciAh-a8V1A8gxusUm8','2024-04-18 08:57:55.217253');
INSERT INTO django_session VALUES('z4ulu5sczwe1i757v3gypkj7fvbchwr0','.eJxVjDsOwjAQBe_iGln-rU0o6XMGa71e4wBypDipEHeHSCmgfTPzXiLitta4dV7ilMVFaHH63RLSg9sO8h3bbZY0t3WZktwVedAuxznz83q4fwcVe_3WgGCLJnSYrPVnAjTJWGQq6MFrAxa0BeWYGCi4onwJQ-LgYUClmMT7A-evN-4:1rxNir:NyhaTz_oc3q8ZCFXwQsZNL8FWuU74-VddL-tGWC4H4U','2024-05-02 09:06:25.688838');
INSERT INTO django_session VALUES('x3uy7is1b3an7zxill6tl7u8ssu3qgjs','.eJxVjDsOwjAQBe_iGln-rU0o6XMGa71e4wBypDipEHeHSCmgfTPzXiLitta4dV7ilMVFaHH63RLSg9sO8h3bbZY0t3WZktwVedAuxznz83q4fwcVe_3WgGCLJnSYrPVnAjTJWGQq6MFrAxa0BeWYGCi4onwJQ-LgYUClmMT7A-evN-4:1rxpqG:F1EAtrTudwsRIuMGkgPFDZ9ooZMGyNh2cPC_mRCciAo','2024-05-03 15:07:56.788189');
INSERT INTO django_session VALUES('o5oj3diax4xqb73gczbt4oyeabxihq93','.eJxVjDsOwjAQBe_iGln-rU0o6XMGa71e4wBypDipEHeHSCmgfTPzXiLitta4dV7ilMVFaHH63RLSg9sO8h3bbZY0t3WZktwVedAuxznz83q4fwcVe_3WgGCLJnSYrPVnAjTJWGQq6MFrAxa0BeWYGCi4onwJQ-LgYUClmMT7A-evN-4:1ryXAr:H0gpWv89rfbjjxml2WjiNjb5YqapEHQOoYUnSsUe3ac','2024-05-05 13:24:05.931756');
INSERT INTO django_session VALUES('ea3yfry3bzqezt4m0yknt9xzby69gdmv','.eJxVjDsOwjAQBe_iGln-rU0o6XMGa71e4wBypDipEHeHSCmgfTPzXiLitta4dV7ilMVFaHH63RLSg9sO8h3bbZY0t3WZktwVedAuxznz83q4fwcVe_3WgGCLJnSYrPVnAjTJWGQq6MFrAxa0BeWYGCi4onwJQ-LgYUClmMT7A-evN-4:1s00RW:pXZngrvzwfVToUZW4iTmTTjnTwyIlK-aRhqp6WNNoD0','2024-05-09 14:51:22.876071');
INSERT INTO django_session VALUES('o07uwx7pzd3efbt91dqipx81895qfl7b','.eJxVjDsOwjAQBe_iGln-rU0o6XMGa71e4wBypDipEHeHSCmgfTPzXiLitta4dV7ilMVFaHH63RLSg9sO8h3bbZY0t3WZktwVedAuxznz83q4fwcVe_3WgGCLJnSYrPVnAjTJWGQq6MFrAxa0BeWYGCi4onwJQ-LgYUClmMT7A-evN-4:1s5krf:sTSmz6rK8IwQWnW7sni9DOLV2zSQhsIxKJGb_PI13Jo','2024-05-25 11:26:07.172659');
INSERT INTO django_session VALUES('u4zzkvza4eihowmtg0bgzrr0tnw33rb7','.eJxVjDsOwjAQBe_iGln-rU0o6XMGa71e4wBypDipEHeHSCmgfTPzXiLitta4dV7ilMVFaHH63RLSg9sO8h3bbZY0t3WZktwVedAuxznz83q4fwcVe_3WgGCLJnSYrPVnAjTJWGQq6MFrAxa0BeWYGCi4onwJQ-LgYUClmMT7A-evN-4:1sCzsG:oliVBMwlfDeGH1ZRdfXY7IUfP2Ym5DP2-A7xi7jy7k4','2024-06-14 10:52:40.736452');
INSERT INTO django_session VALUES('8cyctokwlj73072lcmtxpv24hdb42mg7','.eJxVjDsOwjAQBe_iGln-rU0o6XMGa71e4wBypDipEHeHSCmgfTPzXiLitta4dV7ilMVFaHH63RLSg9sO8h3bbZY0t3WZktwVedAuxznz83q4fwcVe_3WgGCLJnSYrPVnAjTJWGQq6MFrAxa0BeWYGCi4onwJQ-LgYUClmMT7A-evN-4:1sEONo:T0_LIxddtR1CDfaOdjW-HEWAdjVrolBaZdwlZ4QBdkg','2024-06-18 07:15:00.215911');
INSERT INTO django_session VALUES('m5cogffzs5etucicvpxrg3drwgnr2jge','.eJxVjDsOwjAQBe_iGln-rU0o6XMGa71e4wBypDipEHeHSCmgfTPzXiLitta4dV7ilMVFaHH63RLSg9sO8h3bbZY0t3WZktwVedAuxznz83q4fwcVe_3WgGCLJnSYrPVnAjTJWGQq6MFrAxa0BeWYGCi4onwJQ-LgYUClmMT7A-evN-4:1sOGFI:9XBkzOB43oaE0kGv5IFqcNPx62LOd9U5u02qtRlnkOg','2024-07-15 12:35:00.280223');
CREATE TABLE IF NOT EXISTS "products_country" ("id" integer NOT NULL PRIMARY KEY AUTOINCREMENT, "title" varchar(99) NOT NULL, "coordinate_w" real NOT NULL, "coordinate_h" real NOT NULL, "created_at" datetime NOT NULL, "updated_at" datetime NOT NULL);
INSERT INTO products_country VALUES(1,'╨Ъ╨░╨╖╨░╤Е╤Б╤В╨░╨╜',0.0,0.0,'2024-03-01 06:20:00.885274','2024-03-01 06:20:00.885274');
CREATE TABLE IF NOT EXISTS "products_shop" ("id" integer NOT NULL PRIMARY KEY AUTOINCREMENT, "title" varchar(99) NOT NULL, "description" text NOT NULL, "created_at" datetime NOT NULL, "updated_at" datetime NOT NULL, "photo" varchar(100) NOT NULL, "is_published" bool NOT NULL, "rating" real NOT NULL, "coordinate_h" real NOT NULL, "coordinate_w" real NOT NULL, "city_id" bigint NOT NULL REFERENCES "products_city" ("id") DEFERRABLE INITIALLY DEFERRED, "address" varchar(2000) NOT NULL, "workTime" varchar(99) NOT NULL, "phoneNumber" varchar(99) NOT NULL, "premium_status_id" bigint NULL REFERENCES "products_premiumstatus" ("id") DEFERRABLE INITIALLY DEFERRED, "typeOfShop_id" bigint NULL REFERENCES "products_typeofshop" ("id") DEFERRABLE INITIALLY DEFERRED, "sorting_number" integer NULL, "instagram_login" varchar(50) NULL, "web_site" varchar(200) NULL, "youtube_src" varchar(1000) NULL, "tiktok_login" varchar(50) NULL);
INSERT INTO products_shop VALUES(1,'╨Ь╨╡╤Б╤В╨╜╨░╤П ╨╗╨░╨▓╨║╨░ ╨Р╨╣╨╜╨░╨╗╨░╨╣╤Л╨╜','╨Ы╤Г╤З╤И╨╕╨╡ ╨╕ ╤Б╨▓╨╡╨╢╨╕╨╡ ╨┐╤А╨╛╨┤╤Г╨║╤В╤Л ╨┤╨╛╨╝╨░╤И╨╜╨╡╨│╨╛ ╨┐╤А╨╛╨╕╨╖╨▓╨╛╨┤╤Б╤В╨▓╨░','2024-03-01 06:20:08.075498','2024-04-15 18:08:48.114952','photos/2024/03/01/ainalaiyn.jpeg',1,4.0,71.420332000000001926,51.128551999999999112,2,'╨┐╤А. ╨Ъ╤Г╨╜╨░╨╡╨▓╨░ 36╨░, 3 ╤Н╤В╨░╨╢','09:00-21:00','+7 (707) 777-77-77',NULL,1,NULL,NULL,NULL,NULL,NULL);
INSERT INTO products_shop VALUES(2,'╨Ь╨░╨│╨░╨╖╨╕╨╜ Svoy','╨Ь╨░╨│╨░╨╖╨╕╨╜ Svoy','2024-03-01 07:07:01.210128','2024-05-01 14:02:41.496291','photos/2024/03/01/svoy.jpg',1,3.0,71.407827999999994974,51.119360000000000354,2,'╨┐╤А. ╨Ъ╨░╨▒╨░╨╜╨▒╨░╨╣ ╨▒╨░╤В╤Л╤А╨░ 34, 1 ╤Н╤В╨░╨╢','08:00 - 17:00','+7 (707) 777-77-77',2,1,NULL,NULL,NULL,NULL,NULL);
INSERT INTO products_shop VALUES(3,'╨Ь╨░╨│╨░╨╖╨╕╨╜ ╨╕╨│╤А╤Г╤И╨╡╨║ Dendy',replace(replace('C╨╡╤В╤М ╨╛╨▒╤Г╨▓╨╜╤Л╤Е ╨╝╨░╨│╨░╨╖╨╕╨╜╨╛╨▓ "╨Ф╨Р╨Э╨Ф╨Ш" ╤П╨▓╨╗╤П╨╡╤В╤Б╤П ╨╛╤Д╨╕╤Ж╨╕╨░╨╗╤М╨╜╤Л╨╝ ╨┐╨░╤А╤В╨╜╨╡╤А╨╛╨╝ ╨╛╨▒╤Г╨▓╨╜╨╛╨╣ ╨║╨╛╨╝╨┐╨░╨╜╨╕╨╕ RIEKER, ╨░ ╤В╨░╨║╨╢╨╡ ╨╡╨┤╨╕╨╜╤Б╤В╨▓╨╡╨╜╨╜╤Л╨╝ ╨┐╤А╨╛╨┤╨░╨▓╤Ж╨╛╨╝ ╨╛╨▒╤Г╨▓╨╕ PODIO ╨╜╨░ ╨б╨╡╨▓╨╡╤А╨╛-╨Ч╨░╨┐╨░╨┤╨╡. ╨С╨╛╨╗╨╡╨╡ ╤В╨╛╨│╨╛, ╨▓ ╨╝╨░╨│╨░╨╖╨╕╨╜╨░╤Е ╨┐╤А╨╡╨┤╤Б╤В╨░╨▓╨╗╨╡╨╜╤Л ╨┤╤А╤Г╨│╨╕╨╡ ╨╕╨╖╨▓╨╡╤Б╤В╨╜╤Л╨╡ ╨▒╤А╨╡╨╜╨┤╤Л.\r\n\r\n╨Я╨░╤А╤В╨╜╨╡╤А╤Б╨║╨╕╨╡ ╨╛╤В╨╜╨╛╤И╨╡╨╜╨╕╤П ╤Б ╨▓╨╡╨┤╤Г╤Й╨╕╨╝╨╕ ╨┐╤А╨╛╨╕╨╖╨▓╨╛╨┤╨╕╤В╨╡╨╗╤П╨╝╨╕ ╨┐╨╛╨╖╨▓╨╛╨╗╤П╤О╤В ╨┐╤А╨╡╨┤╨╗╨░╨│╨░╤В╤М ╨▓╤Л╤Б╨╛╨║╨╛╨║╨░╤З╨╡╤Б╤В╨▓╨╡╨╜╨╜╤Г╤О ╨┐╤А╨╛╨┤╤Г╨║╤Ж╨╕╤О ╨┐╨╛ ╨║╨╛╨╜╨║╤Г╤А╨╡╨╜╤В╨╛╤Б╨┐╨╛╤Б╨╛╨▒╨╜╤Л╨╝ ╤Ж╨╡╨╜╨░╨╝.','\r',char(13)),'\n',char(10)),'2024-03-01 07:07:38.074029','2024-04-15 18:08:41.159542','photos/2024/03/01/dendi_NfFTNoF.jpg',1,5.0,71.459265000000002031,51.117958000000001559,2,'╨┐╤А. ╨Ъ╨░╨╗╨┤╨░╤П╨║╨╛╨▓╨░ 6, 3 ╨┐╨╛╨┤╤К╨╡╨╖╨┤, 1 ╤Н╤В╨░╨╢','09:00-21:00','+7 (707) 777-77-77',1,1,NULL,NULL,NULL,NULL,NULL);
INSERT INTO products_shop VALUES(4,'╨Р╨╜╨▓╨░╤А','╨б╤Г╨┐╨╡╤А╨╝╨░╤А╨║╨╡╤В','2024-03-02 05:25:37.814446','2024-05-11 11:53:36.030056','photos/2024/03/02/jszRgfxDIU_a4_710x444.jpeg',1,5.0,51.909517000000001017,47.10449299999999795,1,'╨┐╤А╨╛╤Б╨┐╨╡╨║╤В ╨в╤Г╤А╨░╨╜, 45','09:00-21:00','+7 (7132) 44-47-77',2,1,3,NULL,NULL,NULL,NULL);
INSERT INTO products_shop VALUES(5,'Zam','╨Ь╨░╨│╨░╨╖╨╕╨╜ ╨┐╤А╨╛╨┤╤Г╨║╤В╨╛╨▓','2024-03-02 05:26:47.134051','2024-04-15 18:08:35.289259','photos/2024/03/02/images.jpeg',1,4.0,71.397334999999998218,51.121445999999998834,2,'╤Г╨╗╨╕╤Ж╨░ ╨Р╨▒╨╕╨║╨╡╨╜╨░ ╨С╨╡╨║╤В╤Г╤А╨╛╨▓╨░, 7','09:00-21:00','87083324343',NULL,1,NULL,NULL,NULL,NULL,NULL);
INSERT INTO products_shop VALUES(6,'Omarket','╨Ь╨░╨│╨░╨╖╨╕╨╜ ╨┐╤А╨╛╨┤╤Г╨║╤В╨╛╨▓ ╤Б╤Г╨┐╨╡╤А╨╝╨░╤А╨║╨╡╤В','2024-03-02 05:27:46.286143','2024-07-01 13:20:37.743985','photos/2024/03/02/images_1.jpeg',1,5.0,71.426197999999999411,51.110770999999999729,2,'╤Г╨╗╨╕╤Ж╨░ ╨в╤Г╤А╨║╨╡╤Б╤В╨░╨╜, 10','08:00 - 17:00','87083324343',1,1,6,NULL,NULL,NULL,NULL);
INSERT INTO products_shop VALUES(7,'╨Ш╨╜╨░╨▒╨░╤В','╨б╤Г╨┐╨╡╤А╨╝╨░╤А╨║╨╡╤В╨╝╨░╨│╨░╨╖╨╕╨╜ ╨┐╤А╨╛╨┤╤Г╨║╤В╨╛╨▓','2024-03-02 05:28:45.420295','2024-05-04 09:10:33.469901','photos/2024/03/02/online-shopping-trolley-click-and-collect-order-logo-design-template-vector.jpg',1,3.0,71.408383999999998081,51.095416000000000167,2,'╨┐╤А╨╛╤Б╨┐╨╡╨║╤В ╨Ъ╨░╨▒╨░╨╜╨▒╨░╨╣ ╨С╨░╤В╤Л╤А╨░, 58╨С╨║4','09:00-21:00','87083324343',NULL,1,4,NULL,NULL,NULL,NULL);
INSERT INTO products_shop VALUES(8,'╨С╨╡╤А╨╡╨║╨╡','╨Ь╨░╨│╨░╨╖╨╕╨╜ ╨┐╤А╨╛╨┤╤Г╨║╤В╨╛╨▓','2024-03-03 05:28:57.559016','2024-03-09 14:09:55.511526','photos/2024/03/03/bereke_300_140.png',1,0.0,71.413065000000003124,51.096727999999998815,2,'╨┐╤А╨╛╤Б╨┐╨╡╨║╤В ╨г╨╗╤Л ╨Ф╨░╨╗╨░, 58','08:00 - 17:00','87083324343',NULL,1,NULL,NULL,NULL,NULL,NULL);
INSERT INTO products_shop VALUES(9,'╨У╨░╨╖╨╛╨▓╨╕╨║','╨Ь╨░╨│╨░╨╖╨╕╨╜ ╨┐╤А╨╛╨┤╤Г╨║╤В╨╛╨▓','2024-03-03 05:31:30.298343','2024-04-15 18:08:20.032276','photos/2024/03/03/images.png',1,4.2000000000000001776,71.446849999999997747,51.139861000000003342,2,'╨╝╨╕╨║╤А╨╛╤А╨░╨╣╨╛╨╜ ╨Р╨║╨▒╤Г╨╗╨░╨║-3, 35','09:00-21:00','87083324343',NULL,1,NULL,NULL,NULL,NULL,NULL);
INSERT INTO products_shop VALUES(10,'╨Ь╨╕╤А','╨Ь╨░╨│╨░╨╖╨╕╨╜ ╨┐╤А╨╛╨┤╤Г╨║╤В╨╛╨▓','2024-03-03 05:33:19.892660','2024-03-10 15:58:33.476425','photos/2024/03/03/mir.jpg',1,3.2999999999999998223,71.427222000000000433,51.148563000000002885,2,'╤Г╨╗╨╕╤Ж╨░ ╨Ч╨╛╤А╨│╨╡, 3/1, ╨╝╨╕╨║╤А╨╛╤А╨░╨╣╨╛╨╜ ╨и╤Г╨▒╨░╤А, ╨Р╤Б╤В╨░╨╜╨░','09:00-21:00','87083324343',1,3,NULL,NULL,NULL,NULL,NULL);
INSERT INTO products_shop VALUES(11,'╨Р╨╣╨Ь╨░╤А','╨Я╤А╨╛╨┤╤Г╨║╤В╨╛╨▓╤Л╨╣ ╨╝╨░╨│╨░╨╖╨╕╨╜','2024-03-03 05:36:25.622413','2024-03-09 14:09:25.892348','photos/2024/03/03/toys_icon.png',1,2.1000000000000000888,71.362768000000002645,51.149003999999997915,2,'╨Ъ╤Г╤А╨│╨░╨╗╤М╨╢╨╕╨╜╤Б╨║╨╛╨╡ ╤И╨╛╤Б╤Б╨╡, 31╨Р','09:00-21:00','87083324343',NULL,1,NULL,NULL,NULL,NULL,NULL);
INSERT INTO products_shop VALUES(12,'╨Ъ╤Г╤А╨░╨│╨░','╨Ю╨┐╨╕╤Б╨░╨╜╨╕╨╡ ╨╝╨░╨│╨░╨╖╨╕╨╜╨░','2024-03-03 12:19:48.071645','2024-03-09 14:09:33.013315','photos/2024/03/03/logo_466x134.png',1,3.2000000000000001776,71.46294799999999725,51.152636999999998579,2,'╤Г╨╗╨╕╤Ж╨░ ╨Ъ╨░╨╢╤Л╨╝╤Г╨║╨░╨╜╨░, 6, ╨Р╤Б╤В╨░╨╜╨░','09:00-21:00','87083324343',2,1,NULL,NULL,NULL,NULL,NULL);
INSERT INTO products_shop VALUES(13,'Aura ╨╜╨░ ╨Ь╨░╨╜╨│╨╕╨╗╨╕╨║ ╨╡╨╗',replace(replace('╨г╤О╤В╨╜╤Л╨╣ ╤Б╨╡╨╝╨╡╨╣╨╜╤Л╨╣ ╤А╨╡╤Б╤В╨╛╤А╨░╨╜ ╤Б ╨┤╤Г╤И╨╡╨▓╨╜╨╛╨╣ ╨░╤В╨╝╨╛╤Б╤Д╨╡╤А╨╛╨╣\r\n\r\nAura Verdant Restaurant тАФ ╤Г╤О╤В╨╜╤Л╨╣ ╤Б╨╡╨╝╨╡╨╣╨╜╤Л╨╣ ╤А╨╡╤Б╤В╨╛╤А╨░╨╜ ╤Б ╨┤╤Г╤И╨╡╨▓╨╜╨╛╨╣ ╨░╤В╨╝╨╛╤Б╤Д╨╡╤А╨╛╨╣, ╨║╤Г╨┤╨░ ╨╝╨╛╨╢╨╜╨╛ ╨┐╤А╨╕╤Е╨╛╨┤╨╕╤В╤М ╨║╨░╨╢╨┤╤Л╨╣ ╨┤╨╡╨╜╤М, ╤З╤В╨╛╨▒╤Л ╨┐╤А╨╕╤П╤В╨╜╨╛ ╨┐╤А╨╛╨▓╨╡╤Б╤В╨╕ ╨▓╤А╨╡╨╝╤П ╤Б ╤Б╨╡╨╝╤М╤С╨╣ ╨╕╨╗╨╕ ╨▓ ╨║╤А╤Г╨│╤Г ╨▒╨╗╨╕╨╖╨║╨╕╤Е ╨╗╤О╨┤╨╡╨╣. ╨Э╨░╨╖╨▓╨░╨╜╨╕╨╡ ╤А╨╡╤Б╤В╨╛╤А╨░╨╜╨░ ╨╕╨┤╨╡╨░╨╗╤М╨╜╨╛ ╨│╨░╤А╨╝╨╛╨╜╨╕╤А╤Г╨╡╤В ╤Б ╨░╤В╨╝╨╛╤Б╤Д╨╡╤А╨╛╨╣ ╨╖╨░╨▓╨╡╨┤╨╡╨╜╨╕╤П: ╨┐╤Л╤И╨╜╨░╤П ╨╖╨╡╨╗╨╡╨╜╤М, ╤И╤Г╨╝ ╨▓╨╛╨┤╨╛╨┐╨░╨┤╨╛╨▓, ╨╕╨╖╤Л╤Б╨║╨░╨╜╨╜╨░╤П ╨╝╨╡╨▒╨╡╨╗╤М ╨▓ ╨┤╤Г╤Е╨╡ ╤Д╤А╨░╨╜╤Ж╤Г╨╖╤Б╨║╨╛╨│╨╛ ╨┐╤А╨╛╨▓╨░╨╜╤Б╨░, ╨╛╤В╨║╤А╤Л╤В╨░╤П ╨║╤Г╤Е╨╜╤П ╤Б╨╛╨╖╨┤╨░╤О╤В ╤Б╨▓╨╛╤О ╨╜╨╡╨┐╨╛╨▓╤В╨╛╤А╨╕╨╝╤Г╤О ╨░╤В╨╝╨╛╤Б╤Д╨╡╤А╤Г, ╨░╤Г╤А╤Г.','\r',char(13)),'\n',char(10)),'2024-03-10 16:06:53.186799','2024-07-01 16:48:23.784877','photos/2024/03/10/aura-restoran.jpg',1,4.9000000000000003552,71.434111999999998941,51.137889000000001258,2,'╤Г╨╗╨╕╤Ж╨░ ╨Р╤А╨░╨╣, 29╨Р','09:00-21:00','87083324343',2,3,5,NULL,NULL,'https://www.youtube.com/embed/SmM0653YvXU?si=DX6P_-8jeA5o2RDg',NULL);
INSERT INTO products_shop VALUES(14,'╨Ь╨░╨│╨░╨╖╨╕╨╜ ╤Б╨░╨╜╤В╨╡╤Е╨╜╨╕╨║╨╕','╨б╨░╨╜╤В╨╡╤Е╨╜╨╕╨║╨░','2024-04-21 13:27:40.046992','2024-07-01 16:55:44.300458','photos/2024/04/21/plumbing-100kb.jpg',1,4.2000000000000001776,0.0,0.0,2,'╨│. ╨Р╨╗╨╝╨░╤В╤Л','09:00-24:00','87083324343',2,1,2,'st_taiman','https://ezqr.kz/','https://www.youtube.com/embed/SmM0653YvXU?si=UAyWi8MD6YDUT43g','tiktok');
CREATE TABLE IF NOT EXISTS "products_premiumstatus" ("id" integer NOT NULL PRIMARY KEY AUTOINCREMENT, "title" varchar(99) NOT NULL, "created_at" datetime NOT NULL, "updated_at" datetime NOT NULL);
INSERT INTO products_premiumstatus VALUES(1,'╨Я╤А╨╡╨╝╨╕╤Г╨╝ ╤Б╤В╨░╤В╤Г╤Б','2024-03-02 16:37:51.836161','2024-03-02 16:37:51.836161');
INSERT INTO products_premiumstatus VALUES(2,'╨Ю╤Д╨╕╤Ж╨╕╨░╨╗╤М╨╜╤Л╨╣ ╨┐╨░╤А╤В╨╜╨╡╤А','2024-03-02 16:38:22.700472','2024-03-02 16:38:22.700472');
CREATE TABLE IF NOT EXISTS "products_productprice" ("id" integer NOT NULL PRIMARY KEY AUTOINCREMENT, "price" real NOT NULL, "created_at" datetime NOT NULL, "updated_at" datetime NOT NULL, "product_id" bigint NOT NULL REFERENCES "products_products" ("id") DEFERRABLE INITIALLY DEFERRED, "shop_id" bigint NOT NULL REFERENCES "products_shop" ("id") DEFERRABLE INITIALLY DEFERRED, "new_price" real NOT NULL);
INSERT INTO products_productprice VALUES(1,3599.0,'2024-03-01 18:26:18.110491','2024-03-01 18:26:18.110491',6,3,0.0);
INSERT INTO products_productprice VALUES(2,9665.0,'2024-03-01 18:26:27.320990','2024-03-01 18:26:27.320990',5,3,0.0);
INSERT INTO products_productprice VALUES(3,4812.0,'2024-03-01 18:26:38.187161','2024-03-01 18:26:38.187161',4,3,0.0);
INSERT INTO products_productprice VALUES(4,5549.0,'2024-03-01 18:26:46.688935','2024-03-01 18:26:46.688935',3,3,0.0);
INSERT INTO products_productprice VALUES(5,4200.0,'2024-03-02 10:11:17.956335','2024-03-02 10:11:17.956335',6,2,0.0);
INSERT INTO products_productprice VALUES(6,2800.0,'2024-03-02 14:06:32.240841','2024-03-02 14:06:32.240841',7,7,0.0);
INSERT INTO products_productprice VALUES(7,2750.0,'2024-03-02 14:06:38.427253','2024-03-02 14:06:38.427253',7,6,0.0);
INSERT INTO products_productprice VALUES(8,2900.0,'2024-03-02 14:06:45.618921','2024-03-02 14:06:45.618921',7,5,0.0);
INSERT INTO products_productprice VALUES(9,2699.0,'2024-03-02 14:06:52.735296','2024-03-02 14:06:52.735296',7,4,0.0);
INSERT INTO products_productprice VALUES(10,2870.0,'2024-03-02 14:07:06.400965','2024-03-02 14:07:06.400965',7,2,0.0);
INSERT INTO products_productprice VALUES(11,3000.0,'2024-03-02 14:27:00.755148','2024-03-02 14:27:00.755148',8,7,0.0);
INSERT INTO products_productprice VALUES(12,2980.0,'2024-03-02 14:27:08.398873','2024-03-02 14:27:08.398873',8,5,0.0);
INSERT INTO products_productprice VALUES(13,1800.0,'2024-03-03 05:50:15.027077','2024-03-03 05:50:15.027077',11,11,1700.0);
INSERT INTO products_productprice VALUES(14,1788.0,'2024-03-03 05:50:28.923540','2024-03-03 05:50:28.923540',11,10,0.0);
INSERT INTO products_productprice VALUES(15,1950.0,'2024-03-03 05:50:38.872831','2024-03-03 05:50:38.872831',11,8,0.0);
INSERT INTO products_productprice VALUES(16,990.0,'2024-03-03 06:21:36.261890','2024-03-03 06:21:36.261890',17,6,0.0);
INSERT INTO products_productprice VALUES(17,980.0,'2024-03-03 06:21:47.460794','2024-03-03 06:21:47.460794',17,5,0.0);
INSERT INTO products_productprice VALUES(18,600.0,'2024-03-03 06:21:58.273564','2024-03-03 06:21:58.273564',16,5,0.0);
INSERT INTO products_productprice VALUES(19,590.0,'2024-03-03 06:22:05.413991','2024-03-03 06:22:05.413991',16,8,0.0);
INSERT INTO products_productprice VALUES(20,890.0,'2024-03-03 06:23:45.311120','2024-03-03 07:42:53.328767',17,3,920.0);
INSERT INTO products_productprice VALUES(21,975.0,'2024-03-03 06:23:54.151208','2024-03-03 07:42:39.804440',17,2,1000.0);
INSERT INTO products_productprice VALUES(22,300.0,'2024-03-03 12:22:29.278143','2024-03-03 12:22:29.278143',18,12,320.0);
INSERT INTO products_productprice VALUES(23,2900.0,'2024-03-10 18:00:00.862181','2024-03-10 18:00:00.862181',20,13,3200.0);
INSERT INTO products_productprice VALUES(24,6500.0,'2024-03-10 18:00:13.631955','2024-03-10 18:00:13.631955',19,13,8400.0);
INSERT INTO products_productprice VALUES(25,950.0,'2024-04-14 19:57:43.085859','2024-04-14 19:57:43.085859',15,12,900.0);
INSERT INTO products_productprice VALUES(26,900.0,'2024-04-15 09:31:10.682049','2024-04-15 09:31:10.682049',17,1,920.0);
INSERT INTO products_productprice VALUES(27,2000.0,'2024-04-21 13:29:31.985747','2024-04-21 13:29:31.985747',21,14,0.0);
INSERT INTO products_productprice VALUES(28,2900.0,'2024-05-11 12:06:05.125337','2024-05-11 12:06:05.125337',1,4,3100.0);
INSERT INTO products_productprice VALUES(29,880.0,'2024-05-11 12:19:16.768581','2024-05-11 12:19:16.768581',17,4,920.0);
INSERT INTO products_productprice VALUES(30,4900.0,'2024-05-13 05:23:19.504956','2024-05-13 05:23:19.504956',13,8,5900.0);
INSERT INTO products_productprice VALUES(31,2900.0,'2024-05-14 06:28:59.478558','2024-05-14 06:28:59.478558',10,8,3000.0);
INSERT INTO products_productprice VALUES(32,3000.0,'2024-05-14 06:29:24.797219','2024-05-14 06:29:24.797219',10,7,3200.0);
CREATE TABLE IF NOT EXISTS "products_generalcategories" ("id" integer NOT NULL PRIMARY KEY AUTOINCREMENT, "title" varchar(100) NOT NULL, "photo" varchar(100) NOT NULL);
INSERT INTO products_generalcategories VALUES(1,'╨Ч╨┤╨╛╤А╨╛╨▓╨╛╨╡ ╨┐╨╕╤В╨░╨╜╨╕╨╡','');
INSERT INTO products_generalcategories VALUES(2,'╨д╨░╤Б╤В╤Д╤Г╨┤','');
INSERT INTO products_generalcategories VALUES(3,'╨е╨╛╨╖ ╤В╨╛╨▓╨░╤А╤Л','');
INSERT INTO products_generalcategories VALUES(4,'╨Я╤А╨╛╨┤╤Г╨║╤В╨╛╨▓╤Л╨╡ ╤В╨╛╨▓╨░╤А╤Л','');
INSERT INTO products_generalcategories VALUES(5,'╨е╨░╨╗╨░╨╗ ╨┐╤А╨╛╨┤╤Г╨║╤Ж╨╕╨╕','');
CREATE TABLE IF NOT EXISTS "products_typeofshop" ("id" integer NOT NULL PRIMARY KEY AUTOINCREMENT, "title" varchar(100) NOT NULL, "photo" varchar(100) NOT NULL);
INSERT INTO products_typeofshop VALUES(1,'╨Ь╨░╨│╨░╨╖╨╕╨╜','');
INSERT INTO products_typeofshop VALUES(2,'╨Ф╨╛╨╝╨░╤И╨╜╨╡╨╡ ╤Е╨╛╨╖╤П╨╣╤Б╤В╨▓╨╛','');
INSERT INTO products_typeofshop VALUES(3,'╨а╨╡╤Б╤В╨╛╤А╨░╨╜','');
CREATE TABLE IF NOT EXISTS "products_shop_generalType" ("id" integer NOT NULL PRIMARY KEY AUTOINCREMENT, "shop_id" bigint NOT NULL REFERENCES "products_shop" ("id") DEFERRABLE INITIALLY DEFERRED, "generalcategories_id" bigint NOT NULL REFERENCES "products_generalcategories" ("id") DEFERRABLE INITIALLY DEFERRED);
INSERT INTO products_shop_generalType VALUES(1,12,4);
INSERT INTO products_shop_generalType VALUES(2,10,2);
INSERT INTO products_shop_generalType VALUES(3,10,4);
INSERT INTO products_shop_generalType VALUES(4,9,3);
INSERT INTO products_shop_generalType VALUES(5,8,4);
INSERT INTO products_shop_generalType VALUES(6,13,1);
INSERT INTO products_shop_generalType VALUES(7,13,4);
INSERT INTO products_shop_generalType VALUES(8,13,5);
CREATE TABLE IF NOT EXISTS "products_deliverytype" ("id" integer NOT NULL PRIMARY KEY AUTOINCREMENT, "title" varchar(100) NOT NULL, "photo" varchar(100) NOT NULL);
INSERT INTO products_deliverytype VALUES(1,'╨б╨░╨╝╨╛╨▓╤Л╨▓╨╛╨╖','');
INSERT INTO products_deliverytype VALUES(2,'╨Ф╨╛╤Б╤В╨░╨▓╨║╨░ ╨┤╨╛ ╨░╨┤╤А╨╡╤Б╨░','');
INSERT INTO products_deliverytype VALUES(3,'╨Я╨╛╤З╤В╨╛╨▓╨░╤П ╨┤╨╛╤Б╤В╨░╨▓╨║╨░','');
INSERT INTO products_deliverytype VALUES(4,'╨Ф╨╛╤Б╤В╨░╨▓╨║╨░ ╨║╤Г╤А╤М╨╡╤А╨╛╨╝','');
CREATE TABLE IF NOT EXISTS "products_shop_deliveryType" ("id" integer NOT NULL PRIMARY KEY AUTOINCREMENT, "shop_id" bigint NOT NULL REFERENCES "products_shop" ("id") DEFERRABLE INITIALLY DEFERRED, "deliverytype_id" bigint NOT NULL REFERENCES "products_deliverytype" ("id") DEFERRABLE INITIALLY DEFERRED);
INSERT INTO products_shop_deliveryType VALUES(1,12,1);
INSERT INTO products_shop_deliveryType VALUES(2,12,3);
INSERT INTO products_shop_deliveryType VALUES(3,10,1);
INSERT INTO products_shop_deliveryType VALUES(4,10,2);
INSERT INTO products_shop_deliveryType VALUES(5,10,4);
INSERT INTO products_shop_deliveryType VALUES(6,9,1);
INSERT INTO products_shop_deliveryType VALUES(7,9,3);
INSERT INTO products_shop_deliveryType VALUES(8,9,4);
INSERT INTO products_shop_deliveryType VALUES(9,8,1);
INSERT INTO products_shop_deliveryType VALUES(10,8,2);
INSERT INTO products_shop_deliveryType VALUES(11,8,3);
INSERT INTO products_shop_deliveryType VALUES(12,8,4);
INSERT INTO products_shop_deliveryType VALUES(13,4,1);
INSERT INTO products_shop_deliveryType VALUES(14,4,2);
INSERT INTO products_shop_deliveryType VALUES(15,4,3);
INSERT INTO products_shop_deliveryType VALUES(16,4,4);
INSERT INTO products_shop_deliveryType VALUES(17,13,1);
INSERT INTO products_shop_deliveryType VALUES(18,13,3);
INSERT INTO products_shop_deliveryType VALUES(19,2,1);
INSERT INTO products_shop_deliveryType VALUES(20,2,4);
CREATE TABLE IF NOT EXISTS "products_generalcategoriesofproduct" ("id" integer NOT NULL PRIMARY KEY AUTOINCREMENT, "title" varchar(100) NOT NULL, "photo" varchar(100) NOT NULL);
INSERT INTO products_generalcategoriesofproduct VALUES(1,'╨е╨░╨╗╨░╨╗ ╨┐╤А╨╛╨┤╤Г╨║╤В','photos/2024/03/09/6152685.png');
INSERT INTO products_generalcategoriesofproduct VALUES(2,'╨Ч╨┤╨╛╤А╨╛╨▓╨╛╨╡ ╨┐╨╕╤В╨░╨╜╨╕╨╡','photos/2024/03/09/╨Я╨Я_9Lekcia.png');
INSERT INTO products_generalcategoriesofproduct VALUES(3,'╨С╨╡╨╖ ╨У╨Ь╨Ю','photos/2024/03/09/gmo.png');
INSERT INTO products_generalcategoriesofproduct VALUES(4,'╨С╨╡╨╖ ╨│╨╗╤О╤В╨╡╨╜╨░','photos/2024/03/09/╨▒╨╡╨╖_╨│╨╗╤О╤В╨╡╨╜╨░.png');
INSERT INTO products_generalcategoriesofproduct VALUES(5,'╨д╨╡╤А╨╝╨╡╤А╤Б╨║╨╕╨╣ ╨┐╤А╨╛╨┤╤Г╨║╤В','photos/2024/03/09/product_types_logo.png');
INSERT INTO products_generalcategoriesofproduct VALUES(6,'╨С╨╡╨╖ ╨╗╨░╨║╤В╨╛╨╖╤Л','photos/2024/03/09/╨▒╨╡╨╖_╨╗╨░╨║╤В╨╛╨╖╤Л.png');
INSERT INTO products_generalcategoriesofproduct VALUES(7,'╨Э╨░╤В╤Г╤А╨░╨╗╤М╨╜╤Л╨╣','photos/2024/03/09/╨╜╨░╤В╤Г╤А╨░╨╗╤М╨╜╤Л╨╣.png');
INSERT INTO products_generalcategoriesofproduct VALUES(8,'╨Я╤А╨░╨▓╨╕╨╗╤М╨╜╨╛╨╡ ╨┐╨╕╤В╨░╨╜╨╕╨╡','photos/2024/03/09/╨Я╨Я.png');
INSERT INTO products_generalcategoriesofproduct VALUES(9,'╨б╨▓╨╡╨╢╨╡╤Б╤В╤М','photos/2024/03/09/╤Б╨▓╨╡╨╢╨╡╤Б╤В╤М.png');
CREATE TABLE IF NOT EXISTS "products_products_generalType" ("id" integer NOT NULL PRIMARY KEY AUTOINCREMENT, "products_id" bigint NOT NULL REFERENCES "products_products" ("id") DEFERRABLE INITIALLY DEFERRED, "generalcategoriesofproduct_id" bigint NOT NULL REFERENCES "products_generalcategoriesofproduct" ("id") DEFERRABLE INITIALLY DEFERRED);
INSERT INTO products_products_generalType VALUES(2,16,2);
INSERT INTO products_products_generalType VALUES(4,18,3);
INSERT INTO products_products_generalType VALUES(6,7,8);
INSERT INTO products_products_generalType VALUES(7,7,3);
INSERT INTO products_products_generalType VALUES(8,7,5);
INSERT INTO products_products_generalType VALUES(9,2,2);
INSERT INTO products_products_generalType VALUES(10,9,6);
INSERT INTO products_products_generalType VALUES(11,19,1);
INSERT INTO products_products_generalType VALUES(12,19,4);
INSERT INTO products_products_generalType VALUES(13,19,6);
INSERT INTO products_products_generalType VALUES(14,19,7);
INSERT INTO products_products_generalType VALUES(15,20,3);
INSERT INTO products_products_generalType VALUES(16,13,8);
INSERT INTO products_products_generalType VALUES(17,12,8);
INSERT INTO products_products_generalType VALUES(18,12,2);
INSERT INTO products_products_generalType VALUES(19,11,8);
INSERT INTO products_products_generalType VALUES(20,11,2);
INSERT INTO products_products_generalType VALUES(21,20,8);
INSERT INTO products_products_generalType VALUES(22,20,2);
INSERT INTO products_products_generalType VALUES(24,3,9);
INSERT INTO products_products_generalType VALUES(26,10,2);
INSERT INTO products_products_generalType VALUES(27,10,4);
CREATE TABLE IF NOT EXISTS "products_additionalattributes" ("id" integer NOT NULL PRIMARY KEY AUTOINCREMENT, "title" varchar(100) NOT NULL, "photo" varchar(100) NOT NULL);
INSERT INTO products_additionalattributes VALUES(1,'╨Ф╨╡╤В╤Б╨║╨░╤П ╨┐╨╗╨╛╤Й╨░╨┤╨║╨░','');
INSERT INTO products_additionalattributes VALUES(2,'╨Ц╨╕╨▓╨░╤П ╨╝╤Г╨╖╤Л╨║╨░','');
INSERT INTO products_additionalattributes VALUES(3,'╨Ш╤Д╤В╨░╤А','');
CREATE TABLE IF NOT EXISTS "products_shop_additionalAttributes" ("id" integer NOT NULL PRIMARY KEY AUTOINCREMENT, "shop_id" bigint NOT NULL REFERENCES "products_shop" ("id") DEFERRABLE INITIALLY DEFERRED, "additionalattributes_id" bigint NOT NULL REFERENCES "products_additionalattributes" ("id") DEFERRABLE INITIALLY DEFERRED);
INSERT INTO products_shop_additionalAttributes VALUES(1,13,1);
INSERT INTO products_shop_additionalAttributes VALUES(2,13,2);
INSERT INTO products_shop_additionalAttributes VALUES(3,13,3);
CREATE TABLE IF NOT EXISTS "products_commontypeofcategory" ("id" integer NOT NULL PRIMARY KEY AUTOINCREMENT, "slug" varchar(100) NOT NULL UNIQUE, "title" varchar(100) NOT NULL);
INSERT INTO products_commontypeofcategory VALUES(1,'goods','╨в╨╛╨▓╨░╤А╤Л ╨╕ ╨┐╤А╨╛╨┤╤Г╨║╤В╤Л');
INSERT INTO products_commontypeofcategory VALUES(3,'beauty','╨Ъ╤А╨░╤Б╨╛╤В╨░ ╨╕ ╤Г╤Е╨╛╨┤');
INSERT INTO products_commontypeofcategory VALUES(4,'work','╨г╤Б╨╗╤Г╨│╨╕');
INSERT INTO products_commontypeofcategory VALUES(5,'dishes','╨С╨╗╤О╨┤╨░');
CREATE TABLE IF NOT EXISTS "products_products" ("id" integer NOT NULL PRIMARY KEY AUTOINCREMENT, "title" varchar(99) NOT NULL, "description" text NOT NULL, "created_at" datetime NOT NULL, "updated_at" datetime NOT NULL, "photo" varchar(100) NOT NULL, "is_published" bool NOT NULL, "category_id" bigint NOT NULL REFERENCES "products_category" ("id") DEFERRABLE INITIALLY DEFERRED, "carbs" real NULL, "fat" real NULL, "protein" real NULL, "show_calories" bool NOT NULL);
INSERT INTO products_products VALUES(1,'╨б╨▓╨╡╨╢╨░╤П ╨║╤Г╤А╨╕╤Ж╨░ 1╨║╨│','╨б╨▓╨╡╨╢╨░╤П ╨║╤Г╤А╨╕╤Ж╨░, ╨┤╨╛╨╝╨░╤И╨╜╤П╤П ╤Д╨╡╤А╨╝╨░','2024-03-01 06:18:04.113748','2024-05-11 11:42:54.419509','photos/2024/05/11/chicken_icon.png',1,14,0.0,0.0,0.0,0);
INSERT INTO products_products VALUES(2,'╨Ю╨│╤Г╤А╤Ж╤Л 1╨║╨│','╨Ю╨│╤Г╤А╤Ж╤Л ╨▓╤Л╤А╨░╤Й╨╡╨╜╨╜╤Л╨╡ ╨╜╨░ ╨╛╨│╨╛╤А╨╛╨┤╨╡','2024-03-01 06:18:24.806763','2024-03-10 12:44:04.882891','photos/2024/03/10/cucumber-1.jpg',1,6,0.0,0.0,0.0,0);
INSERT INTO products_products VALUES(3,'╨Ш╨│╤А╤Г╤И╨║╨░ Sonic ╨┤╨╛ 3 ╨╗╨╡╤В','╨Ч╨░╨╝╨╡╤З╨░╤В╨╡╨╗╤М╨╜╨░╤П ╨╕╨│╤А╤Г╤И╨║╨░ ╨╛╤В ╨║╨╛╨╝╨┐╨░╨╜╨╕╨╕ Konami. ╨п╨┐╨╛╨╜╤Б╨║╨╛╨╡ ╨┐╤А╨╛╨╕╨╖╨▓╨╛╨┤╤Б╤В╨▓╨╛','2024-03-01 18:23:51.429729','2024-04-19 15:15:38.367075','photos/2024/03/02/2da3dcf9771611ee81401e5d9776cfa6_upscaled.jpeg',1,7,0.0,0.0,0.0,0);
INSERT INTO products_products VALUES(4,'╨Ь╤П╨│╨║╨░╤П ╨╕╨│╤А╤Г╤И╨║╨░ ╨б╨░╨╗╨╗╨╕ ╨╕╨╖ ╨Ъ╨╛╤А╨┐╨╛╤А╨░╤Ж╨╕╨╕ ╨╝╨╛╨╜╤Б╤В╤А╨╛╨▓','╨Ь╤П╨│╨║╨░╤П ╨╕╨│╤А╤Г╤И╨║╨░ ╨б╨░╨╗╨╗╨╕ ╨╕╨╖ ╨Ъ╨╛╤А╨┐╨╛╤А╨░╤Ж╨╕╨╕ ╨╝╨╛╨╜╤Б╤В╤А╨╛╨▓','2024-03-01 18:24:13.472232','2024-03-02 05:02:47.769314','photos/2024/03/02/6607-1772-sharik-salli-monsters-university.jpg',1,16,0.0,0.0,0.0,0);
INSERT INTO products_products VALUES(5,'╨Ь╨░╨╣╨║ ╨╖╨╡╨╗╨╡╨╜╨░╤П','╨Ь╨░╨╣╨║ ╨╖╨╡╨╗╨╡╨╜╨░╤П ╨║╤А╤Г╨│╨╗╨░╤П ╨╕╨│╤А╤Г╤И╨║╨░','2024-03-01 18:24:36.870576','2024-03-02 15:18:39.143099','photos/2024/03/02/scale_1200.png',1,16,0.0,0.0,0.0,0);
INSERT INTO products_products VALUES(6,'Naruto Uzumaki - ╨п╨┐╨╛╨╜╤Б╨║╨╛╨╡ ╨┐╤А╨╛╨╕╨╖╨▓╨╛╨┤╤Б╤В╨▓╨╛',replace(replace('╨д╨╕╨│╤Г╤А╨║╨░ ╨╛╤В Takai Figure, ╨▓╤Л╨┐╨╛╨╗╨╜╨╡╨╜╨╜╨░╤П ╨┐╨╛ ╨╝╨╛╤В╨╕╨▓╨░╨╝ ╨║╤Г╨╗╤М╤В╨╛╨▓╨╛╨│╨╛ ╨░╨╜╨╕╨╝╨╡ "╨Э╨░╤А╤Г╤В╨╛", ╨┐╤А╨╡╨┤╤Б╤В╨░╨▓╨╗╤П╨╡╤В ╤Б╨╛╨▒╨╛╨╣ ╨╛╨┤╨╜╨╛╨│╨╛ ╨╕╨╖ ╨║╨╗╤О╤З╨╡╨▓╤Л╤Е ╨┐╨╡╤А╤Б╨╛╨╜╨░╨╢╨╡╨╣ - ╨Ю╨▒╨╕╤В╨╛ ╨г╤З╨╕╤Е╨░!\r\n\r\n╨Р╨╜╨╕╨╝╨╡ ╨д╨╕╨│╤Г╤А╨║╨░ ╨в╨╛╨▒╨╕ ╨▓╤Л╨┐╨╛╨╗╨╜╨╡╨╜╨░ ╨╕╨╖ ╨║╨░╤З╨╡╤Б╤В╨▓╨╡╨╜╨╜╤Л╤Е ╨│╨╕╨┐╨╛╨░╨╗╨╗╨╡╤А╨│╨╡╨╜╨╜╤Л╤Е ╨╝╨░╤В╨╡╤А╨╕╨░╨╗╨╛╨▓, ╨╛╨▒╨╡╤Б╨┐╨╡╤З╨╕╨▓╨░╤О╤Й╨╕╤Е ╨╡╨╣ ╨▓╤Л╤Б╨╛╨║╤Г╤О ╨┐╤А╨╛╤З╨╜╨╛╤Б╤В╤М ╨╕ ╨┤╨╛╨╗╨│╨╛╨▓╨╡╤З╨╜╨╛╤Б╤В╤М. ╨Р╨╜╨╕╨╝╨╡ ╤Б╤В╨░╤В╤Г╤Н╤В╨║╨░ ╨╛╤В╨╗╨╕╤З╨╜╤Л╨╝ ╨┤╨╛╨┐╨╛╨╗╨╜╨╡╨╜╨╕╨╡╨╝ ╨Т╨░╤И╨╡╨╣ ╨║╨╛╨╗╨╗╨╡╨║╤Ж╨╕╨╕ ╨╕ ╨┐╤А╨╡╨║╤А╨░╤Б╨╜╤Л╨╝ ╨┐╨╛╨┤╨░╤А╨║╨╛╨╝ ╨╜╨░ ╨Ф╨╡╨╜╤М ╨а╨╛╨╢╨┤╨╡╨╜╨╕╤П, ╨Э╨╛╨▓╤Л╨╣ ╨У╨╛╨┤ ╨╕ ╨┤╤А╤Г╨│╨╕╨╡ ╨┐╤А╨░╨╖╨┤╨╜╨╕╨║╨╕. ╨Я╨╛╨╜╤А╨░╨▓╨╕╤В╤Б╤П ╨▓╤Б╨╡╨╝ ╨┐╨╛╨║╨╗╨╛╨╜╨╜╨╕╨║╨░╨╝ ╨▓╤Б╨╡╨╗╨╡╨╜╨╜╨╛╨╣ ╨┤╨░╨╜╨╜╨╛╨│╨╛ ╨░╨╜╨╕╨╝╨╡, ╨║╨░╨║ ╨┤╨╡╤В╤П╨╝, ╤В╨░╨║ ╨╕ ╨▓╨╖╤А╨╛╤Б╨╗╤Л╨╝. ╨Т╤Л╤Б╨╛╤В╨░ ╤Д╨╕╨│╤Г╤А╨║╨╕ - 26 ╤Б╨╝.','\r',char(13)),'\n',char(10)),'2024-03-01 18:25:57.660006','2024-03-02 09:35:55.455911','photos/2024/03/02/naruto.png',1,7,0.0,0.0,0.0,0);
INSERT INTO products_products VALUES(7,'╨Ь╤П╤Б╨╛ ╤В╨╡╨╗╨╡╨╜╨║╨░ 1╨║╨│','╨У╨╛╨▓╤П╨┤╨╕╨╜╨╛╨╣ ╨╜╨░╨╖╤Л╨▓╨░╤О╤В ╨╝╤П╤Б╨╛, ╨║╨╛╤В╨╛╤А╨╛╨╡ ╨┐╨╛╨╗╤Г╤З╨░╤О╤В ╨┐╤А╨╕ ╨╖╨░╨▒╨╛╨╡ ╨Ъ╨а╨б (╨║╤А╤Г╨┐╨╜╨╛╨│╨╛ ╤А╨╛╨│╨░╤В╨╛╨│╨╛ ╤Б╨║╨╛╤В╨░). ╨Ъ ╨Ъ╨а╨б ╨╛╤В╨╜╨╛╤Б╤П╤В ╨▓╨╛╨╗╨╛╨▓, ╨║╨╛╤А╨╛╨▓, ╨▒╤Л╨║╨╛╨▓ ╨╕ ╤В╨╡╨╗╤П╤В. ╨б╨╛╨│╨╗╨░╤Б╨╜╨╛ ╤Б╤В╨░╤В╨╕╤Б╤В╨╕╨║╨╡, ╨│╨╛╨▓╤П╨┤╨╕╨╜╨░ ╨╖╨░╨╜╨╕╨╝╨░╨╡╤В ╨┐╨╡╤А╨▓╨╛╨╡ ╨╝╨╡╤Б╤В╨╛ ╨┐╨╛ ╨┐╨╛╨┐╤Г╨╗╤П╤А╨╜╨╛╤Б╤В╨╕ ╨╕ ╨▓╨╛╤Б╤В╤А╨╡╨▒╨╛╨▓╨░╨╜╨╜╨╛╤Б╤В╨╕ ╨▓╨╛ ╨▓╤Б╨╡╨╝ ╨╝╨╕╤А╨╡. ╨Т ╨╖╨░╨┐╨░╨┤╨╜╤Л╤Е ╤Б╤В╤А╨░╨╜╨░╤Е ╨┤╨╗╤П ╨┐╨╛╨╗╤Г╤З╨╡╨╜╨╕╤П ╨╝╤П╤Б╨░ ╤А╨░╨╖╨▓╨╛╨┤╤П╤В ╨╝╨╛╨╗╨╛╨┤╤Л╤Е ╨▒╤Л╤З╨║╨╛╨▓, ╤З╨░╤Й╨╡ ╨▓╤Б╨╡╨│╨╛ ╨╜╨░ ╨╖╨░╨▒╨╛╨╣ ╨╛╤В╨┐╤А╨░╨▓╨╗╤П╤О╤В ╨╢╨╕╨▓╨╛╤В╨╜╤Л╤Е ╨▓ ╨▓╨╛╨╖╤А╨░╤Б╤В╨╡ 2-3 ╨╗╨╡╤В. ╨У╨╛╨▓╤П╨┤╨╕╨╜╤Г ╨┤╨╡╨╗╤П╤В ╨╜╨░ ╨╝╨╜╨╛╨╢╨╡╤Б╤В╨▓╨╛ ╤Б╨╛╤А╤В╨╛╨▓, ╨┐╤А╨╕╤З╨╡╨╝ ╤Н╨╗╨╕╤В╨╜╤Л╨╡ ╤Б╨╛╤А╤В╨░ ╤З╨░╤Б╤В╨╛ ╨╜╨░╨╖╤Л╨▓╨░╤О╤В ╨▓ ╤З╨╡╤Б╤В╤М ╨┐╨╛╤А╨╛╨┤╤Л ╨║╨╛╤А╨╛╨▓. ╨Э╨╡╨║╨╛╤В╨╛╤А╤Л╨╡ ╤Б╤В╤А╨░╨╜╤Л ╨╕╨╖╨▓╨╡╤Б╤В╨╜╤Л ╨│╨╛╨▓╤П╨┤╨╕╨╜╨╛╨╣ ╨▓╤Л╤Б╨╛╨║╨╛╨│╨╛ ╨║╨░╤З╨╡╤Б╤В╨▓╨░. ╨Ъ','2024-03-02 14:06:16.138320','2024-03-09 14:42:32.648732','photos/2024/03/02/goviadina.jpg',1,1,0.0,0.0,0.0,0);
INSERT INTO products_products VALUES(8,'╨Ь╤П╤Б╨╛ ╨║╨╛╨╜╨╕╨╜╤Л 1 ╨║╨│','╨Ъ ╨│╨╛╨▓╤П╨┤╨╕╨╜╨╡ ╨╛╤В╨╜╨╛╤Б╨╕╤В╤Б╤П ╨╝╤П╤Б╨╛ ╨║╨╛╤А╨╛╨▓╤Л, ╤В╨╡╨╗╨║╨╕, ╨▒╤Л╨║╨░, ╤В╨╡╨╗╨╡╨╜╨║╨░ ╨╕╨╗╨╕ ╨▓╨╛╨╗╨░. ╨Ъ╨░╤З╨╡╤Б╤В╨▓╨╛ ╨╝╤П╤Б╨░ ╨╛╨┐╤А╨╡╨┤╨╡╨╗╤П╨╡╤В╤Б╤П ╨▓ ╨╖╨░╨▓╨╕╤Б╨╕╨╝╨╛╤Б╤В╨╕ ╨╛╤В ╨┐╨╛╨╗╨░ ╨╕ ╨▓╨╛╨╖╤А╨░╤Б╤В╨░ ╨╢╨╕╨▓╨╛╤В╨╜╨╛╨│╨╛, ╤Г╤Б╨╗╨╛╨▓╨╕╨╣ ╤Б╨╛╨╖╤А╨╡╨▓╨░╨╜╨╕╤П ╨╝╤П╤Б╨░ ╨╕ ╨║╨╛╤А╨╝╨╛╨▓. ╨Т╤Б╨╡ ╤Н╤В╨╛ ╤Б╤В╤А╨╛╨│╨╛ ╨║╨╛╨╜╤В╤А╨╛╨╗╨╕╤А╤Г╨╡╤В╤Б╤П ╨░╨│╤А╨╛╨║╨╛╨╝╨┐╨╗╨╡╨║╤Б╨░╨╝╨╕ ╨С╨╡╨╗╨╛╤А╤Г╤Б╤Б╨╕╨╕. ╨Ш╤Б╤Е╨╛╨┤╤П ╨╕╨╖ ╤Н╤В╨╕╤Е ╤Д╨░╨║╤В╨╛╤А╨╛╨▓ ╨╛╨┐╤А╨╡╨┤╨╡╨╗╤П╨╡╤В╤Б╤П ╨╝╤П╨│╨║╨╛╤Б╤В╤М ╤Б╤Л╤А╤М╤П, ╤Б╨╛╤З╨╜╨╛╤Б╤В╤М ╨╝╤П╤Б╨░ ╨╕ ╨╡╨│╨╛ ╨╢╨╕╤А╨╜╨╛╤Б╤В╤М, ╨░ ╤Б╨╛╨╛╤В╨▓╨╡╤В╤Б╤В╨▓╨╡╨╜╨╜╨╛, ╨╕ ╤Б╨╛╤А╤В ╨│╨╛╨▓╤П╨┤╨╕╨╜╤Л.','2024-03-02 14:26:49.142081','2024-03-02 14:26:49.142081','photos/2024/03/02/konina.jpg',1,1,0.0,0.0,0.0,0);
INSERT INTO products_products VALUES(9,'╨Ь╤П╤Б╨╛ ╨╛╨╗╨╡╨╜╤П 1 ╨║╨│',replace(replace('╨д╨╡╤А╨╝╨╡╤А╤Б╨║╨╛╨╡ ╨╝╤П╤Б╨╛ - ╨╖╨░╨╗╨╛╨│ ╨╖╨┤╨╛╤А╨╛╨▓╨╛╨│╨╛ ╨┐╨╕╤В╨░╨╜╨╕╤П ╨▓╨░╤И╨╡╨╣ ╤Б╨╡╨╝╤М╨╕, ╨▒╨╛╨│╨░╤В╨╛ ╨▓╨╕╤В╨░╨╝╨╕╨╜╨░╨╝╨╕, ╨╝╨╕╨║╤А╨╛╤Н╨╗╨╡╨╝╨╡╨╜╤В╨░╨╝╨╕ ╨╕ ╨░╨╝╨╕╨╜╨╛╨║╨╕╤Б╨╗╨╛╤В╨░╨╝╨╕. ╨Ь╤П╤Б╨╛ ╨╛╤Б╨╜╨╛╨▓╨╜╨╛╨╣ ╨┐╨╛╤Б╤В╨░╨▓╤Й╨╕╨║ ╨▓╨╕╤В╨░╨╝╨╕╨╜╨╛╨▓ ╨│╤А╤Г╨┐╨┐╤Л ╨Т ╨╕ ╨╢╨╡╨╗╨╡╨╖╨░.\r\n╨а╨╡╨║╨╛╨╝╨╡╨╜╨┤╤Г╨╡╨╝ ╨▓╤Б╨╡╨╝ ╨┐╨╛╨┐╤А╨╛╨▒╨╛╨▓╨░╤В╤М ╨╜╨░╤Б╤В╨╛╤П╤Й╨╡╨╡ ╤Б╨▓╨╡╨╢╨╡╨╡ ╨╝╤П╤Б╨╛ ╨╕╨╖ ╤Д╨╡╤А╨╝╨╡╤А╤Б╨║╨╛╨│╨╛ ╤Е╨╛╨╖╤П╨╣╤Б╤В╨▓╨░.\r\n\r\n╨б ╨╜╨░╨╝╨╕ ╨▓╤Л ╤Б╨╝╨╛╨╢╨╡╤В╨╡ ╨║╤Г╨┐╨╕╤В╤М ╨╝╤П╤Б╨╛ ╨╛╨┐╤В╨╛╨╝ ╨╕ ╨▓ ╤А╨╛╨╖╨╜╨╕╤Ж╤Г ╨▓ ╨Р╤Б╤В╨░╨╜╨╡, ╨╜╨╡ ╨▓╤Л╤Е╨╛╨┤╤П ╨╕╨╖ ╨┤╨╛╨╝╨░! ╨Я╤А╨╡╨┤╨╗╨░╨│╨░╨╡╨╝ ╨║╨░╤З╨╡╤Б╤В╨▓╨╡╨╜╨╜╤Г╤О, ╤Б╨▓╨╡╨╢╤Г╤О ╤Д╨╡╤А╨╝╨╡╤А╤Б╨║╤Г╤О ╨╝╤П╤Б╨╜╤Г╤О ╨┐╤А╨╛╨┤╤Г╨║╤Ж╨╕╤О, ╨║╨░╨║ ╨╛╨┐╤В╨╛╨╝, ╤В╨░╨║ ╨╕ ╨▓ ╤А╨╛╨╖╨╜╨╕╤Ж╤Г, ╤Б ╨┤╨╛╤Б╤В╨░╨▓╨║╨╛╨╣ ╨┐╨╛ ╨Р╤Б╤В╨░╨╜╨╡.','\r',char(13)),'\n',char(10)),'2024-03-03 05:40:03.358196','2024-03-10 12:44:21.501836','photos/2024/03/03/tazolenja.jpg',1,1,0.0,0.0,0.0,0);
INSERT INTO products_products VALUES(10,'╨Э╨╛╨╢╨║╨╕ ╨╕╨╜╨┤╨╡╨╣╨║╨╕ 1 ╨║╨│',replace(replace('╨Ш╨╜╨┤╨╡╨╣╨║╨░ тАУ ╤Б╨░╨╝╨░╤П ╨║╤А╤Г╨┐╨╜╨░╤П ╨┤╨╛╨╝╨░╤И╨╜╤П╤П ╨┐╤В╨╕╤Ж╨░ ╨┐╨╛╤Б╨╗╨╡ ╤Б╤В╤А╨░╤Г╤Б╨╛╨▓. ╨Т╨╖╤А╨╛╤Б╨╗╤Л╨╣ ╨╕╨╜╨┤╤О╨║ ╨╝╨╛╨╢╨╡╤В ╨▓╨╡╤Б╨╕╤В╤М ╨┤╨╛ 35 ╨║╨╕╨╗╨╛╨│╤А╨░╨╝╨╝. ╨е╨╛╤В╤П ╨╕╨╜╨┤╨╡╨╣╨║╨╕ ╨╛╤В╨╜╨╛╤Б╤П╤В╤Б╤П ╨║ ╨║╤Г╤А╨╛╨╛╨▒╤А╨░╨╖╨╜╤Л╨╝, ╨╛╨╜╨╕ ╨▓╤Б╨╡ ╤А╨░╨▓╨╜╨╛ ╤Б╨┐╨╛╤Б╨╛╨▒╨╜╤Л ╨╗╨╡╤В╨░╤В╤М, ╨┐╨╛╤Н╤В╨╛╨╝╤Г ╨┤╨╛╨╝╨░╤И╨╜╨╕╨╝ ╨┐╤В╨╕╤Ж╨░╨╝ ╨┐╨╛╨┤╤А╨╡╨╖╨░╤О╤В ╨║╤А╤Л╨╗╤М╤П.\r\n\r\n╨Ш╨╜╨┤╨╡╨╣╨║╨░, ╨║╨░╨║ ╨┤╨╛╨╝╨░╤И╨╜╤П╤П ╨┐╤В╨╕╤Ж╨░, ╨┐╤А╨╛╨╕╨╖╨╛╤И╨╗╨░ ╨╛╤В ╨┤╨╕╨║╨╛╨╣ ╨╕╨╜╨┤╨╡╨╣╨║╨╕. ╨Х╨╡ ╨╛╨┤╨╛╨╝╨░╤И╨╜╨╕╨╗╨╕ ╨▓ ╨Э╨╛╨▓╨╛╨╝ ╨б╨▓╨╡╤В╨╡ ╨╡╤Й╨╡ ╨╖╨░╨┤╨╛╨╗╨│╨╛ ╨┤╨╛ ╨╛╤В╨║╤А╤Л╤В╨╕╤П ╨Р╨╝╨╡╤А╨╕╨║╨╕. ╨Ф╨░╨╗╨╡╨╡ ╨┐╤В╨╕╤Ж╤Г ╨╖╨░╨▓╨╡╨╖╨╗╨╕ ╨▓ ╨Ш╤Б╨┐╨░╨╜╨╕╤О, ╨╛╤В╤Б╤О╨┤╨░ ╤Г╤Б╤В╨░╤А╨╡╨▓╤И╨╡╨╡ ╨╜╨░╨╖╨▓╨░╨╜╨╕╨╡ ┬л╨╕╤Б╨┐╨░╨╜╤Б╨║╨╕╨╡ ╨║╤Г╤А╤Л┬╗. ╨Р ╨▓ ╨░╨╜╨│╨╗╨╕╨╣╤Б╨║╨╛╨╝ ╤П╨╖╤Л╨║╨╡ ╨╖╨░╨║╤А╨╡╨┐╨╕╨╗╨╛╤Б╤М ╨╜╨░╨╖╨▓╨░╨╜╨╕╨╡ ┬л╤В╤Г╤А╨╡╤Ж╨║╨╕╨╡ ╨║╤Г╤А╤Л┬╗, ╨║╨╛╨│╨┤╨░ ╨╕╨╜╨┤╨╡╨╣╨║╨░ ╤А╨░╤Б╨┐╤А╨╛╤Б╤В╤А╨░╨╜╨╕╨╗╨░╤Б╤М','\r',char(13)),'\n',char(10)),'2024-03-03 05:41:25.202187','2024-05-14 06:28:35.011977','photos/2024/03/03/╨╝╤П╤Б╨╛-╨╕╨╜╨┤╨╡╨╣╨║╨╕.jpg',1,14,0.0,0.0,0.0,0);
INSERT INTO products_products VALUES(11,'╨Ъ╤Г╤А╨╕╨╜╤Л╨╡ ╨╜╨╛╨╢╨║╨╕ 1╨║╨│','╨в╤Г╤И╤С╨╜╤Л╨╡ ╨║╤Г╤А╨╕╨╜╤Л╨╡ ╨╜╨╛╨╢╨║╨╕ ╨▓ ╤Б╨╝╨╡╤В╨░╨╜╨╡ - ╨╛╤З╨╡╨╜╤М ╨▓╨║╤Г╤Б╨╜╨╛╨╡ ╨▒╨╗╤О╨┤╨╛ ╨┤╨╗╤П ╨┤╨╛╨╝╨░╤И╨╜╨╡╨│╨╛ ╨╛╨▒╨╡╨┤╨░ ╨╕╨╗╨╕ ╤Г╨╢╨╕╨╜╨░. ╨Ъ╤Г╤А╨╕╨╜╤Л╨╡ ╨│╨╛╨╗╨╡╨╜╨╕ ╨┐╨╛╨╗╤Г╤З╨░╤О╤В╤Б╤П ╤Б╨╛╤З╨╜╤Л╨╝╨╕, ╨╝╤П╤Б╨╛ ╨▒╤Г╨║╨▓╨░╨╗╤М╨╜╨╛ ╤В╨░╨╡╤В ╨▓╨╛ ╤А╤В╤Г, ╨╕ ╨▒╨╛╨╜╤Г╤Б╨╛╨╝ ╨▓╤Л╤Б╤В╤Г╨┐╨░╨╡╤В ╤Б╨╝╨╡╤В╨░╨╜╨╜╤Л╨╣ ╤Б╨╛╤Г╤Б, ╨▓ ╨║╨╛╤В╨╛╤А╨╛╨╝ ╨╜╨╛╨╢╨║╨╕ ╤В╤Г╤И╨╕╨╗╨╕╤Б╤М, - ╤В╨░╨║╨╛╨╣ ╤Б╨╛╤Г╤Б ╨▒╤Г╨┤╨╡╤В ╨╕╨┤╨╡╨░╨╗╤М╨╜╤Л╨╝ ╨▓ ╨║╨░╤З╨╡╤Б╤В╨▓╨╡ ╨┐╨╛╨┤╨╗╨╕╨▓╨║╨╕ ╨║ ╨│╨░╤А╨╜╨╕╤А╤Г!','2024-03-03 05:42:44.571640','2024-04-15 12:30:34.138585','photos/2024/03/03/764x600.jpg',1,14,0.0,0.0,0.0,0);
INSERT INTO products_products VALUES(12,'╨Ь╨╛╨╗╨╛╨║╨╛ ╨║╨╛╤А╨╛╨▓╤М╨╡ ╨╜╨░ ╤А╨░╨╖╨╗╨╕╨▓ 1╨╗','╨Ь╨╛╨╗╨╛╨║╨╛ ╨┤╨╛╨╝╨░╤И╨╜╨╕╤Е ╨╢╨╕╨▓╨╛╤В╨╜╤Л╤Е ╨┐╤А╨╕╤И╨╗╨╛ ╨▓ ╨╢╨╕╨╖╨╜╤М ╤З╨╡╨╗╨╛╨▓╨╡╨║╨░ ╨▓╨╝╨╡╤Б╤В╨╡ ╤Б ╤Б╨░╨╝╨╕╨╝╨╕ ╨╢╨╕╨▓╨╛╤В╨╜╤Л╨╝╨╕ ╨┐╤А╨╕╨╝╨╡╤А╨╜╨╛ 12 ╤В╤Л╤Б╤П╤З ╨╗╨╡╤В ╨╜╨░╨╖╨░╨┤ ╨╕ ╨╖╨░╨▓╨╛╨╡╨▓╨░╨╗╨╛ ╨▓╤Б╨╡╨╝╨╕╤А╨╜╤Г╤О ╨┐╨╛╨┐╤Г╨╗╤П╤А╨╜╨╛╤Б╤В╤М. ╨г╨╢╨╡ ╨║ ╤Б╨╡╤А╨╡╨┤╨╕╨╜╨╡ I ╤В╤Л╤Б╤П╤З╨╡╨╗╨╡╤В╨╕╤П ╨┤╨╛ ╨╜╨░╤И╨╡╨╣ ╤Н╤А╤Л ╨У╨╕╨┐╨┐╨╛╨║╤А╨░╤В ╨▒╤Л╨╗ ╤Г╨▒╨╡╨╢╨┤╨╡╨╜, ╤З╤В╨╛ ┬л╨▓ ╨╝╨╛╨╗╨╛╨║╨╡ тАФ ╤Б╨╛╨▓╨╡╤А╤И╨╡╨╜╤Б╤В╨▓╨╛┬╗. ╨Т ╨а╨╛╤Б╤Б╨╕╨╕ ╨┐╤А╨╛╨╝╤Л╤И╨╗╨╡╨╜╨╜╨╛╨╡ ╨┐╤А╨╛╨╕╨╖╨▓╨╛╨┤╤Б╤В╨▓╨╛ ╨╝╨╛╨╗╨╛╨║╨░ ╨╕ ╨╝╨╛╨╗╨╛╤З╨╜╤Л╤Е ╨┐╤А╨╛╨┤╤Г╨║╤В╨╛╨▓ ╨╜╨░╤З╨░╨╗╨╛╤Б╤М ╨▓ XVIII ╨▓╨╡╨║╨╡. ╨г ╨╡╨│╨╛ ╨╕╤Б╤В╨╛╨║╨╛╨▓ ╤Б╤В╨╛╤П╨╗╨╕ ╨Э. ╨Э. ╨Ь╤Г╤А╨░╨▓╤М╨╡╨▓ ╨╕ ╨┐╨╛╨╖╨╢╨╡ тАФ ╨Э. ╨Т. ╨Т╨╡╤А╨╡╤Й╨░╨│╨╕╨╜. ╨Я╤А╨╕╨╝╨╡╤З╨░╤В╨╡╨╗╤М╨╜╨╛, ╤З╤В╨╛ ╨┤╨╡╨║╨░╨▒╤А╨╕╤Б╤В╤Л ╨▒╤А╨░╤В╤М╤П ╨С╨╡╨╗╤П╨╡╨▓╤Л ╨╛╤А╨│╨░╨╜╨╕╨╖╨╛╨▓╨░╨╗╨╕ ╨╝╨╛╨╗╨╛╤З╨╜╨╛╨╡ ╨┐╤А╨╛╨╕╨╖╨▓╨╛╨┤╤Б╤В╨▓╨╛, ╨┤╨░╨╢╨╡ ╨╜╨░╤Е╨╛╨┤╤П╤Б╤М ╨▓ ╤Б╨╕╨▒╨╕╤А╤Б╨║╨╛╨╣ ╤Б╤Б╤Л╨╗╨║╨╡.','2024-03-03 06:18:33.084924','2024-04-15 12:30:31.430666','photos/2024/03/03/7ae452d64b8527951bdcdab27e3a95263649bc92.webp',1,12,0.0,0.0,0.0,0);
INSERT INTO products_products VALUES(13,'╨Ь╨╛╨╗╨╛╨║╨╛ ╨║╨╛╨╖╤М╨╡╨╝ ╨╜╨░ ╤А╨░╨╖╨╗╨╕╨▓ 1╨╗','╨Ь╨╛╨╗╨╛╨║╨╛ ╨┤╨╛╨╝╨░╤И╨╜╨╕╤Е ╨╢╨╕╨▓╨╛╤В╨╜╤Л╤Е ╨┐╤А╨╕╤И╨╗╨╛ ╨▓ ╨╢╨╕╨╖╨╜╤М ╤З╨╡╨╗╨╛╨▓╨╡╨║╨░ ╨▓╨╝╨╡╤Б╤В╨╡ ╤Б ╤Б╨░╨╝╨╕╨╝╨╕ ╨╢╨╕╨▓╨╛╤В╨╜╤Л╨╝╨╕ ╨┐╤А╨╕╨╝╨╡╤А╨╜╨╛ 12 ╤В╤Л╤Б╤П╤З ╨╗╨╡╤В ╨╜╨░╨╖╨░╨┤ ╨╕ ╨╖╨░╨▓╨╛╨╡╨▓╨░╨╗╨╛ ╨▓╤Б╨╡╨╝╨╕╤А╨╜╤Г╤О ╨┐╨╛╨┐╤Г╨╗╤П╤А╨╜╨╛╤Б╤В╤М. ╨г╨╢╨╡ ╨║ ╤Б╨╡╤А╨╡╨┤╨╕╨╜╨╡ I ╤В╤Л╤Б╤П╤З╨╡╨╗╨╡╤В╨╕╤П ╨┤╨╛ ╨╜╨░╤И╨╡╨╣ ╤Н╤А╤Л ╨У╨╕╨┐╨┐╨╛╨║╤А╨░╤В ╨▒╤Л╨╗ ╤Г╨▒╨╡╨╢╨┤╨╡╨╜, ╤З╤В╨╛ ┬л╨▓ ╨╝╨╛╨╗╨╛╨║╨╡ тАФ ╤Б╨╛╨▓╨╡╤А╤И╨╡╨╜╤Б╤В╨▓╨╛┬╗. ╨Т ╨а╨╛╤Б╤Б╨╕╨╕ ╨┐╤А╨╛╨╝╤Л╤И╨╗╨╡╨╜╨╜╨╛╨╡ ╨┐╤А╨╛╨╕╨╖╨▓╨╛╨┤╤Б╤В╨▓╨╛ ╨╝╨╛╨╗╨╛╨║╨░ ╨╕ ╨╝╨╛╨╗╨╛╤З╨╜╤Л╤Е ╨┐╤А╨╛╨┤╤Г╨║╤В╨╛╨▓ ╨╜╨░╤З╨░╨╗╨╛╤Б╤М ╨▓ XVIII ╨▓╨╡╨║╨╡. ╨г ╨╡╨│╨╛ ╨╕╤Б╤В╨╛╨║╨╛╨▓ ╤Б╤В╨╛╤П╨╗╨╕ ╨Э. ╨Э. ╨Ь╤Г╤А╨░╨▓╤М╨╡╨▓ ╨╕ ╨┐╨╛╨╖╨╢╨╡ тАФ ╨Э. ╨Т. ╨Т╨╡╤А╨╡╤Й╨░╨│╨╕╨╜. ╨Я╤А╨╕╨╝╨╡╤З╨░╤В╨╡╨╗╤М╨╜╨╛, ╤З╤В╨╛ ╨┤╨╡╨║╨░╨▒╤А╨╕╤Б╤В╤Л ╨▒╤А╨░╤В╤М╤П ╨С╨╡╨╗╤П╨╡╨▓╤Л ╨╛╤А╨│╨░╨╜╨╕╨╖╨╛╨▓╨░╨╗╨╕ ╨╝╨╛╨╗╨╛╤З╨╜╨╛╨╡ ╨┐╤А╨╛╨╕╨╖╨▓╨╛╨┤╤Б╤В╨▓╨╛, ╨┤╨░╨╢╨╡ ╨╜╨░╤Е╨╛╨┤╤П╤Б╤М ╨▓ ╤Б╨╕╨▒╨╕╤А╤Б╨║╨╛╨╣ ╤Б╤Б╤Л╨╗╨║╨╡.','2024-03-03 06:18:52.076958','2024-04-15 12:30:19.098695','photos/2024/03/03/7ae452d64b8527951bdcdab27e3a95263649bc92_ZZgt1CX.webp',1,12,0.0,0.0,0.0,0);
INSERT INTO products_products VALUES(14,'╨Ъ╤Г╨╝╤Л╤Б ╨б╨░╤А╨╢╨░╨╗╤Б╨║╨╕╨╣ 1╨╗','╨Ь╨╛╨╗╨╛╨║╨╛ ╨┤╨╛╨╝╨░╤И╨╜╨╕╤Е ╨╢╨╕╨▓╨╛╤В╨╜╤Л╤Е ╨┐╤А╨╕╤И╨╗╨╛ ╨▓ ╨╢╨╕╨╖╨╜╤М ╤З╨╡╨╗╨╛╨▓╨╡╨║╨░ ╨▓╨╝╨╡╤Б╤В╨╡ ╤Б ╤Б╨░╨╝╨╕╨╝╨╕ ╨╢╨╕╨▓╨╛╤В╨╜╤Л╨╝╨╕ ╨┐╤А╨╕╨╝╨╡╤А╨╜╨╛ 12 ╤В╤Л╤Б╤П╤З ╨╗╨╡╤В ╨╜╨░╨╖╨░╨┤ ╨╕ ╨╖╨░╨▓╨╛╨╡╨▓╨░╨╗╨╛ ╨▓╤Б╨╡╨╝╨╕╤А╨╜╤Г╤О ╨┐╨╛╨┐╤Г╨╗╤П╤А╨╜╨╛╤Б╤В╤М. ╨г╨╢╨╡ ╨║ ╤Б╨╡╤А╨╡╨┤╨╕╨╜╨╡ I ╤В╤Л╤Б╤П╤З╨╡╨╗╨╡╤В╨╕╤П ╨┤╨╛ ╨╜╨░╤И╨╡╨╣ ╤Н╤А╤Л ╨У╨╕╨┐╨┐╨╛╨║╤А╨░╤В ╨▒╤Л╨╗ ╤Г╨▒╨╡╨╢╨┤╨╡╨╜, ╤З╤В╨╛ ┬л╨▓ ╨╝╨╛╨╗╨╛╨║╨╡ тАФ ╤Б╨╛╨▓╨╡╤А╤И╨╡╨╜╤Б╤В╨▓╨╛┬╗. ╨Т ╨а╨╛╤Б╤Б╨╕╨╕ ╨┐╤А╨╛╨╝╤Л╤И╨╗╨╡╨╜╨╜╨╛╨╡ ╨┐╤А╨╛╨╕╨╖╨▓╨╛╨┤╤Б╤В╨▓╨╛ ╨╝╨╛╨╗╨╛╨║╨░ ╨╕ ╨╝╨╛╨╗╨╛╤З╨╜╤Л╤Е ╨┐╤А╨╛╨┤╤Г╨║╤В╨╛╨▓ ╨╜╨░╤З╨░╨╗╨╛╤Б╤М ╨▓ XVIII ╨▓╨╡╨║╨╡. ╨г ╨╡╨│╨╛ ╨╕╤Б╤В╨╛╨║╨╛╨▓ ╤Б╤В╨╛╤П╨╗╨╕ ╨Э. ╨Э. ╨Ь╤Г╤А╨░╨▓╤М╨╡╨▓ ╨╕ ╨┐╨╛╨╖╨╢╨╡ тАФ ╨Э. ╨Т. ╨Т╨╡╤А╨╡╤Й╨░╨│╨╕╨╜. ╨Я╤А╨╕╨╝╨╡╤З╨░╤В╨╡╨╗╤М╨╜╨╛, ╤З╤В╨╛ ╨┤╨╡╨║╨░╨▒╤А╨╕╤Б╤В╤Л ╨▒╤А╨░╤В╤М╤П ╨С╨╡╨╗╤П╨╡╨▓╤Л ╨╛╤А╨│╨░╨╜╨╕╨╖╨╛╨▓╨░╨╗╨╕ ╨╝╨╛╨╗╨╛╤З╨╜╨╛╨╡ ╨┐╤А╨╛╨╕╨╖╨▓╨╛╨┤╤Б╤В╨▓╨╛, ╨┤╨░╨╢╨╡ ╨╜╨░╤Е╨╛╨┤╤П╤Б╤М ╨▓ ╤Б╨╕╨▒╨╕╤А╤Б╨║╨╛╨╣ ╤Б╤Б╤Л╨╗╨║╨╡.','2024-03-03 06:19:07.953257','2024-03-03 06:19:07.953257','photos/2024/03/03/╨Ъ╤Г╨╝╤Л╤Б-4.jpg',1,12,0.0,0.0,0.0,0);
INSERT INTO products_products VALUES(15,'╨Ъ╤Г╨╝╤Л╤Б ╨Ц╨░╨╜╨░╨░╤А╨║╨╕╨╜╤Б╨║╨╕╨╣ ╨╜╨░ ╤А╨░╨╖╨╗╨╕╨▓ 1╨╗','╨Ь╨╛╨╗╨╛╨║╨╛ ╨┤╨╛╨╝╨░╤И╨╜╨╕╤Е ╨╢╨╕╨▓╨╛╤В╨╜╤Л╤Е ╨┐╤А╨╕╤И╨╗╨╛ ╨▓ ╨╢╨╕╨╖╨╜╤М ╤З╨╡╨╗╨╛╨▓╨╡╨║╨░ ╨▓╨╝╨╡╤Б╤В╨╡ ╤Б ╤Б╨░╨╝╨╕╨╝╨╕ ╨╢╨╕╨▓╨╛╤В╨╜╤Л╨╝╨╕ ╨┐╤А╨╕╨╝╨╡╤А╨╜╨╛ 12 ╤В╤Л╤Б╤П╤З ╨╗╨╡╤В ╨╜╨░╨╖╨░╨┤ ╨╕ ╨╖╨░╨▓╨╛╨╡╨▓╨░╨╗╨╛ ╨▓╤Б╨╡╨╝╨╕╤А╨╜╤Г╤О ╨┐╨╛╨┐╤Г╨╗╤П╤А╨╜╨╛╤Б╤В╤М. ╨г╨╢╨╡ ╨║ ╤Б╨╡╤А╨╡╨┤╨╕╨╜╨╡ I ╤В╤Л╤Б╤П╤З╨╡╨╗╨╡╤В╨╕╤П ╨┤╨╛ ╨╜╨░╤И╨╡╨╣ ╤Н╤А╤Л ╨У╨╕╨┐╨┐╨╛╨║╤А╨░╤В ╨▒╤Л╨╗ ╤Г╨▒╨╡╨╢╨┤╨╡╨╜, ╤З╤В╨╛ ┬л╨▓ ╨╝╨╛╨╗╨╛╨║╨╡ тАФ ╤Б╨╛╨▓╨╡╤А╤И╨╡╨╜╤Б╤В╨▓╨╛┬╗. ╨Т ╨а╨╛╤Б╤Б╨╕╨╕ ╨┐╤А╨╛╨╝╤Л╤И╨╗╨╡╨╜╨╜╨╛╨╡ ╨┐╤А╨╛╨╕╨╖╨▓╨╛╨┤╤Б╤В╨▓╨╛ ╨╝╨╛╨╗╨╛╨║╨░ ╨╕ ╨╝╨╛╨╗╨╛╤З╨╜╤Л╤Е ╨┐╤А╨╛╨┤╤Г╨║╤В╨╛╨▓ ╨╜╨░╤З╨░╨╗╨╛╤Б╤М ╨▓ XVIII ╨▓╨╡╨║╨╡. ╨г ╨╡╨│╨╛ ╨╕╤Б╤В╨╛╨║╨╛╨▓ ╤Б╤В╨╛╤П╨╗╨╕ ╨Э. ╨Э. ╨Ь╤Г╤А╨░╨▓╤М╨╡╨▓ ╨╕ ╨┐╨╛╨╖╨╢╨╡ тАФ ╨Э. ╨Т. ╨Т╨╡╤А╨╡╤Й╨░╨│╨╕╨╜. ╨Я╤А╨╕╨╝╨╡╤З╨░╤В╨╡╨╗╤М╨╜╨╛, ╤З╤В╨╛ ╨┤╨╡╨║╨░╨▒╤А╨╕╤Б╤В╤Л ╨▒╤А╨░╤В╤М╤П ╨С╨╡╨╗╤П╨╡╨▓╤Л ╨╛╤А╨│╨░╨╜╨╕╨╖╨╛╨▓╨░╨╗╨╕ ╨╝╨╛╨╗╨╛╤З╨╜╨╛╨╡ ╨┐╤А╨╛╨╕╨╖╨▓╨╛╨┤╤Б╤В╨▓╨╛, ╨┤╨░╨╢╨╡ ╨╜╨░╤Е╨╛╨┤╤П╤Б╤М ╨▓ ╤Б╨╕╨▒╨╕╤А╤Б╨║╨╛╨╣ ╤Б╤Б╤Л╨╗╨║╨╡.','2024-03-03 06:19:33.421315','2024-03-03 06:20:24.428468','photos/2024/03/03/╨Ъ╤Г╨╝╤Л╤Б-4_IkX585V.jpg',1,12,0.0,0.0,0.0,0);
INSERT INTO products_products VALUES(16,'╨Р╨╣╤А╨░╨╜ ╨┤╨╛╨╝╨░╤И╨╜╨╕╨╣ 1╨╗','╨Ь╨╛╨╗╨╛╨║╨╛ ╨┤╨╛╨╝╨░╤И╨╜╨╕╤Е ╨╢╨╕╨▓╨╛╤В╨╜╤Л╤Е ╨┐╤А╨╕╤И╨╗╨╛ ╨▓ ╨╢╨╕╨╖╨╜╤М ╤З╨╡╨╗╨╛╨▓╨╡╨║╨░ ╨▓╨╝╨╡╤Б╤В╨╡ ╤Б ╤Б╨░╨╝╨╕╨╝╨╕ ╨╢╨╕╨▓╨╛╤В╨╜╤Л╨╝╨╕ ╨┐╤А╨╕╨╝╨╡╤А╨╜╨╛ 12 ╤В╤Л╤Б╤П╤З ╨╗╨╡╤В ╨╜╨░╨╖╨░╨┤ ╨╕ ╨╖╨░╨▓╨╛╨╡╨▓╨░╨╗╨╛ ╨▓╤Б╨╡╨╝╨╕╤А╨╜╤Г╤О ╨┐╨╛╨┐╤Г╨╗╤П╤А╨╜╨╛╤Б╤В╤М. ╨г╨╢╨╡ ╨║ ╤Б╨╡╤А╨╡╨┤╨╕╨╜╨╡ I ╤В╤Л╤Б╤П╤З╨╡╨╗╨╡╤В╨╕╤П ╨┤╨╛ ╨╜╨░╤И╨╡╨╣ ╤Н╤А╤Л ╨У╨╕╨┐╨┐╨╛╨║╤А╨░╤В ╨▒╤Л╨╗ ╤Г╨▒╨╡╨╢╨┤╨╡╨╜, ╤З╤В╨╛ ┬л╨▓ ╨╝╨╛╨╗╨╛╨║╨╡ тАФ ╤Б╨╛╨▓╨╡╤А╤И╨╡╨╜╤Б╤В╨▓╨╛┬╗. ╨Т ╨а╨╛╤Б╤Б╨╕╨╕ ╨┐╤А╨╛╨╝╤Л╤И╨╗╨╡╨╜╨╜╨╛╨╡ ╨┐╤А╨╛╨╕╨╖╨▓╨╛╨┤╤Б╤В╨▓╨╛ ╨╝╨╛╨╗╨╛╨║╨░ ╨╕ ╨╝╨╛╨╗╨╛╤З╨╜╤Л╤Е ╨┐╤А╨╛╨┤╤Г╨║╤В╨╛╨▓ ╨╜╨░╤З╨░╨╗╨╛╤Б╤М ╨▓ XVIII ╨▓╨╡╨║╨╡. ╨г ╨╡╨│╨╛ ╨╕╤Б╤В╨╛╨║╨╛╨▓ ╤Б╤В╨╛╤П╨╗╨╕ ╨Э. ╨Э. ╨Ь╤Г╤А╨░╨▓╤М╨╡╨▓ ╨╕ ╨┐╨╛╨╖╨╢╨╡ тАФ ╨Э. ╨Т. ╨Т╨╡╤А╨╡╤Й╨░╨│╨╕╨╜. ╨Я╤А╨╕╨╝╨╡╤З╨░╤В╨╡╨╗╤М╨╜╨╛, ╤З╤В╨╛ ╨┤╨╡╨║╨░╨▒╤А╨╕╤Б╤В╤Л ╨▒╤А╨░╤В╤М╤П ╨С╨╡╨╗╤П╨╡╨▓╤Л ╨╛╤А╨│╨░╨╜╨╕╨╖╨╛╨▓╨░╨╗╨╕ ╨╝╨╛╨╗╨╛╤З╨╜╨╛╨╡ ╨┐╤А╨╛╨╕╨╖╨▓╨╛╨┤╤Б╤В╨▓╨╛, ╨┤╨░╨╢╨╡ ╨╜╨░╤Е╨╛╨┤╤П╤Б╤М ╨▓ ╤Б╨╕╨▒╨╕╤А╤Б╨║╨╛╨╣ ╤Б╤Б╤Л╨╗╨║╨╡.','2024-03-03 06:19:43.836918','2024-03-09 14:14:48.360292','photos/2024/03/03/30763121_1.jpg',1,12,0.0,0.0,0.0,0);
INSERT INTO products_products VALUES(17,'╨Р╨╣╤А╨░╨╜ ╨╜╨░ ╤А╨░╨╖╨╗╨╕╨▓ 2╨╗','╨Ь╨╛╨╗╨╛╨║╨╛ ╨┤╨╛╨╝╨░╤И╨╜╨╕╤Е ╨╢╨╕╨▓╨╛╤В╨╜╤Л╤Е ╨┐╤А╨╕╤И╨╗╨╛ ╨▓ ╨╢╨╕╨╖╨╜╤М ╤З╨╡╨╗╨╛╨▓╨╡╨║╨░ ╨▓╨╝╨╡╤Б╤В╨╡ ╤Б ╤Б╨░╨╝╨╕╨╝╨╕ ╨╢╨╕╨▓╨╛╤В╨╜╤Л╨╝╨╕ ╨┐╤А╨╕╨╝╨╡╤А╨╜╨╛ 12 ╤В╤Л╤Б╤П╤З ╨╗╨╡╤В ╨╜╨░╨╖╨░╨┤ ╨╕ ╨╖╨░╨▓╨╛╨╡╨▓╨░╨╗╨╛ ╨▓╤Б╨╡╨╝╨╕╤А╨╜╤Г╤О ╨┐╨╛╨┐╤Г╨╗╤П╤А╨╜╨╛╤Б╤В╤М. ╨г╨╢╨╡ ╨║ ╤Б╨╡╤А╨╡╨┤╨╕╨╜╨╡ I ╤В╤Л╤Б╤П╤З╨╡╨╗╨╡╤В╨╕╤П ╨┤╨╛ ╨╜╨░╤И╨╡╨╣ ╤Н╤А╤Л ╨У╨╕╨┐╨┐╨╛╨║╤А╨░╤В ╨▒╤Л╨╗ ╤Г╨▒╨╡╨╢╨┤╨╡╨╜, ╤З╤В╨╛ ┬л╨▓ ╨╝╨╛╨╗╨╛╨║╨╡ тАФ ╤Б╨╛╨▓╨╡╤А╤И╨╡╨╜╤Б╤В╨▓╨╛┬╗. ╨Т ╨а╨╛╤Б╤Б╨╕╨╕ ╨┐╤А╨╛╨╝╤Л╤И╨╗╨╡╨╜╨╜╨╛╨╡ ╨┐╤А╨╛╨╕╨╖╨▓╨╛╨┤╤Б╤В╨▓╨╛ ╨╝╨╛╨╗╨╛╨║╨░ ╨╕ ╨╝╨╛╨╗╨╛╤З╨╜╤Л╤Е ╨┐╤А╨╛╨┤╤Г╨║╤В╨╛╨▓ ╨╜╨░╤З╨░╨╗╨╛╤Б╤М ╨▓ XVIII ╨▓╨╡╨║╨╡. ╨г ╨╡╨│╨╛ ╨╕╤Б╤В╨╛╨║╨╛╨▓ ╤Б╤В╨╛╤П╨╗╨╕ ╨Э. ╨Э. ╨Ь╤Г╤А╨░╨▓╤М╨╡╨▓ ╨╕ ╨┐╨╛╨╖╨╢╨╡ тАФ ╨Э. ╨Т. ╨Т╨╡╤А╨╡╤Й╨░╨│╨╕╨╜. ╨Я╤А╨╕╨╝╨╡╤З╨░╤В╨╡╨╗╤М╨╜╨╛, ╤З╤В╨╛ ╨┤╨╡╨║╨░╨▒╤А╨╕╤Б╤В╤Л ╨▒╤А╨░╤В╤М╤П ╨С╨╡╨╗╤П╨╡╨▓╤Л ╨╛╤А╨│╨░╨╜╨╕╨╖╨╛╨▓╨░╨╗╨╕ ╨╝╨╛╨╗╨╛╤З╨╜╨╛╨╡ ╨┐╤А╨╛╨╕╨╖╨▓╨╛╨┤╤Б╤В╨▓╨╛, ╨┤╨░╨╢╨╡ ╨╜╨░╤Е╨╛╨┤╤П╤Б╤М ╨▓ ╤Б╨╕╨▒╨╕╤А╤Б╨║╨╛╨╣ ╤Б╤Б╤Л╨╗╨║╨╡.','2024-03-03 06:20:01.159934','2024-03-03 06:20:01.159934','photos/2024/03/03/30763121_1_fwCJ4fY.jpg',1,12,0.0,0.0,0.0,0);
INSERT INTO products_products VALUES(18,'╨Я╨╛╨╝╨╕╨┤╨╛╤А╤Л ╨Т╤Л╤Б╤И╨╕╨╣ ╤Б╨╛╤А╤В','╨Я╨╛╨╝╨╕╨┤╨╛╤А╤Л ╨Т╤Л╤Б╤И╨╕╨╣ ╤Б╨╛╤А╤В','2024-03-03 12:22:10.893036','2024-03-09 14:15:01.930612','photos/2024/03/03/2cac9aec-ab64-4b8b-b578-7ade35a637c2_KtqhxtC.webp',1,17,0.0,0.0,0.0,0);
INSERT INTO products_products VALUES(19,'╨б╤В╨╡╨╣╨║ ╨в╨╕╨▒╨╛╨╜ 400 ╨│╤А.','╨в╨╕╨▒╨╛╨╜-╤Б╤В╨╡╨╣╨║ (T-bone) - ╤В╤П╨╢╨╡╨╗╤Л╨╣ ╨╕ ╤Б╤Л╤В╨╜╤Л╨╣ ╤Б╤В╨╡╨╣╨║, ╨║╨╛╤В╨╛╤А╤Л╨╣ ╨┐╨╛╨╗╤Г╤З╨╕╨╗ ╤Б╨▓╨╛╨╡ ╨╜╨░╨╖╨▓╨░╨╜╨╕╨╡ ╨╖╨░ ╨в-╨╛╨▒╤А╨░╨╖╨╜╤Г╤О ╨║╨╛╤Б╤В╨╛╤З╨║╤Г. ╨Ю╨╜╨░ ╤А╨░╨╖╨┤╨╡╨╗╤П╨╡╤В ╨▓ ╨╜╨╡╨╝ ╨┤╨▓╨░ ╤А╨░╨╖╨╜╤Л╤Е ╨▓╨╕╨┤╨░ ╨╝╤П╤Б╨░: ╤Д╨╕╨╗╨╡╨╣╨╜╨╛╨╡ ╤Б ╤В╨╛╨╜╨║╨╛╨│╨╛ ╨║╤А╨░╤П (╤Б╤В╤А╨╕╨┐╨╗╨╛╨╣╨╜╨░), ╨╛╨▒╨╗╨░╨┤╨░╤О╤Й╨╡╨╡ ╤Б╨░╨╝╤Л╨╝ ╨▓╤Л╤А╨░╨╢╨╡╨╜╨╜╤Л╨╝ "╨│╨╛╨▓╤П╨╢╤М╨╕╨╝" ╨▓╨║╤Г╤Б╨╛╨╝, ╨╕ ╨╜╨╡╨╢╨╜╨╛╨╡ ╨╝╤П╤Б╨╛ ╤Б╤А╨╡╨┤╨╜╨╡╨╣ ╤З╨░╤Б╤В╨╕ ╨▓╤Л╤А╨╡╨╖╨║╨╕.','2024-03-10 17:59:04.395694','2024-04-30 14:43:55.047990','photos/2024/03/10/╤Б╤В╨╡╨╕╨║_╤А╨╡╤Б╤В╨╛╤А╨░╨╜.jpeg',1,19,0.0,0.0,0.0,0);
INSERT INTO products_products VALUES(20,'╨С╤Г╤А╨│╨╡╤А ╨╛╤В ╨и╨╡╤Д ╨┐╨╛╨▓╨░╤А╨░ ╤А╨╡╤Б╤В╨╛╤А╨░╨╜╨░','╨Ч╨░╨▓╨╡╨┤╨╡╨╜╨╕╨╡ ╨▓ ╤Б╤В╨╕╨╗╨╡ ╨░╨╝╨╡╤А╨╕╨║╨░╨╜╤Б╨║╨╛╨╣ ╨▒╤Г╤А╨│╨╡╤А╨╜╨╛╨╣, ╨│╨┤╨╡ ╨╝╨╛╨╢╨╜╨╛ ╨┐╨╛╨┐╤А╨╛╨▒╨╛╨▓╨░╤В╤М ╤Н╤В╨╛╤В ╤Д╨░╤Б╤В-╤Д╤Г╨┤ ╤Б ╨┐╤А╨╕╨║╨╛╨╗╤М╨╜╤Л╨╝╨╕ ╨╜╨░╨╖╨▓╨░╨╜╨╕╤П╨╝╨╕. ╨Э╨░╨┐╤А╨╕╨╝╨╡╤А, ╨▒╤Г╤А╨│╨╡╤А ┬л╨Р╨╜╤В╨╛╨╜┬╗. ╨Т╤Б╨╡╨│╨╛ ╨╕╤Е ╨╛╨║╨╛╨╗╨╛ 8 ╤А╨░╨╖╨╜╨╛╨▓╨╕╨┤╨╜╨╛╤Б╤В╨╡╨╣: ╤Б ╨╝╤А╨░╨╝╨╛╤А╨╜╨╛╨╣ ╨│╨╛╨▓╤П╨┤╨╕╨╜╨╛╨╣, ╤А╤Г╨▒╨╗╨╡╨╜╨╜╨╛╨╣ ╨▒╨░╤А╨░╨╜╨╕╨╜╨╛╨╣, ╨║╨╛╤В╨╗╨╡╤В╨╛╨╣ ╨╕╨╖ ╨║╨╛╨╜╨╕╨╜╤Л ╨╕╨╗╨╕ ╨╕╨╜╨┤╨╡╨╣╨║╨╕ ╨╕ ╨┤╨░╨╢╨╡ ╨║╤А╨╡╨▓╨╡╤В╨║╨╕ ╨▓ ╨┐╨░╨╜╨╕╤А╨╛╨▓╨║╨╡ ╤Б ╤А╨░╨╖╨╜╤Л╨╝╨╕ ╨╛╨▓╨╛╤Й╨░╨╝╨╕ ╨╕ ╤Б╨╛╤Г╤Б╨╛╨╝.','2024-03-10 17:59:42.733106','2024-05-14 06:18:29.809732','photos/2024/03/10/╤Б╤В╨╡╨╕╨║.jpg',1,19,9.0,20.0,12.0,1);
INSERT INTO products_products VALUES(21,'╨г╤Б╨╗╤Г╨│╨╕ ╤Б╨░╨╜╤В╨╡╤Е╨╜╨╕╨║╨░','╨С╤Л╤Б╤В╤А╨╛, ╨║╨░╤З╨╡╤Б╤В╨▓╨╡╨╜╨╜╨╛, ╨╜╨╡╨┤╨╛╤А╨╛╨│╨╛','2024-04-21 13:25:04.302786','2024-04-21 13:29:55.333657','photos/2024/04/21/╤Б╨░╨╜╤В╨╡╤Е╨╜╨╕╨║-╨║╨╛╤Б╤И╤Л-╨░╤Б╤В╨░╨╜╨░_gJJTwoG.webp',1,18,0.0,0.0,0.0,0);
CREATE TABLE IF NOT EXISTS "products_category" ("id" integer NOT NULL PRIMARY KEY AUTOINCREMENT, "title" varchar(100) NOT NULL, "lft" integer unsigned NOT NULL CHECK ("lft" >= 0), "rght" integer unsigned NOT NULL CHECK ("rght" >= 0), "tree_id" integer unsigned NOT NULL CHECK ("tree_id" >= 0), "level" integer unsigned NOT NULL CHECK ("level" >= 0), "photo" varchar(100) NOT NULL, "common_type_category_id" bigint NULL REFERENCES "products_commontypeofcategory" ("id") DEFERRABLE INITIALLY DEFERRED, "parent_id" bigint NULL REFERENCES "products_category" ("id") DEFERRABLE INITIALLY DEFERRED);
INSERT INTO products_category VALUES(1,'╨Ь╤П╤Б╨╜╤Л╨╡ ╨╕╨╖╨┤╨╡╨╗╨╕╤П',1,2,7,0,'photos/2024/03/02/meet_icon.png',1,NULL);
INSERT INTO products_category VALUES(5,'╨е╨╗╨╡╨▒╨╜╤Л╨╡ ╨╕╨╖╨┤╨╡╨╗╨╕╤П',1,2,13,0,'photos/2024/03/02/hleb_icon.png',1,NULL);
INSERT INTO products_category VALUES(6,'╨Ю╨▓╨╛╤Й╨╕',1,4,9,0,'photos/2024/03/02/vegetables_icon.png',1,NULL);
INSERT INTO products_category VALUES(7,'╨Ш╨│╤А╤Г╤И╨║╨╕',1,4,2,0,'photos/2024/03/02/toys_icon.png',3,NULL);
INSERT INTO products_category VALUES(8,'╨Ю╤А╨╡╤Е╨╕',1,2,10,0,'photos/2024/03/02/nuts_icon.png',1,NULL);
INSERT INTO products_category VALUES(9,'╨Э╨░╨┐╨╕╤В╨║╨╕ ╨╕ ╤Б╨╛╨║╨╕',1,2,8,0,'photos/2024/03/02/cola_icon.png',1,NULL);
INSERT INTO products_category VALUES(10,'╨Ь╤Г╤З╨╜╤Л╨╡ ╨┐╤А╨╛╨┤╤Г╨║╤В╤Л',1,2,5,0,'photos/2024/03/02/muka_icon.png',1,NULL);
INSERT INTO products_category VALUES(11,'╨У╤А╨╕╨▒╤Л',1,2,1,0,'photos/2024/03/02/grib_icon.png',1,NULL);
INSERT INTO products_category VALUES(12,'╨Ь╨╛╨╗╨╛╤З╨╜╤Л╨╡ ╨┐╤А╨╛╨┤╤Г╨║╤В╤Л',1,2,4,0,'photos/2024/03/02/milk_icon.png',1,NULL);
INSERT INTO products_category VALUES(13,'╨п╨╣╤Ж╨░',1,2,14,0,'photos/2024/03/02/eggs_icon.png',1,NULL);
INSERT INTO products_category VALUES(14,'╨Ъ╤Г╤А╨╕╤Ж╨░',1,2,3,0,'photos/2024/03/02/chicken_icon.png',1,NULL);
INSERT INTO products_category VALUES(15,'╨а╤Л╨▒╨╜╤Л╨╡ ╨╕╨╖╨┤╨╡╨╜╨╕╤П',1,2,11,0,'photos/2024/03/02/fish_icon.png',1,NULL);
INSERT INTO products_category VALUES(16,'╨Я╨╗╨░╤Б╤В╨╕╨║╨╛╨▓╤Л╨╡ ╨╕╨│╤А╤Г╤И╨║╨╕',2,3,2,1,'',1,7);
INSERT INTO products_category VALUES(17,'╨Я╨╛╨╝╨╕╨┤╨╛╤А╤Л',2,3,9,1,'photos/2024/03/03/2cac9aec-ab64-4b8b-b578-7ade35a637c2.webp',1,6);
INSERT INTO products_category VALUES(18,'╨б╨░╨╜╤В╨╡╤Е╨╜╨╕╨║╨░',1,2,12,0,'photos/2024/04/21/╤Б╨░╨╜╤В╨╡╤Е╨╜╨╕╨║-╨║╨╛╤Б╤И╤Л-╨░╤Б╤В╨░╨╜╨░.webp',4,NULL);
INSERT INTO products_category VALUES(19,'╨Ь╤П╤Б╨╜╤Л╨╡ ╨▒╨╗╤О╨┤╨░',1,2,6,0,'',5,NULL);
CREATE TABLE IF NOT EXISTS "faq_faq" ("id" integer NOT NULL PRIMARY KEY AUTOINCREMENT, "question" varchar(99) NOT NULL, "answer" text NOT NULL, "created_at" datetime NOT NULL, "updated_at" datetime NOT NULL, "is_published" bool NOT NULL);
INSERT INTO faq_faq VALUES(1,'╨Ъ╨░╨║ ╤П ╨╝╨╛╨│╤Г ╨╛╤В╤Б╨╗╨╡╨╢╨╕╨▓╨░╤В╤М ╤Б╨▓╨╛╨╣ ╨╖╨░╨║╨░╨╖?','╨Я╨╛╤Б╨╗╨╡ ╨╛╤Д╨╛╤А╨╝╨╗╨╡╨╜╨╕╤П ╨╖╨░╨║╨░╨╖╨░ ╨▓╤Л ╨┐╨╛╨╗╤Г╤З╨╕╤В╨╡ ╨╜╨╛╨╝╨╡╤А ╨┤╨╗╤П ╨╛╤В╤Б╨╗╨╡╨╢╨╕╨▓╨░╨╜╨╕╤П ╨┐╨╛ ╤Н╨╗╨╡╨║╤В╤А╨╛╨╜╨╜╨╛╨╣ ╨┐╨╛╤З╤В╨╡. ╨Т╤Л ╨╝╨╛╨╢╨╡╤В╨╡ ╨╕╤Б╨┐╨╛╨╗╤М╨╖╨╛╨▓╨░╤В╤М ╤Н╤В╨╛╤В ╨╜╨╛╨╝╨╡╤А ╨╜╨░ ╨╜╨░╤И╨╡╨╝ ╤Б╨░╨╣╤В╨╡ ╨▓ ╤А╨░╨╖╨┤╨╡╨╗╨╡ "╨Ю╤В╤Б╨╗╨╡╨╢╨╕╨▓╨░╨╜╨╕╨╡ ╨╖╨░╨║╨░╨╖╨░" ╨┤╨╗╤П ╨┐╤А╨╛╨▓╨╡╤А╨║╨╕ ╤Б╤В╨░╤В╤Г╤Б╨░ ╨▓╨░╤И╨╡╨│╨╛ ╨╖╨░╨║╨░╨╖╨░.','2024-05-03 10:54:55.584204','2024-05-03 11:01:50.569599',1);
INSERT INTO faq_faq VALUES(2,'╨Ъ╨░╨║╨╕╨╡ ╤Б╨┐╨╛╤Б╨╛╨▒╤Л ╨╛╨┐╨╗╨░╤В╤Л ╨▓╤Л ╨┐╤А╨╕╨╜╨╕╨╝╨░╨╡╤В╨╡?','╨Ь╤Л ╨┐╤А╨╕╨╜╨╕╨╝╨░╨╡╨╝ ╨╝╨╜╨╛╨╢╨╡╤Б╤В╨▓╨╛ ╤Б╨┐╨╛╤Б╨╛╨▒╨╛╨▓ ╨╛╨┐╨╗╨░╤В╤Л, ╨▓╨║╨╗╤О╤З╨░╤П ╨║╤А╨╡╨┤╨╕╤В╨╜╤Л╨╡ ╨║╨░╤А╤В╤Л, ╨┤╨╡╨▒╨╡╤В╨╛╨▓╤Л╨╡ ╨║╨░╤А╤В╤Л, PayPal ╨╕ ╨┐╤А╤П╨╝╤Л╨╡ ╨▒╨░╨╜╨║╨╛╨▓╤Б╨║╨╕╨╡ ╨┐╨╡╤А╨╡╨▓╨╛╨┤╤Л.','2024-05-03 10:55:04.461173','2024-05-03 11:01:57.195456',1);
INSERT INTO faq_faq VALUES(3,'╨Ь╨╛╨│╤Г ╨╗╨╕ ╤П ╨╕╨╖╨╝╨╡╨╜╨╕╤В╤М ╨╕╨╗╨╕ ╨╛╤В╨╝╨╡╨╜╨╕╤В╤М ╨╖╨░╨║╨░╨╖ ╨┐╨╛╤Б╨╗╨╡ ╨╡╨│╨╛ ╨╛╤Д╨╛╤А╨╝╨╗╨╡╨╜╨╕╤П?','╨Ч╨░╨║╨░╨╖╤Л ╨╝╨╛╨╢╨╜╨╛ ╨╕╨╖╨╝╨╡╨╜╤П╤В╤М ╨╕╨╗╨╕ ╨╛╤В╨╝╨╡╨╜╤П╤В╤М ╨▓ ╤В╨╡╤З╨╡╨╜╨╕╨╡ 24 ╤З╨░╤Б╨╛╨▓ ╨┐╨╛╤Б╨╗╨╡ ╨╛╤Д╨╛╤А╨╝╨╗╨╡╨╜╨╕╤П. ╨Я╨╛╨╢╨░╨╗╤Г╨╣╤Б╤В╨░, ╤Б╨▓╤П╨╢╨╕╤В╨╡╤Б╤М ╤Б ╨╜╨░╤И╨╡╨╣ ╤Б╨╗╤Г╨╢╨▒╨╛╨╣ ╨┐╨╛╨┤╨┤╨╡╤А╨╢╨║╨╕ ╨┐╨╛ ╤В╨╡╨╗╨╡╤Д╨╛╨╜╤Г ╨╕╨╗╨╕ ╤Н╨╗╨╡╨║╤В╤А╨╛╨╜╨╜╨╛╨╣ ╨┐╨╛╤З╤В╨╡ ╨┤╨╗╤П ╨┤╨░╨╗╤М╨╜╨╡╨╣╤И╨╕╤Е ╨╕╨╜╤Б╤В╤А╤Г╨║╤Ж╨╕╨╣.','2024-05-03 10:55:15.225287','2024-05-03 11:02:04.405548',1);
INSERT INTO faq_faq VALUES(4,'╨Ъ╨░╨║╨╕╨╡ ╤Г╤Б╨╗╨╛╨▓╨╕╤П ╨▓╨╛╨╖╨▓╤А╨░╤В╨░ ╤В╨╛╨▓╨░╤А╨░?','╨в╨╛╨▓╨░╤А╤Л ╨╝╨╛╨│╤Г╤В ╨▒╤Л╤В╤М ╨▓╨╛╨╖╨▓╤А╨░╤Й╨╡╨╜╤Л ╨▓ ╤В╨╡╤З╨╡╨╜╨╕╨╡ 30 ╨┤╨╜╨╡╨╣ ╨┐╨╛╤Б╨╗╨╡ ╨┐╨╛╨║╤Г╨┐╨║╨╕ ╨┐╤А╨╕ ╤Г╤Б╨╗╨╛╨▓╨╕╨╕, ╤З╤В╨╛ ╨╛╨╜╨╕ ╨╜╨╡ ╨╕╤Б╨┐╨╛╨╗╤М╨╖╨╛╨▓╨░╨╗╨╕╤Б╤М ╨╕ ╨╜╨░╤Е╨╛╨┤╤П╤В╤Б╤П ╨▓ ╨╛╤А╨╕╨│╨╕╨╜╨░╨╗╤М╨╜╨╛╨╣ ╤Г╨┐╨░╨║╨╛╨▓╨║╨╡. ╨Я╨╛╨╗╨╜╤Г╤О ╨╕╨╜╤Д╨╛╤А╨╝╨░╤Ж╨╕╤О ╨╛ ╨┐╤А╨╛╤Ж╨╡╤Б╤Б╨╡ ╨▓╨╛╨╖╨▓╤А╨░╤В╨░ ╨╝╨╛╨╢╨╜╨╛ ╨╜╨░╨╣╤В╨╕ ╨╜╨░ ╤Б╤В╤А╨░╨╜╨╕╤Ж╨╡ "╨Я╨╛╨╗╨╕╤В╨╕╨║╨░ ╨▓╨╛╨╖╨▓╤А╨░╤В╨░".','2024-05-03 11:02:10.406444','2024-05-03 11:02:10.406444',1);
INSERT INTO faq_faq VALUES(5,'╨Ъ╨░╨║╨╛╨▓╤Л ╤Б╤А╨╛╨║╨╕ ╨┤╨╛╤Б╤В╨░╨▓╨║╨╕?','╨б╤В╨░╨╜╨┤╨░╤А╤В╨╜╨░╤П ╨┤╨╛╤Б╤В╨░╨▓╨║╨░ ╨╖╨░╨╜╨╕╨╝╨░╨╡╤В ╨╛╤В 3 ╨┤╨╛ 7 ╤А╨░╨▒╨╛╤З╨╕╤Е ╨┤╨╜╨╡╨╣. ╨б╤Г╤Й╨╡╤Б╤В╨▓╤Г╤О╤В ╤В╨░╨║╨╢╨╡ ╨╛╨┐╤Ж╨╕╨╕ ╤Н╨║╤Б╨┐╤А╨╡╤Б╤Б-╨┤╨╛╤Б╤В╨░╨▓╨║╨╕, ╨║╨╛╤В╨╛╤А╤Л╨╡ ╨╝╨╛╨╢╨╜╨╛ ╨▓╤Л╨▒╤А╨░╤В╤М ╨┐╤А╨╕ ╨╛╤Д╨╛╤А╨╝╨╗╨╡╨╜╨╕╨╕ ╨╖╨░╨║╨░╨╖╨░.','2024-05-03 11:02:16.211784','2024-05-03 11:02:16.211784',1);
INSERT INTO faq_faq VALUES(6,'╨Ъ╨░╨║ ╨╝╨╜╨╡ ╤Г╨╖╨╜╨░╤В╤М ╤А╨░╨╖╨╝╨╡╤А╤Л ╨╛╨┤╨╡╨╢╨┤╤Л ╨╕╨╗╨╕ ╨╛╨▒╤Г╨▓╨╕?','╨Т ╨║╨░╨╢╨┤╨╛╨╝ ╨╛╨┐╨╕╤Б╨░╨╜╨╕╨╕ ╤В╨╛╨▓╨░╤А╨░ ╨╡╤Б╤В╤М ╤Б╤Б╤Л╨╗╨║╨░ ╨╜╨░ ╤В╨░╨▒╨╗╨╕╤Ж╤Г ╤А╨░╨╖╨╝╨╡╤А╨╛╨▓, ╨║╨╛╤В╨╛╤А╨░╤П ╨┐╨╛╨╝╨╛╨╢╨╡╤В ╨▓╨░╨╝ ╨▓╤Л╨▒╤А╨░╤В╤М ╨┐╤А╨░╨▓╨╕╨╗╤М╨╜╤Л╨╣ ╤А╨░╨╖╨╝╨╡╤А.','2024-05-03 11:02:22.838440','2024-05-03 11:02:22.838440',1);
INSERT INTO faq_faq VALUES(7,'╨з╤В╨╛ ╨┤╨╡╨╗╨░╤В╤М, ╨╡╤Б╨╗╨╕ ╨┐╨╛╨╗╤Г╤З╨╡╨╜╨╜╤Л╨╣ ╤В╨╛╨▓╨░╤А ╨┐╨╛╨▓╤А╨╡╨╢╨┤╨╡╨╜?','╨Х╤Б╨╗╨╕ ╨▓╤Л ╨┐╨╛╨╗╤Г╤З╨╕╨╗╨╕ ╨┐╨╛╨▓╤А╨╡╨╢╨┤╨╡╨╜╨╜╤Л╨╣ ╤В╨╛╨▓╨░╤А, ╨┐╨╛╨╢╨░╨╗╤Г╨╣╤Б╤В╨░, ╤Б╤А╨░╨╖╤Г ╨╢╨╡ ╤Б╨╛╨╛╨▒╤Й╨╕╤В╨╡ ╨╛╨▒ ╤Н╤В╨╛╨╝ ╨▓ ╨╜╨░╤И╤Г ╤Б╨╗╤Г╨╢╨▒╤Г ╨┐╨╛╨┤╨┤╨╡╤А╨╢╨║╨╕ ╤Б ╤Д╨╛╤В╨╛╨│╤А╨░╤Д╨╕╤П╨╝╨╕ ╨┐╨╛╨▓╤А╨╡╨╢╨┤╨╡╨╜╨╜╨╛╨│╨╛ ╤В╨╛╨▓╨░╤А╨░ ╨┤╨╗╤П ╨▒╤Л╤Б╤В╤А╨╛╨│╨╛ ╤А╨╡╤И╨╡╨╜╨╕╤П ╨▓╨╛╨┐╤А╨╛╤Б╨░.','2024-05-03 11:02:30.599830','2024-05-03 11:02:30.599830',1);
CREATE TABLE IF NOT EXISTS "faq_faqcontactform" ("id" integer NOT NULL PRIMARY KEY AUTOINCREMENT, "email" varchar(300) NOT NULL, "fio" varchar(300) NOT NULL, "question" text NOT NULL, "created_at" datetime NOT NULL, "updated_at" datetime NOT NULL);
INSERT INTO faq_faqcontactform VALUES(1,'taimansaidaliev@gmail.com','╨б╨░╨╣╨┤╨░╨╗╨╕╨╡╨▓ ╨в╨░╨╣╨╝╨░╨╜','╨Т╨╛╨┐╤А╨╛╤Б 1','2024-05-03 11:26:52.187399','2024-05-03 11:26:52.187399');
INSERT INTO faq_faqcontactform VALUES(8,'st_taiman@list.ru','╨в╨░╨╣╨╝╨░╨╜ ╨б╨░╨╣╨┤╨░╨╗╨╕╨╡╨▓','╨б╨╛╨╛╨▒╤Й╨╡╨╜╨╕╨╡','2024-05-03 12:07:32.934717','2024-05-03 12:07:32.934717');
INSERT INTO faq_faqcontactform VALUES(9,'st_taiman@list.ru','╨в╨░╨╣╨╝╨░╨╜ ╨б╨░╨╣╨┤╨░╨╗╨╕╨╡╨▓','╨Т╨╛╨┐╤А╨╛╤Б ╨╜╨╛╨▓╤Л╨╣','2024-05-03 12:08:01.047420','2024-05-03 12:08:01.047420');
INSERT INTO faq_faqcontactform VALUES(10,'st_taiman@list.ru','╨в╨░╨╣╨╝╨░╨╜ ╨б╨░╨╣╨┤╨░╨╗╨╕╨╡╨▓','sdfgasdfasd','2024-05-03 12:09:45.448223','2024-05-03 12:09:45.448223');
INSERT INTO faq_faqcontactform VALUES(11,'st_taiman@list.ru','╨в╨░╨╣╨╝╨░╨╜ ╨б╨░╨╣╨┤╨░╨╗╨╕╨╡╨▓','123','2024-05-03 12:11:20.042111','2024-05-03 12:11:20.042111');
INSERT INTO faq_faqcontactform VALUES(12,'st_taiman@list.ru','Taiman','asjdbgjksdbfkgbsd','2024-05-05 11:45:20.563949','2024-05-05 11:45:20.563949');
INSERT INTO faq_faqcontactform VALUES(13,'st_taiman@list.ru','aihgsbrdgh','siegrbsbhergilwoirgd','2024-05-14 06:00:43.423265','2024-05-14 06:00:43.423265');
INSERT INTO faq_faqcontactform VALUES(14,'st_taiman@list.ru','╨д╨░╤А╨╕╨╖╨░╤В','╨Ъ╤В╨╛ ╤Е╨╛╤З╨╡╤В ╨▒╤Г╤А╨│╨╡╤А?','2024-05-14 06:01:05.855095','2024-05-14 06:01:05.855095');
CREATE TABLE IF NOT EXISTS "subscription_subscriptionemail" ("id" integer NOT NULL PRIMARY KEY AUTOINCREMENT, "email" varchar(99) NOT NULL, "created_at" datetime NOT NULL, "updated_at" datetime NOT NULL);
INSERT INTO subscription_subscriptionemail VALUES(1,'taimansaidaliev@gmail.com','2024-05-03 12:25:57.695844','2024-05-03 12:25:57.695844');
INSERT INTO subscription_subscriptionemail VALUES(2,'taimansaidaliev@gmail.com','2024-05-03 12:26:28.338601','2024-05-03 12:26:28.338601');
INSERT INTO subscription_subscriptionemail VALUES(3,'st_taiman@list.ru','2024-05-03 12:31:08.712811','2024-05-03 12:31:08.713850');
INSERT INTO subscription_subscriptionemail VALUES(4,'tim2@mail.com','2024-05-03 12:31:19.925240','2024-05-03 12:31:19.925240');
INSERT INTO subscription_subscriptionemail VALUES(5,'taimansaidaliev@gmail.com','2024-05-04 08:48:35.886433','2024-05-04 08:48:35.886433');
INSERT INTO subscription_subscriptionemail VALUES(6,'st_taiman@list.ru','2024-05-05 11:45:02.351168','2024-05-05 11:45:02.351168');
INSERT INTO subscription_subscriptionemail VALUES(7,'taimansaidaliev@gmail.com','2024-05-14 06:04:12.260355','2024-05-14 06:04:12.260355');
CREATE TABLE IF NOT EXISTS "pages_page" ("id" integer NOT NULL PRIMARY KEY AUTOINCREMENT, "title" varchar(99) NOT NULL, "slug" varchar(99) NOT NULL, "created_at" datetime NOT NULL, "updated_at" datetime NOT NULL, "photo" varchar(100) NOT NULL, "is_published" bool NOT NULL, "content" text NOT NULL);
INSERT INTO pages_page VALUES(1,'╨б╤В╨░╤В╤М ╨┐╨░╤А╤В╨╜╨╡╤А╨╛╨╝','partnership','2024-05-03 12:41:13.874477','2024-05-13 06:06:01.217760','photos/2024/05/03/banner4.png',1,replace(replace('╨Ф╨╗╤П ╨╛╤В╨╛╨▒╤А╨░╨╢╨╡╨╜╨╕╤П HTML-╨║╨╛╨╜╤В╨╡╨╜╤В╨░ ╨▓ React, ╨║╨╛╤В╨╛╤А╤Л╨╣ ╤Е╤А╨░╨╜╨╕╤В╤Б╤П ╨▓ ╨┐╨╡╤А╨╡╨╝╨╡╨╜╨╜╨╛╨╣ ╨╕╨╗╨╕ ╨┐╤А╨╕╤Е╨╛╨┤╨╕╤В ╨╕╨╖ API, ╨╜╤Г╨╢╨╜╨╛ ╨▓╨╛╤Б╨┐╨╛╨╗╤М╨╖╨╛╨▓╨░╤В╤М╤Б╤П ╨░╤В╤А╨╕╨▒╤Г╤В╨╛╨╝ dangerouslySetInnerHTML. ╨н╤В╨╛╤В ╨░╤В╤А╨╕╨▒╤Г╤В ╨┐╨╛╨╖╨▓╨╛╨╗╤П╨╡╤В ╨▓╤Б╤В╨░╨▓╨╕╤В╤М "╤Б╤Л╤А╨╛╨╣" HTML ╨▓ ╨▓╨░╤И ╨║╨╛╨╝╨┐╨╛╨╜╨╡╨╜╤В. ╨Ю╨╜ ╨╜╨░╨╖╤Л╨▓╨░╨╡╤В╤Б╤П "╨╛╨┐╨░╤Б╨╜╤Л╨╝", ╨┐╨╛╤В╨╛╨╝╤Г ╤З╤В╨╛ ╨▓╤Б╤В╨░╨▓╨║╨░ HTML ╨╕╨╖ ╨╜╨╡╨╜╨░╨┤╨╡╨╢╨╜╤Л╤Е ╨╕╤Б╤В╨╛╤З╨╜╨╕╨║╨╛╨▓ ╨╝╨╛╨╢╨╡╤В ╨┐╤А╨╕╨▓╨╡╤Б╤В╨╕ ╨║ XSS-╨░╤В╨░╨║╨░╨╝ (╨╝╨╡╨╢╤Б╨░╨╣╤В╨╛╨▓╤Л╨╝ ╤Б╨║╤А╨╕╨┐╤В╨╕╨╜╨│╨╛╨╝), ╨┐╨╛╤Н╤В╨╛╨╝╤Г ╨╜╤Г╨╢╨╜╨╛ ╨▒╤Л╤В╤М ╤Г╨▓╨╡╤А╨╡╨╜╨╜╤Л╨╝ ╨▓ ╨▒╨╡╨╖╨╛╨┐╨░╤Б╨╜╨╛╤Б╤В╨╕ ╨╕╤Б╤В╨╛╤З╨╜╨╕╨║╨░ ╨┤╨░╨╜╨╜╤Л╤Е.\r\n\r\n╨Ъ╨░╨║ ╨╕╤Б╨┐╨╛╨╗╤М╨╖╨╛╨▓╨░╤В╤М dangerouslySetInnerHTML:\r\n╨Т ╨▓╨░╤И╨╡╨╝ ╤Б╨╗╤Г╤З╨░╨╡, ╨┤╨╗╤П ╤В╨╛╨│╨╛ ╤З╤В╨╛╨▒╤Л ╨╛╤В╨╛╨▒╤А╨░╨╖╨╕╤В╤М HTML ╤Б╨╛╨┤╨╡╤А╨╢╨╕╨╝╨╛╨╡ ╨┐╨╛╨╗╤П page.content, ╨▓╤Л ╨╝╨╛╨╢╨╡╤В╨╡ ╨╕╨╖╨╝╨╡╨╜╨╕╤В╤М ╨▓╨░╤И ╨║╨╛╨╝╨┐╨╛╨╜╨╡╨╜╤В ╤Б╨╗╨╡╨┤╤Г╤О╤Й╨╕╨╝ ╨╛╨▒╤А╨░╨╖╨╛╨╝:\r\n\r\njavascript\r\nCopy code\r\nimport { Breadcrumb } from "@/components";\r\nimport { usePageBySlug } from "@/hooks/useData";\r\nimport { useParams } from "react-router-dom";\r\n\r\nexport default function Page() {\r\n  const { pageSlug } = useParams();\r\n  const {data: page} = usePageBySlug({slug: pageSlug?.toString() ?? ''''});\r\n\r\n  return (\r\n      <>\r\n        <Breadcrumb title="╨Я╨╛╨╕╤Б╨║" />\r\n        <section className="py-10">\r\n          <div className="container">\r\n            <div>{pageSlug}</div>\r\n            <div dangerouslySetInnerHTML={{ __html: page?.content || "" }}></div>\r\n          </div>\r\n        </section>\r\n      </>\r\n  );\r\n}\r\n╨Ю╨┐╨╕╤Б╨░╨╜╨╕╨╡ ╨╕╨╖╨╝╨╡╨╜╨╡╨╜╨╕╨╣:\r\ndangerouslySetInnerHTML: ╨н╤В╨╛ ╤Б╨▓╨╛╨╣╤Б╤В╨▓╨╛ ╨╛╨▒╤К╨╡╨║╤В╨░ ╨┐╤А╨╕╨╜╨╕╨╝╨░╨╡╤В ╨┤╤А╤Г╨│╨╛╨╣ ╨╛╨▒╤К╨╡╨║╤В ╤Б ╨║╨╗╤О╤З╨╛╨╝ __html, ╨│╨┤╨╡ ╨╖╨╜╨░╤З╨╡╨╜╨╕╨╡ тАФ ╤Н╤В╨╛ ╤Б╤В╤А╨╛╨║╨░ ╤Б HTML-╨║╨╛╨┤╨╛╨╝, ╨║╨╛╤В╨╛╤А╤Л╨╣ ╨▓╤Л ╤Е╨╛╤В╨╕╤В╨╡ ╨╛╤В╨╛╨▒╤А╨░╨╖╨╕╤В╤М. ╨Х╤Б╨╗╨╕ page.content ╨╝╨╛╨╢╨╡╤В ╨▒╤Л╤В╤М undefined ╨╕╨╗╨╕ null, ╤В╨╛ ╨┤╨╛╨▒╨░╨▓╨╗╨╡╨╜╨╕╨╡ || "" ╨│╨░╤А╨░╨╜╤В╨╕╤А╤Г╨╡╤В, ╤З╤В╨╛ ╨▓ dangerouslySetInnerHTML ╨╜╨╡ ╨▒╤Г╨┤╨╡╤В ╨┐╨╡╤А╨╡╨┤╨░╨╜ undefined ╨╕╨╗╨╕ null, ╤З╤В╨╛ ╨╝╨╛╨│╨╗╨╛ ╨▒╤Л ╨▓╤Л╨╖╨▓╨░╤В╤М ╨╛╤И╨╕╨▒╨║╨╕.\r\n╨С╨╡╨╖╨╛╨┐╨░╤Б╨╜╨╛╤Б╤В╤М:\r\n╨Ш╤Б╨┐╨╛╨╗╤М╨╖╨╛╨▓╨░╨╜╨╕╨╡ dangerouslySetInnerHTML ╨╜╨╡╨╛╨▒╤Е╨╛╨┤╨╕╨╝╨╛ ╤Б ╨╛╤Б╤В╨╛╤А╨╛╨╢╨╜╨╛╤Б╤В╤М╤О. ╨Х╤Б╨╗╨╕ ╨▓╤Л ╨╜╨╡ ╤Г╨▓╨╡╤А╨╡╨╜╤Л ╨▓ ╤З╨╕╤Б╤В╨╛╤В╨╡ HTML-╨║╨╛╨╜╤В╨╡╨╜╤В╨░ (╨╜╨░╨┐╤А╨╕╨╝╨╡╤А, ╨║╨╛╨╜╤В╨╡╨╜╤В ╨╝╨╛╨╢╨╡╤В ╨▒╤Л╤В╤М ╨┐╤А╨╡╨┤╨╛╤Б╤В╨░╨▓╨╗╨╡╨╜ ╨┐╨╛╨╗╤М╨╖╨╛╨▓╨░╤В╨╡╨╗╤П╨╝╨╕), ╨▓╨░╨╢╨╜╨╛ ╤Б╨╜╨░╤З╨░╨╗╨░ ╨╛╤З╨╕╤Б╤В╨╕╤В╤М ╤Н╤В╨╛╤В HTML ╨╛╤В ╨┐╨╛╤В╨╡╨╜╤Ж╨╕╨░╨╗╤М╨╜╨╛ ╨▓╤А╨╡╨┤╨╛╨╜╨╛╤Б╨╜╤Л╤Е ╤Б╨║╤А╨╕╨┐╤В╨╛╨▓ ╨╕╨╗╨╕ ╤Б╤В╨╕╨╗╨╡╨╣. ╨Ф╨╗╤П ╤Н╤В╨╛╨│╨╛ ╨╝╨╛╨╢╨╜╨╛ ╨╕╤Б╨┐╨╛╨╗╤М╨╖╨╛╨▓╨░╤В╤М ╨▒╨╕╨▒╨╗╨╕╨╛╤В╨╡╨║╨╕, ╤В╨░╨║╨╕╨╡ ╨║╨░╨║ dompurify:\r\n\r\nbash\r\nCopy code\r\nnpm install dompurify\r\n╨Я╤А╨╕╨╝╨╡╤А ╨╕╤Б╨┐╨╛╨╗╤М╨╖╨╛╨▓╨░╨╜╨╕╤П dompurify:\r\n\r\njavascript\r\nCopy code\r\nimport DOMPurify from ''dompurify'';\r\n\r\nconst cleanHTML = DOMPurify.sanitize(page?.content);\r\n╨Ш ╨╖╨░╤В╨╡╨╝ ╨╕╤Б╨┐╨╛╨╗╤М╨╖╤Г╨╣╤В╨╡ cleanHTML ╨▓ dangerouslySetInnerHTML:\r\n\r\njavascript\r\nCopy code\r\n<div dangerouslySetInnerHTML={{ __html: cleanHTML }}></div>\r\n╨н╤В╨╛ ╨╛╨▒╨╡╤Б╨┐╨╡╤З╨╕╤В ╨▒╨╛╨╗╤М╤И╤Г╤О ╨▒╨╡╨╖╨╛╨┐╨░╤Б╨╜╨╛╤Б╤В╤М ╨┐╤А╨╕ ╨╛╤В╨╛╨▒╤А╨░╨╢╨╡╨╜╨╕╨╕ HTML-╨║╨╛╨╜╤В╨╡╨╜╤В╨░, ╨┐╤А╨╡╨┤╨╛╤В╨▓╤А╨░╤В╨╕╨▓ ╨┐╨╛╤В╨╡╨╜╤Ж╨╕╨░╨╗╤М╨╜╤Л╨╡ XSS-╨░╤В╨░╨║╨╕.\r\n<br/>\r\n<a href="/home">╨Я╨╡╤А╨╡╨╣╤В╨╕ ╨╜╨░ ╨│╨╗╨░╨▓╨╜╤Г╤О ╤Б╤В╤А╨░╨╜╨╕╤Ж╤Г</a>','\r',char(13)),'\n',char(10)));
INSERT INTO pages_page VALUES(2,'╨Ю ╨║╨╛╨╝╨┐╨░╨╜╨╕╨╕','about_us','2024-05-04 09:21:39.420579','2024-05-04 09:22:56.909413','photos/2024/05/04/forgotpassword.png',1,replace(replace('<h3 class="font-semibold">╨а╨╡╨▓╨╛╨╗╤О╤Ж╨╕╤П ╨▓ ╨╕╨╜╨┤╤Г╤Б╤В╤А╨╕╨╕ ╨╛╨▒╤Б╨╗╤Г╨╢╨╕╨▓╨░╨╜╨╕╤П: ╨║╨░╨║ ╨╡╨┤╨╕╨╜╤Л╨╣ ╨░╨│╤А╨╡╨│╨░╤В╨╛╤А ╨╕╨╖╨╝╨╡╨╜╤П╨╡╤В ╤А╨╡╤Б╤В╨╛╤А╨░╨╜╨╜╤Л╨╣ ╨╕ ╤А╨╛╨╖╨╜╨╕╤З╨╜╤Л╨╣ ╨╗╨░╨╜╨┤╤И╨░╤Д╤В ╤Б╤В╤А╨░╨╜╤Л</h3>\r\n\r\n<p>╨Т ╨╜╨░╤Б╤В╨╛╤П╤Й╨╡╨╡ ╨▓╤А╨╡╨╝╤П ╨╝╤Л ╤Б╤В╨░╨╜╨╛╨▓╨╕╨╝╤Б╤П ╤Б╨▓╨╕╨┤╨╡╤В╨╡╨╗╤П╨╝╨╕ ╨╖╨╜╨░╨╝╨╡╨╜╨░╤В╨╡╨╗╤М╨╜╤Л╤Е ╤Б╨┤╨▓╨╕╨│╨╛╨▓ ╨▓ ╨╕╨╜╨┤╤Г╤Б╤В╤А╨╕╨╕ ╨╛╨▒╤Б╨╗╤Г╨╢╨╕╨▓╨░╨╜╨╕╤П, ╨│╨┤╨╡ ╤В╨╡╤Е╨╜╨╛╨╗╨╛╨│╨╕╨╕ ╨╕ ╨╜╨╛╨▓╨░╤В╨╛╤А╤Б╨║╨╕╨╡ ╨┐╨╛╨┤╤Е╨╛╨┤╤Л ╨║╨░╤А╨┤╨╕╨╜╨░╨╗╤М╨╜╨╛ ╨╕╨╖╨╝╨╡╨╜╤П╤О╤В ╤Б╨┐╨╛╤Б╨╛╨▒╤Л ╨▓╨╖╨░╨╕╨╝╨╛╨┤╨╡╨╣╤Б╤В╨▓╨╕╤П ╨┐╨╛╤В╤А╨╡╨▒╨╕╤В╨╡╨╗╨╡╨╣ ╤Б ╤А╨╡╤Б╤В╨╛╤А╨░╨╜╨░╨╝╨╕ ╨╕ ╨╝╨░╨│╨░╨╖╨╕╨╜╨░╨╝╨╕. ╨Ю╨┤╨╜╨╛╨╣ ╨╕╨╖ ╨▓╨╡╨┤╤Г╤Й╨╕╤Е ╤Б╨╕╨╗, ╤Б╤В╨╛╤П╤Й╨╕╤Е ╨╖╨░ ╤Н╤В╨╕╨╝╨╕ ╨╕╨╖╨╝╨╡╨╜╨╡╨╜╨╕╤П╨╝╨╕, ╤П╨▓╨╗╤П╨╡╤В╤Б╤П ╨┐╨╛╤П╨▓╨╗╨╡╨╜╨╕╨╡ ╨░╨│╤А╨╡╨│╨░╤В╨╛╤А╨╛╨▓, ╨┐╤А╨╡╨┤╨╗╨░╨│╨░╤О╤Й╨╕╤Е ╨╡╨┤╨╕╨╜╤Л╨╡ ╨┐╨╗╨░╤В╤Д╨╛╤А╨╝╤Л ╨┤╨╗╤П ╨┤╨╛╤Б╤В╤Г╨┐╨░ ╨║ ╤И╨╕╤А╨╛╨║╨╛╨╝╤Г ╤Б╨┐╨╡╨║╤В╤А╤Г ╤Г╤Б╨╗╤Г╨│. ╨б╤А╨╡╨┤╨╕ ╨╜╨╕╤Е ╨▓╤Л╨┤╨╡╨╗╤П╨╡╤В╤Б╤П ╨║╨╛╨╝╨┐╨░╨╜╨╕╤П, ╨║╨╛╤В╨╛╤А╨░╤П ╨╖╨░ ╨║╨╛╤А╨╛╤В╨║╨╛╨╡ ╨▓╤А╨╡╨╝╤П ╤Б╨╝╨╛╨│╨╗╨░ ╨╜╨╡ ╤В╨╛╨╗╤М╨║╨╛ ╨╛╤Й╤Г╤В╨╕╨╝╨╛ ╨┐╨╛╨▓╨╗╨╕╤П╤В╤М ╨╜╨░ ╤А╤Л╨╜╨╛╨║ ╨│╨╛╤А╨╛╨┤╨░, ╨╜╨╛ ╨╕ ╨╜╨░╤З╨░╤В╤М ╤Б╨▓╨╛╤С ╤В╨╕╤А╨░╨╢╨╕╤А╨╛╨▓╨░╨╜╨╕╨╡ ╨┐╨╛ ╨▓╤Б╨╡╨╣ ╤Б╤В╤А╨░╨╜╨╡.</p>\r\n\r\n<h4 class="font-semibold">╨Ш╨╜╨╜╨╛╨▓╨░╤Ж╨╕╨╕ ╨╜╨░ ╤Б╨╗╤Г╨╢╨▒╨╡ ╨┐╨╛╤В╤А╨╡╨▒╨╕╤В╨╡╨╗╤П</h4>\r\n\r\n<p>╨Ъ╨╛╨╝╨┐╨░╨╜╨╕╤П, ╨╜╨░╤З╨░╨▓╤И╨░╤П ╤Б╨▓╨╛╤О ╨┤╨╡╤П╤В╨╡╨╗╤М╨╜╨╛╤Б╤В╤М ╨▓ ╨╛╨┤╨╜╨╛╨╝ ╨╕╨╖ ╨║╤А╤Г╨┐╨╜╤Л╤Е ╨│╨╛╤А╨╛╨┤╨╛╨▓, ╨▒╤Л╤Б╤В╤А╨╛ ╤Б╤В╨░╨╗╨░ ╨╕╨╖╨▓╨╡╤Б╤В╨╜╨░ ╨▒╨╗╨░╨│╨╛╨┤╨░╤А╤П ╤Б╨▓╨╛╨╡╨╣ ╨╕╨╜╨╜╨╛╨▓╨░╤Ж╨╕╨╛╨╜╨╜╨╛╨╣ ╨┐╨╗╨░╤В╤Д╨╛╤А╨╝╨╡, ╨║╨╛╤В╨╛╤А╨░╤П ╨╛╨▒╤К╨╡╨┤╨╕╨╜╤П╨╡╤В ╤А╨╡╤Б╤В╨╛╤А╨░╨╜╤Л ╨╕ ╤А╨╛╨╖╨╜╨╕╤З╨╜╤Л╨╡ ╨╝╨░╨│╨░╨╖╨╕╨╜╤Л ╨▓ ╨╡╨┤╨╕╨╜╤Г╤О ╤Б╨╡╤В╤М. ╨н╤В╨╛ ╨┐╨╛╨╖╨▓╨╛╨╗╤П╨╡╤В ╨┐╨╛╨╗╤М╨╖╨╛╨▓╨░╤В╨╡╨╗╤П╨╝ ╤Б ╨╗╨╡╨│╨║╨╛╤Б╤В╤М╤О ╨╜╨░╤Е╨╛╨┤╨╕╤В╤М ╨╜╨╡╨╛╨▒╤Е╨╛╨┤╨╕╨╝╤Л╨╡ ╤В╨╛╨▓╨░╤А╤Л ╨╕ ╤Г╤Б╨╗╤Г╨│╨╕, ╤Б╤А╨░╨▓╨╜╨╕╨▓╨░╤В╤М ╤Ж╨╡╨╜╤Л, ╤З╨╕╤В╨░╤В╤М ╨╛╤В╨╖╤Л╨▓╤Л ╨┤╤А╤Г╨│╨╕╤Е ╨║╨╗╨╕╨╡╨╜╤В╨╛╨▓ ╨╕ ╨┤╨╡╨╗╨░╤В╤М ╨╖╨░╨║╨░╨╖╤Л ╨╛╨╜╨╗╨░╨╣╨╜ ╤Б ╨┤╨╛╤Б╤В╨░╨▓╨║╨╛╨╣ ╨╜╨░ ╨┤╨╛╨╝ ╨╕╨╗╨╕ ╨▒╤А╨╛╨╜╨╕╤А╨╛╨▓╨░╨╜╨╕╨╡╨╝ ╤Б╤В╨╛╨╗╨╕╨║╨░ ╨▓ ╤А╨╡╤Б╤В╨╛╤А╨░╨╜╨╡.</p>\r\n\r\n<p>╨Т╨░╨╢╨╜╤Л╨╝ ╨░╤Б╨┐╨╡╨║╤В╨╛╨╝ ╨┤╨╡╤П╤В╨╡╨╗╤М╨╜╨╛╤Б╤В╨╕ ╨║╨╛╨╝╨┐╨░╨╜╨╕╨╕ ╤П╨▓╨╗╤П╨╡╤В╤Б╤П ╤Б╤В╤А╨╡╨╝╨╗╨╡╨╜╨╕╨╡ ╨║ ╨╝╨░╨║╤Б╨╕╨╝╨░╨╗╤М╨╜╨╛╨╣ ╨║╨╗╨╕╨╡╨╜╤В╨╛╨╛╤А╨╕╨╡╨╜╤В╨╕╤А╨╛╨▓╨░╨╜╨╜╨╛╤Б╤В╨╕. ╨Т╨╖╨░╨╕╨╝╨╛╨┤╨╡╨╣╤Б╤В╨▓╨╕╨╡ ╤Б ╨┐╨╗╨░╤В╤Д╨╛╤А╨╝╨╛╨╣ ╤Б╤В╤А╨╛╨╕╤В╤Б╤П ╤В╨░╨║╨╕╨╝ ╨╛╨▒╤А╨░╨╖╨╛╨╝, ╤З╤В╨╛╨▒╤Л ╨║╨░╨╢╨┤╤Л╨╣ ╨┐╨╛╨╗╤М╨╖╨╛╨▓╨░╤В╨╡╨╗╤М ╤З╤Г╨▓╤Б╤В╨▓╨╛╨▓╨░╨╗ ╤Г╨▓╨╡╤А╨╡╨╜╨╜╨╛╤Б╤В╤М ╨▓ ╨║╨░╤З╨╡╤Б╤В╨▓╨╡ ╨╕ ╨╜╨░╨┤╨╡╨╢╨╜╨╛╤Б╤В╨╕ ╨┐╤А╨╡╨┤╨╗╨░╨│╨░╨╡╨╝╤Л╤Е ╤Г╤Б╨╗╤Г╨│. ╨Р╨┤╨░╨┐╤В╨╕╨▓╨╜╤Л╨╣ ╨╕╨╜╤В╨╡╤А╤Д╨╡╨╣╤Б, ╨┐╨╡╤А╤Б╨╛╨╜╨░╨╗╨╕╨╖╨╕╤А╨╛╨▓╨░╨╜╨╜╤Л╨╡ ╨┐╤А╨╡╨┤╨╗╨╛╨╢╨╡╨╜╨╕╤П, ╨╛╨┐╨╡╤А╨░╤В╨╕╨▓╨╜╨░╤П ╨┐╨╛╨┤╨┤╨╡╤А╨╢╨║╨░ &mdash; ╨▓╤Б╨╡ ╤Н╤В╨╛ ╨┤╨╡╨╗╨░╨╡╤В ╨╕╤Б╨┐╨╛╨╗╤М╨╖╨╛╨▓╨░╨╜╨╕╨╡ ╤Б╨╡╤А╨▓╨╕╤Б╨░ ╨╝╨░╨║╤Б╨╕╨╝╨░╨╗╤М╨╜╨╛ ╤Г╨┤╨╛╨▒╨╜╤Л╨╝ ╨╕ ╨┐╤А╨╕╤П╤В╨╜╤Л╨╝.</p>\r\n\r\n<h4 class="font-semibold">╨а╨░╤Б╤И╨╕╤А╨╡╨╜╨╕╨╡ ╨│╨╡╨╛╨│╤А╨░╤Д╨╕╨╕ ╨╕ ╨░╤Б╤Б╨╛╤А╤В╨╕╨╝╨╡╨╜╤В╨░</h4>\r\n\r\n<p>╨Ш╨╖╨╜╨░╤З╨░╨╗╤М╨╜╨╛ ╤А╨░╨▒╨╛╤В╨░ ╨║╨╛╨╝╨┐╨░╨╜╨╕╨╕ ╨▒╤Л╨╗╨░ ╤Б╨╛╤Б╤А╨╡╨┤╨╛╤В╨╛╤З╨╡╨╜╨░ ╨▓ ╨┐╤А╨╡╨┤╨╡╨╗╨░╤Е ╨╛╨┤╨╜╨╛╨│╨╛ ╨│╨╛╤А╨╛╨┤╨░, ╨╜╨╛ ╨▒╨╗╨░╨│╨╛╨┤╨░╤А╤П ╨▓╤Л╤Б╨╛╨║╨╛╨╝╤Г ╤Б╨┐╤А╨╛╤Б╤Г ╨╕ ╨┐╨╛╨╗╨╛╨╢╨╕╤В╨╡╨╗╤М╨╜╤Л╨╝ ╨╛╤В╨╖╤Л╨▓╨░╨╝ ╨┐╨╛╤В╤А╨╡╨▒╨╕╤В╨╡╨╗╨╡╨╣, ╨▒╤Л╨╗╨╛ ╨┐╤А╨╕╨╜╤П╤В╨╛ ╤А╨╡╤И╨╡╨╜╨╕╨╡ ╨╛ ╨╝╨░╤Б╤И╤В╨░╨▒╨╕╤А╨╛╨▓╨░╨╜╨╕╨╕ ╨┐╤А╨╛╨╡╨║╤В╨░. ╨в╨░╨║, ╨┐╨╗╨░╤В╤Д╨╛╤А╨╝╨░ ╨╜╨░╤З╨░╨╗╨░ ╤Б╨▓╨╛╨╡ ╨▒╤Л╤Б╤В╤А╨╛╨╡ ╤А╨░╤Б╨┐╤А╨╛╤Б╤В╤А╨░╨╜╨╡╨╜╨╕╨╡ ╨┐╨╛ ╨┤╤А╤Г╨│╨╕╨╝ ╨│╨╛╤А╨╛╨┤╨░╨╝ ╨╕ ╤А╨╡╨│╨╕╨╛╨╜╨░╨╝, ╤Б╤В╨░╨╜╨╛╨▓╤П╤Б╤М ╨┤╨╛╤Б╤В╤Г╨┐╨╜╨╛╨╣ ╨▒╨╛╨╗╤М╤И╨╡╨╝╤Г ╨║╨╛╨╗╨╕╤З╨╡╤Б╤В╨▓╤Г ╨┐╨╛╨╗╤М╨╖╨╛╨▓╨░╤В╨╡╨╗╨╡╨╣. ╨б╨╡╨│╨╛╨┤╨╜╤П ╨╛╨╜╨░ ╨╛╤Е╨▓╨░╤В╤Л╨▓╨░╨╡╤В ╨▒╨╛╨╗╤М╤И╨╕╨╜╤Б╤В╨▓╨╛ ╨║╤А╤Г╨┐╨╜╤Л╤Е ╨│╨╛╤А╨╛╨┤╤Б╨║╨╕╤Е ╤Ж╨╡╨╜╤В╤А╨╛╨▓ ╤Б╤В╤А╨░╨╜╤Л, ╨┐╤А╨╡╨┤╨╛╤Б╤В╨░╨▓╨╗╤П╤П ╨┤╨╛╤Б╤В╤Г╨┐ ╨║ ╤Б╨╛╤В╨╜╤П╨╝ ╤А╨╡╤Б╤В╨╛╤А╨░╨╜╨╛╨▓ ╨╕ ╨╝╨░╨│╨░╨╖╨╕╨╜╨╛╨▓.</p>\r\n\r\n<p>╨а╨░╨╖╨╜╨╛╨╛╨▒╤А╨░╨╖╨╕╨╡ ╨┐╤А╨╡╨┤╨╗╨╛╨╢╨╡╨╜╨╕╨╣ ╨╜╨░ ╨┐╨╗╨░╤В╤Д╨╛╤А╨╝╨╡ ╨┐╨╛╤А╨░╨╢╨░╨╡╤В ╨▓╨╛╨╛╨▒╤А╨░╨╢╨╡╨╜╨╕╨╡: ╨╛╤В ╤Н╨║╤Б╨║╨╗╤О╨╖╨╕╨▓╨╜╤Л╤Е ╨│╨░╤Б╤В╤А╨╛╨╜╨╛╨╝╨╕╤З╨╡╤Б╨║╨╕╤Е ╨╖╨░╨▓╨╡╨┤╨╡╨╜╨╕╨╣ ╨┤╨╛ ╤И╨╕╤А╨╛╨║╨╛ ╨╕╨╖╨▓╨╡╤Б╤В╨╜╤Л╤Е ╤Б╨╡╤В╨╡╨▓╤Л╤Е ╤А╨╡╤Б╤В╨╛╤А╨░╨╜╨╛╨▓, ╨╛╤В ╨╝╨░╨│╨░╨╖╨╕╨╜╨╛╨▓ ╤Б ╨╛╤А╨│╨░╨╜╨╕╤З╨╡╤Б╨║╨╕╨╝╨╕ ╨┐╤А╨╛╨┤╤Г╨║╤В╨░╨╝╨╕ ╨┤╨╛ ╨║╤А╤Г╨┐╨╜╤Л╤Е ╤Б╤Г╨┐╨╡╤А╨╝╨░╤А╨║╨╡╤В╨╛╨▓. ╨н╤В╨╛ ╨┐╨╛╨╖╨▓╨╛╨╗╤П╨╡╤В ╨║╨░╨╢╨┤╨╛╨╝╤Г ╨┐╨╛╨╗╤М╨╖╨╛╨▓╨░╤В╨╡╨╗╤О ╨╜╨░╨╣╤В╨╕ ╤В╨╛, ╤З╤В╨╛ ╨┐╨╛╨┤╤Е╨╛╨┤╨╕╤В ╨╕╨╝╨╡╨╜╨╜╨╛ ╨╡╨╝╤Г, ╨▓ ╨╖╨░╨▓╨╕╤Б╨╕╨╝╨╛╤Б╤В╨╕ ╨╛╤В ╨╗╨╕╤З╨╜╤Л╤Е ╨┐╤А╨╡╨┤╨┐╨╛╤З╤В╨╡╨╜╨╕╨╣ ╨╕ ╤Д╨╕╨╜╨░╨╜╤Б╨╛╨▓╤Л╤Е ╨▓╨╛╨╖╨╝╨╛╨╢╨╜╨╛╤Б╤В╨╡╨╣.</p>\r\n\r\n<h4 class="font-semibold">╨в╨╡╤Е╨╜╨╛╨╗╨╛╨│╨╕╨╕ ╨╕ ╨┐╨╡╤А╤Б╨┐╨╡╨║╤В╨╕╨▓╤Л ╤А╨░╨╖╨▓╨╕╤В╨╕╤П</h4>\r\n\r\n<p>╨Ю╤Б╨╜╨╛╨▓╨╛╨╣ ╤Г╤Б╨┐╨╡╤Е╨░ ╨║╨╛╨╝╨┐╨░╨╜╨╕╨╕ ╤П╨▓╨╗╤П╨╡╤В╤Б╤П ╨░╨║╤В╨╕╨▓╨╜╨╛╨╡ ╨╕╤Б╨┐╨╛╨╗╤М╨╖╨╛╨▓╨░╨╜╨╕╨╡ ╤Б╨╛╨▓╤А╨╡╨╝╨╡╨╜╨╜╤Л╤Е ╤В╨╡╤Е╨╜╨╛╨╗╨╛╨│╨╕╨╣. ╨Ш╤Б╨║╤Г╤Б╤Б╤В╨▓╨╡╨╜╨╜╤Л╨╣ ╨╕╨╜╤В╨╡╨╗╨╗╨╡╨║╤В ╨┤╨╗╤П ╨░╨╜╨░╨╗╨╕╨╖╨░ ╨┐╤А╨╡╨┤╨┐╨╛╤З╤В╨╡╨╜╨╕╨╣ ╨║╨╗╨╕╨╡╨╜╤В╨╛╨▓ ╨╕ ╨┐╤А╨╡╨┤╤Б╨║╨░╨╖╨░╨╜╨╕╤П ╤В╤А╨╡╨╜╨┤╨╛╨▓, ╨▒╨╛╨╗╤М╤И╨╕╨╡ ╨┤╨░╨╜╨╜╤Л╨╡ ╨┤╨╗╤П ╨╛╨┐╤В╨╕╨╝╨╕╨╖╨░╤Ж╨╕╨╕ ╨╗╨╛╨│╨╕╤Б╤В╨╕╨║╨╕ ╨╕ ╤Г╨┐╤А╨░╨▓╨╗╨╡╨╜╨╕╤П ╨╖╨░╨┐╨░╤Б╨░╨╝╨╕, ╨╝╨╛╨▒╨╕╨╗╤М╨╜╤Л╨╡ ╨┐╤А╨╕╨╗╨╛╨╢╨╡╨╜╨╕╤П, ╨║╨╛╤В╨╛╤А╤Л╨╡ ╨┤╨╡╨╗╨░╤О╤В ╨┐╤А╨╛╤Ж╨╡╤Б╤Б ╨╖╨░╨║╨░╨╖╨░ ╨╝╨░╨║╤Б╨╕╨╝╨░╨╗╤М╨╜╨╛ ╨┐╤А╨╛╤Б╤В╤Л╨╝ ╨╕ ╨▒╤Л╤Б╤В╤А╤Л╨╝ &mdash; ╨▓╤Б╨╡ ╤Н╤В╨╕ ╤В╨╡╤Е╨╜╨╛╨╗╨╛╨│╨╕╨╕ ╨╜╨░╤Е╨╛╨┤╤П╤В ╨░╨║╤В╨╕╨▓╨╜╨╛╨╡ ╨┐╤А╨╕╨╝╨╡╨╜╨╡╨╜╨╕╨╡ ╨▓ ╤А╨░╨▒╨╛╤В╨╡ ╨┐╨╗╨░╤В╤Д╨╛╤А╨╝╤Л.</p>\r\n\r\n<p>╨Т ╨▒╤Г╨┤╤Г╤Й╨╡╨╝ ╨║╨╛╨╝╨┐╨░╨╜╨╕╤П ╨┐╨╗╨░╨╜╨╕╤А╤Г╨╡╤В ╨╜╨╡ ╤В╨╛╨╗╤М╨║╨╛ ╨┐╤А╨╛╨┤╨╛╨╗╨╢╨╕╤В╤М ╤А╨░╤Б╤И╨╕╤А╨╡╨╜╨╕╨╡ ╨│╨╡╨╛╨│╤А╨░╤Д╨╕╨╕ ╤Б╨▓╨╛╨╡╨│╨╛ ╨┐╤А╨╕╤Б╤Г╤В╤Б╤В╨▓╨╕╤П, ╨╜╨╛ ╨╕ ╨▓╨╜╨╡╨┤╤А╨╕╤В╤М ╨┤╨╛╨┐╨╛╨╗╨╜╨╕╤В╨╡╨╗╤М╨╜╤Л╨╡ ╤Б╨╡╤А╨▓╨╕╤Б╤Л, ╤В╨░╨║╨╕╨╡ ╨║╨░╨║ ╨┐╤А╨╛╨│╤А╨░╨╝╨╝╨░ ╨╗╨╛╤П╨╗╤М╨╜╨╛╤Б╤В╨╕ ╤Б ╨┐╨╡╤А╤Б╨╛╨╜╨░╨╗╨╕╨╖╨╕╤А╨╛╨▓╨░╨╜╨╜╤Л╨╝╨╕ ╨▒╨╛╨╜╤Г╤Б╨░╨╝╨╕ ╨╕ ╤Б╨║╨╕╨┤╨║╨░╨╝╨╕, ╤Г╨╗╤Г╤З╤И╨╡╨╜╨╕╨╡ ╤Г╤Б╨╗╨╛╨▓╨╕╨╣ ╨┤╨╗╤П ╤Б╨╛╤В╤А╤Г╨┤╨╜╨╕╤З╨╡╤Б╤В╨▓╨░ ╤Б ╨╝╨░╨╗╤Л╨╝ ╨╕ ╤Б╤А╨╡╨┤╨╜╨╕╨╝ ╨▒╨╕╨╖╨╜╨╡╤Б╨╛╨╝, ╨░ ╤В╨░╨║╨╢╨╡ ╤А╨░╨╖╤А╨░╨▒╨╛╤В╨║╨░ ╤Г╨╜╨╕╨║╨░╨╗╤М╨╜╤Л╤Е ╨┐╤А╨╡╨┤╨╗╨╛╨╢╨╡╨╜╨╕╨╣ ╨┤╨╗╤П ╨║╨╛╤А╨┐╨╛╤А╨░╤В╨╕╨▓╨╜╤Л╤Е ╨║╨╗╨╕╨╡╨╜╤В╨╛╨▓.</p>','\r',char(13)),'\n',char(10)));
INSERT INTO pages_page VALUES(3,'╨Э╨░╤И╨░ ╨║╨╛╨╝╨░╨╜╨┤╨░','our_command','2024-05-04 09:27:45.352539','2024-05-04 09:29:58.458205','',1,replace(replace('<div class="max-w-7xl mx-auto sm:px-6 lg:px-8">\r\n            <p class="mb-8 text-lg">╨Э╨░╤И╨░ ╨║╨╛╨╝╨░╨╜╨┤╨░ ╤Б╨╛╤Б╤В╨╛╨╕╤В ╨╕╨╖ ╤В╨░╨╗╨░╨╜╤В╨╗╨╕╨▓╤Л╤Е ╨┐╤А╨╛╤Д╨╡╤Б╤Б╨╕╨╛╨╜╨░╨╗╨╛╨▓, ╨║╨░╨╢╨┤╤Л╨╣ ╨╕╨╖ ╨║╨╛╤В╨╛╤А╤Л╤Е ╨▓╨╜╨╛╤Б╨╕╤В ╤Г╨╜╨╕╨║╨░╨╗╤М╨╜╤Л╨╣ ╨▓╨║╨╗╨░╨┤ ╨▓ ╤А╨░╨╖╨▓╨╕╤В╨╕╨╡ ╨╜╨░╤И╨╡╨╣ ╨║╨╛╨╝╨┐╨░╨╜╨╕╨╕. ╨Ь╤Л ╤Б╤В╤А╨╡╨╝╨╕╨╝╤Б╤П ╨┐╤А╨╡╨┤╨╛╤Б╤В╨░╨▓╨╗╤П╤В╤М ╨╕╨╜╨╜╨╛╨▓╨░╤Ж╨╕╨╛╨╜╨╜╤Л╨╡ ╤А╨╡╤И╨╡╨╜╨╕╤П ╨╕ ╨▓╤Л╤Б╨╛╨║╨╕╨╣ ╤Г╤А╨╛╨▓╨╡╨╜╤М ╤Б╨╡╤А╨▓╨╕╤Б╨░ ╨╜╨░╤И╨╕╨╝ ╨║╨╗╨╕╨╡╨╜╤В╨░╨╝.</p>\r\n            \r\n            <div class="grid grid-cols-1 md:grid-cols-2 lg:grid-cols-3 gap-6">\r\n                <div class="bg-white p-6 shadow-sm rounded-lg">\r\n                    <img class="w-32 h-32 rounded-full mx-auto mb-6" src="http://127.0.0.1:8000/media/other/mainpage/2024/05/04/avatar3.png" alt="╨д╨╛╤В╨╛ ╨Ш╨▓╨░╨╜╨░ ╨Ш╨▓╨░╨╜╨╛╨▓╨░">\r\n                    <h2 class="text-xl font-semibold text-center">╨У╨░╤Г╤Е╨░╤А ╨Ц╨░╨╜╨▒╤Л╤А╨▒╨░╨╡╨▓╨░</h2>\r\n                    <p class="text-center text-sm text-gray-600">╨Ю╤Б╨╜╨╛╨▓╨░╤В╨╡╨╗╤М ╨╕ CEO</p>\r\n                    <p class="text-center mt-4">╨Ш╨▓╨░╨╜ ╨╕╨╝╨╡╨╡╤В ╨▒╨╛╨╗╨╡╨╡ 20 ╨╗╨╡╤В ╨╛╨┐╤Л╤В╨░ ╨▓ ╤Б╤Д╨╡╤А╨╡ ╨╕╨╜╤Д╨╛╤А╨╝╨░╤Ж╨╕╨╛╨╜╨╜╤Л╤Е ╤В╨╡╤Е╨╜╨╛╨╗╨╛╨│╨╕╨╣ ╨╕ ╤Г╤Б╨┐╨╡╤И╨╜╨╛ ╤А╤Г╨║╨╛╨▓╨╛╨┤╨╕╤В ╨╜╨░╤И╨╡╨╣ ╨║╨╛╨╝╨┐╨░╨╜╨╕╨╡╨╣ ╤Б ╨╝╨╛╨╝╨╡╨╜╤В╨░ ╨╡╨╡ ╨╛╤Б╨╜╨╛╨▓╨░╨╜╨╕╤П.</p>\r\n                </div>\r\n\r\n                <div class="bg-white p-6 shadow-sm rounded-lg">\r\n                    <img class="w-32 h-32 rounded-full mx-auto mb-6" src="http://127.0.0.1:8000/media/photos/2024/05/03/EMHXBHWB8hg.jpg" alt="╨д╨╛╤В╨╛ ╨Ь╨░╤А╨╕╨╕ ╨Я╨╡╤В╤А╨╛╨▓╨╛╨╣">\r\n                    <h2 class="text-xl font-semibold text-center">╨д╨░╤А╨╕╨╖╨░</h2>\r\n                    <p class="text-center text-sm text-gray-600">╨Ф╨╕╤А╨╡╨║╤В╨╛╤А ╨┐╨╛ ╨╝╨░╤А╨║╨╡╤В╨╕╨╜╨│╤Г</p>\r\n                    <p class="text-center mt-4">╨Ь╨░╤А╨╕╤П ╨╛╤В╨▓╨╡╤В╤Б╤В╨▓╨╡╨╜╨╜╨░ ╨╖╨░ ╤А╨░╨╖╤А╨░╨▒╨╛╤В╨║╤Г ╨╕ ╤А╨╡╨░╨╗╨╕╨╖╨░╤Ж╨╕╤О ╨╝╨░╤А╨║╨╡╤В╨╕╨╜╨│╨╛╨▓╤Л╤Е ╤Б╤В╤А╨░╤В╨╡╨│╨╕╨╣, ╨║╨╛╤В╨╛╤А╤Л╨╡ ╨┐╨╛╨╝╨╛╨│╨╗╨╕ ╨╜╨░╤И╨╡╨╝╤Г ╨▒╨╕╨╖╨╜╨╡╤Б╤Г ╨▓╤Л╨╣╤В╨╕ ╨╜╨░ ╨╜╨╛╨▓╤Л╨╣ ╤Г╤А╨╛╨▓╨╡╨╜╤М.</p>\r\n                </div>\r\n\r\n                <div class="bg-white p-6 shadow-sm rounded-lg">\r\n                    <img class="w-32 h-32 rounded-full mx-auto mb-6" src="http://127.0.0.1:8000/media/photos/2024/05/03/127037382_701858743785292_5925637327024307205_n.jpg" alt="╨д╨╛╤В╨╛ ╨Р╨╗╨╡╨║╤Б╨╡╤П ╨б╨╕╨┤╨╛╤А╨╛╨▓╨░">\r\n                    <h2 class="text-xl font-semibold text-center">╨в╨░╨╣╨╝╨░╨╜</h2>\r\n                    <p class="text-center text-sm text-gray-600">╨в╨╡╤Е╨╜╨╕╤З╨╡╤Б╨║╨╕╨╣ ╨┤╨╕╤А╨╡╨║╤В╨╛╤А</p>\r\n                    <p class="text-center mt-4">╨Р╨╗╨╡╨║╤Б╨╡╨╣ ╤Г╨┐╤А╨░╨▓╨╗╤П╨╡╤В ╨║╨╛╨╝╨░╨╜╨┤╨╛╨╣ ╤А╨░╨╖╤А╨░╨▒╨╛╤В╤З╨╕╨║╨╛╨▓ ╨╕ ╨╕╨╜╨╢╨╡╨╜╨╡╤А╨╛╨▓, ╨╛╨▒╨╡╤Б╨┐╨╡╤З╨╕╨▓╨░╤П ╤В╨╡╤Е╨╜╨╕╤З╨╡╤Б╨║╨╛╨╡ ╤Б╨╛╨▓╨╡╤А╤И╨╡╨╜╤Б╤В╨▓╨╛ ╨╜╨░╤И╨╕╤Е ╨┐╤А╨╛╨┤╤Г╨║╤В╨╛╨▓.</p>\r\n                </div>\r\n            </div>\r\n        </div>','\r',char(13)),'\n',char(10)));
INSERT INTO pages_page VALUES(4,'╨а╨╛╨▒╨╛╨║╨░╤Б╤Б╨░','robo_kass','2024-05-13 05:05:25.392592','2024-05-13 05:05:25.392592','',1,'╨Ч╨┤╨╡╤Б╤М ╨▒╤Г╨┤╨╡╤В ╤А╨╛╨▒╨╛╨║╨░╤Б╤Б╨░');
INSERT INTO pages_page VALUES(5,'╨Ъ╨░╤А╤М╨╡╤А╨░','career','2024-05-13 06:07:20.363451','2024-05-13 06:07:20.363451','',1,'╨б╤В╤А╨░╨╜╨╕╤Ж╨░ ╨║╨░╤А╤М╨╡╤А╨░');
CREATE TABLE IF NOT EXISTS "configs_mainpageinfo" ("id" integer NOT NULL PRIMARY KEY AUTOINCREMENT, "label_info_desc" varchar(200) NOT NULL, "photo_info" varchar(100) NOT NULL, "label_info_1" varchar(200) NOT NULL, "label_info_1_desc" varchar(200) NOT NULL, "photo_info_1" varchar(100) NOT NULL, "label_info_2" varchar(200) NOT NULL, "label_info_2_desc" varchar(200) NOT NULL, "photo_info_2" varchar(100) NOT NULL, "label_info_3" varchar(200) NOT NULL, "label_info_3_desc" varchar(200) NOT NULL, "photo_info_3" varchar(100) NOT NULL, "label_author" varchar(200) NOT NULL, "label_author_desc" varchar(200) NOT NULL, "photo_author" varchar(100) NOT NULL, "updated_at" datetime NOT NULL, "label_info_title" varchar(200) NOT NULL);
INSERT INTO configs_mainpageinfo VALUES(1,'╨Ю╤В╨╗╨╕╤З╨╜╨░╤П ╨▓╨╛╨╖╨╝╨╛╨╢╨╜╨╛╤Б╤В╤М ╤Г╨╖╨╜╨░╤В╤М ╤Б╨░╨╝╤Л╨╡ ╨╗╤Г╤З╤И╨╕╨╡ ╤В╨╛╤З╨║╨╕ ╨╛╨▒╤Й╨╡╨┐╨╕╤В╨░ ╨╕ ╤В╨╛╤З╨╡╨║ ╤Б╨▓╨╡╨╢╨╕╤Е ╨┐╤А╨╛╨┤╤Г╨║╤Ж╨╕╨╣. ╨Э╨░ ╨┐╨╛╤А╤В╨░╨╗╨╡ ╨▓╤Л ╨╜╨░╨╣╨┤╨╡╤В╨╡ ╤В╨╛╨╗╤М╨║╨╛ ╤Б╨░╨╝╤Г╤О ╨░╨║╤В╤Г╨░╨╗╤М╨╜╤Г╤О ╨╕╨╜╤Д╨╛╤А╨╝╨░╤Ж╨╕╤О.','other/mainpage/2024/06/07/about-us_JEfnETF.png','╨Ы╤Г╤З╤И╨╕╨╡ ╤А╨╡╤Б╤В╨╛╤А╨░╨╜╤Л','╨Т╤Б╨╡ ╤В╤А╨╡╨╜╨┤╨╛╨▓╤Л╨╡ ╤А╨╡╤Б╤В╨╛╤А╨░╨╜╤Л ╨╕ ╨║╨░╤З╨░╤О╤Й╨╕╨╡ ╨╜╨░ ╤В╨╡╨║╤Г╤Й╨╕╨╣ ╨╝╨╛╨╝╨╡╨╜╤В','other/mainpage/2024/05/04/cup.png','╨Я╤А╨░╨▓╨╕╨╗╤М╨╜╨╛╨╡ ╨┐╨╕╤В╨░╨╜╨╕╨╡','╨Ч╨░╨▒╨╛╤В╨░ ╨╛ ╤Б╨▓╨╛╨╡╨╝ ╨╖╨┤╨╛╤А╨╛╨▓╤М╨╡','other/mainpage/2024/05/04/truck.png','╨Ф╨╛╨╝╨░╤И╨╜╨╕╨╡ ╨┐╤А╨╛╨┤╤Г╨║╤Ж╨╕╨╕','╨б╨▓╨╡╨╢╨╕╨╡, ╨▒╨╡╨╖ ╨У╨Ь╨Ю ╨┐╤А╨╛╨┤╤Г╨║╤В╤Л ╨┐╨╛ ╨┤╨╛╤Б╤В╤Г╨┐╨╜╤Л╨╝ ╤Ж╨╡╨╜╨░╨╝','other/mainpage/2024/05/04/vegetables.png','╨У╨░╤Г╤Е╨░╤А ╨Ц╨░╨╜╨▒╤Л╤А╨▒╨░╨╡╨▓╨░','╨Ю╤Б╨╜╨╛╨▓╨░╤В╨╡╨╗╤М Gau.kz','other/mainpage/2024/05/04/avatar3.png','2024-06-07 10:18:12.258254','╨Ш╨╜╤Д╨╛╤А╨╝╨░╤Ж╨╕╨╛╨╜╨╜╤Л╨╣ ╨┐╨╛╤А╤В╨░╨╗ ╤Б ╨┐╨╛╨┤╨▒╨╛╤А╨╛╨╝ ╤А╨╡╤Б╤В╨╛╤А╨░╨╜╨╛╨▓ ╨╕ ╨╝╨░╨│╨░╨╖╨╕╨╜╨╛╨▓ ╨▓╨░╤И╨╡╨│╨╛ ╨│╨╛╤А╨╛╨┤╨░.');
CREATE TABLE IF NOT EXISTS "reviews_reviews" ("id" integer NOT NULL PRIMARY KEY AUTOINCREMENT, "user" varchar(99) NOT NULL, "description" text NOT NULL, "created_at" datetime NOT NULL, "updated_at" datetime NOT NULL, "grade" integer NOT NULL, "photo" varchar(100) NOT NULL, "is_published" bool NOT NULL, "label" varchar(99) NOT NULL);
INSERT INTO reviews_reviews VALUES(1,'╨б╨░╨╣╨┤╨░╨╗╨╕╨╡╨▓ ╨в╨░╨╣╨╝╨░╨╜','╨Я╨╡╤А╨▓╨╛╨╡, ╤З╤В╨╛ ╨▒╤А╨╛╤Б╨░╨╡╤В╤Б╤П ╨▓ ╨│╨╗╨░╨╖╨░ ╨╜╨░ ╤Б╨░╨╣╤В╨╡, ╤Н╤В╨╛ ╨╡╨│╨╛ ╤Б╨╛╨▓╤А╨╡╨╝╨╡╨╜╨╜╤Л╨╣ ╨╕ ╤Н╤Б╤В╨╡╤В╨╕╤З╨╜╤Л╨╣ ╨┤╨╕╨╖╨░╨╣╨╜. ╨з╨╕╤Б╤В╤Л╨╣ ╨╝╨░╨║╨╡╤В ╨╕ ╨╕╨╜╤В╤Г╨╕╤В╨╕╨▓╨╜╨╛ ╨┐╨╛╨╜╤П╤В╨╜╨░╤П ╨╜╨░╨▓╨╕╨│╨░╤Ж╨╕╤П ╨┐╨╛╨╖╨▓╨╛╨╗╤П╤О╤В ╨╗╨╡╨│╨║╨╛ ╨╛╤А╨╕╨╡╨╜╤В╨╕╤А╨╛╨▓╨░╤В╤М╤Б╤П ╨╜╨░ ╤Б╨░╨╣╤В╨╡. ╨Ш╤Б╨┐╨╛╨╗╤М╨╖╨╛╨▓╨░╨╜╨╕╨╡ ╤Ж╨▓╨╡╤В╨╛╨▓╨╛╨╣ ╤Б╤Е╨╡╨╝╤Л ╨╕ ╤И╤А╨╕╤Д╤В╨╛╨▓ ╤Б╨╛╨╖╨┤╨░╨╡╤В ╨┐╤А╨╕╤П╤В╨╜╨╛╨╡ ╨▓╨╕╨╖╤Г╨░╨╗╤М╨╜╨╛╨╡ ╨▓╨┐╨╡╤З╨░╤В╨╗╨╡╨╜╨╕╨╡.','2024-05-03 09:56:15.961548','2024-05-04 07:06:12.240533',5,'photos/2024/05/03/my_avatar_AkksEPA.png',1,'╨б╤В╨╛╤А╨╛╨╜╨╜╨╕╨║ ╨┐╤А╨░╨▓╨╕╨╗╤М╨╜╨╛╨│╨╛ ╨┐╨╕╤В╨░╨╜╨╕╤П');
INSERT INTO reviews_reviews VALUES(2,'╨Р╨╗╤В╤Л╨╜╨░╨╣ ╨в╤Г╤А╨│╨░╨╝╨╜╨▒╨░╨╡╨▓╨░','╨Э╨░ ╤Б╨░╨╣╤В╨╡ ╨┐╤А╨╡╨┤╤Б╤В╨░╨▓╨╗╨╡╨╜╨░ ╨╛╨▒╤И╨╕╤А╨╜╨░╤П ╨╕╨╜╤Д╨╛╤А╨╝╨░╤Ж╨╕╤П ╨╛ ╤А╨░╨╖╨╗╨╕╤З╨╜╤Л╤Е ╤В╨╡╨╝╨░╤Е. ╨п ╨╜╨░╤И╨╡╨╗ ╨┐╨╛╨╗╨╡╨╖╨╜╤Л╨╡ ╤Б╤В╨░╤В╤М╨╕ ╨╕ ╤А╨╡╤Б╤Г╤А╤Б╤Л, ╨║╨╛╤В╨╛╤А╤Л╨╡ ╨▒╤Л╨╗╨╕ ╨░╨║╤В╤Г╨░╨╗╤М╨╜╤Л ╨╕ ╨╕╨╜╤Д╨╛╤А╨╝╨░╤В╨╕╨▓╨╜╤Л. ╨д╤Г╨╜╨║╤Ж╨╕╨╛╨╜╨░╨╗╤М╨╜╨╛╤Б╤В╤М ╤Б╨░╨╣╤В╨░ ╤В╨░╨║╨╢╨╡ ╨╖╨░╤Б╨╗╤Г╨╢╨╕╨▓╨░╨╡╤В ╨╛╤В╨┤╨╡╨╗╤М╨╜╨╛╨│╨╛ ╤Г╨┐╨╛╨╝╨╕╨╜╨░╨╜╨╕╤П. ╨а╨░╨╖╨╜╨╛╨╛╨▒╤А╨░╨╖╨╜╤Л╨╡ ╨▓╨╛╨╖╨╝╨╛╨╢╨╜╨╛╤Б╤В╨╕ ╨┐╨╛╨╕╤Б╨║╨░ ╨╕ ╤Д╨╕╨╗╤М╤В╤А╨░╤Ж╨╕╨╕ ╨┤╨╡╨╗╨░╤О╤В ╨╡╨│╨╛ ╤Г╨┤╨╛╨▒╨╜╤Л╨╝ ╨╕╨╜╤Б╤В╤А╤Г╨╝╨╡╨╜╤В╨╛╨╝ ╨┤╨╗╤П ╨┐╨╛╨╗╤М╨╖╨╛╨▓╨░╤В╨╡╨╗╨╡╨╣.','2024-05-03 09:56:48.787902','2024-05-04 07:06:33.009196',5,'photos/2024/05/03/EMHXBHWB8hg.jpg',1,'╨Т╨╡╨│╨╡╤В╨░╤А╨╕╨░╨╜╨║╨░');
INSERT INTO reviews_reviews VALUES(3,'╨Р╨╣╨┤╨╛╤Б ╨Ф╨╡╨╝╨╡╤Г╨╛╨▓','╨б╨░╨╣╤В ╤В╨░╨║╨╢╨╡ ╨┐╤А╨╡╨┤╨╛╤Б╤В╨░╨▓╨╗╤П╨╡╤В ╨▓╨╛╨╖╨╝╨╛╨╢╨╜╨╛╤Б╤В╤М ╨╛╤Б╤В╨░╨▓╨╗╤П╤В╤М ╨╛╤В╨╖╤Л╨▓╤Л ╨╕ ╨║╨╛╨╝╨╝╨╡╨╜╤В╨░╤А╨╕╨╕, ╤З╤В╨╛ ╤Б╨┐╨╛╤Б╨╛╨▒╤Б╤В╨▓╤Г╨╡╤В ╨░╨║╤В╨╕╨▓╨╜╨╛╨╝╤Г ╨▓╨╖╨░╨╕╨╝╨╛╨┤╨╡╨╣╤Б╤В╨▓╨╕╤О ╤Б ╨┐╨╛╤Б╨╡╤В╨╕╤В╨╡╨╗╤П╨╝╨╕. ╨п ╨╛╤Ж╨╡╨╜╨╕╨╗ ╨┐╤А╨╛╨╖╤А╨░╤З╨╜╨╛╤Б╤В╤М ╨╕ ╨╛╤В╨║╤А╤Л╤В╨╛╤Б╤В╤М ╤Б╨░╨╣╤В╨░ ╨║ ╨╛╨▒╤А╨░╤В╨╜╨╛╨╣ ╤Б╨▓╤П╨╖╨╕. ЁЯШК','2024-05-03 09:57:35.735318','2024-05-04 07:06:23.725765',5,'photos/2024/05/03/127037382_701858743785292_5925637327024307205_n.jpg',1,'╨б╨┐╨╛╤А╤В╤Б╨╝╨╡╨╜ ╨░╤В╨╗╨╡╤В');
CREATE TABLE IF NOT EXISTS "configs_mainpagesale" ("id" integer NOT NULL PRIMARY KEY AUTOINCREMENT, "subtitle" varchar(200) NOT NULL, "title" varchar(200) NOT NULL, "button_label" varchar(20) NOT NULL, "link" varchar(500) NOT NULL, "photo" varchar(100) NOT NULL, "description" varchar(500) NOT NULL);
INSERT INTO configs_mainpagesale VALUES(1,'╨Р╨║╤Ж╨╕╤П ╨│╨╛╨┤╨░','╨б╨║╨╕╨┤╨║╨░ ╨╜╨░ ╨Я╨Я ╨С╤Г╤А╨│╨╡╤А','╨Я╨╡╤А╨╡╨╣╤В╨╕','/dishes-list/dishes?categories=19&productGeneralTypes=4,6&pageNumber=1&','other/mainpage/2024/05/04/offer-bg.png','"╨н╨║╤Б╨║╨╗╤О╨╖╨╕╨▓╨╜╨░╤П ╨░╨║╤Ж╨╕╤П: ╨╜╨░╤Б╨╗╨░╨╢╨┤╨░╨╣╤В╨╡╤Б╤М ╤Б╨╛╤З╨╜╤Л╨╝╨╕ ╨▒╤Г╤А╨│╨╡╤А╨░╨╝╨╕ ╨┐╨╛ ╤Б╨┐╨╡╤Ж╨╕╨░╨╗╤М╨╜╨╛╨╣ ╤Ж╨╡╨╜╨╡! ╨Ю╨│╤А╨░╨╜╨╕╤З╨╡╨╜╨╜╨╛╨╡ ╨▓╤А╨╡╨╝╤П, ╨▒╤Г╤А╨│╨╡╤А╤Л ╨▓╨░╤И╨╡╨│╨╛ ╨▓╤Л╨▒╨╛╤А╨░ - ╨╜╨╡ ╤Г╨┐╤Г╤Б╤В╨╕╤В╨╡ ╤И╨░╨╜╤Б ╨╜╨░ ╨▓╨║╤Г╤Б╨╜╨╛╨╡ ╨┐╤А╨╕╨║╨╗╤О╤З╨╡╨╜╨╕╨╡!."');
CREATE TABLE IF NOT EXISTS "products_city" ("id" integer NOT NULL PRIMARY KEY AUTOINCREMENT, "title" varchar(99) NOT NULL, "coordinate_w" real NOT NULL, "coordinate_h" real NOT NULL, "created_at" datetime NOT NULL, "updated_at" datetime NOT NULL, "country_id" bigint NOT NULL REFERENCES "products_country" ("id") DEFERRABLE INITIALLY DEFERRED, "zoom" integer NOT NULL);
INSERT INTO products_city VALUES(1,'╨│. ╨Р╤В╤Л╤А╨░╤Г',47.10676899999999989,51.915436999999997171,'2024-03-01 06:20:02.957796','2024-05-11 11:44:43.571642',1,12);
INSERT INTO products_city VALUES(2,'╨│. ╨Р╤Б╤В╨░╨╜╨░',51.13118599999999958,71.420187999999996007,'2024-03-01 07:06:19.006900','2024-05-11 12:18:14.971289',1,13);
INSERT INTO products_city VALUES(3,'╨│. ╨Р╨║╤В╨╛╨▒╨╡',0.0,0.0,'2024-04-14 18:46:43.885198','2024-04-14 18:56:18.283358',1,12);
INSERT INTO products_city VALUES(4,'╨│. ╨Р╨╗╨╝╨░╤В╤Л',0.0,0.0,'2024-04-14 18:46:48.155979','2024-04-14 18:56:21.613258',1,12);
INSERT INTO products_city VALUES(5,'╨│. ╨Ю╤Б╨║╨╡╨╝╨╡╨╜',0.0,0.0,'2024-04-14 18:46:56.553271','2024-04-14 18:56:27.442617',1,12);
CREATE TABLE IF NOT EXISTS "banners_banners" ("id" integer NOT NULL PRIMARY KEY AUTOINCREMENT, "title" varchar(99) NOT NULL, "link" varchar(300) NOT NULL, "photo" varchar(100) NOT NULL, "created_at" datetime NOT NULL, "updated_at" datetime NOT NULL, "description" varchar(1000) NOT NULL, "shop_id" bigint NULL REFERENCES "products_shop" ("id") DEFERRABLE INITIALLY DEFERRED, "city_id" bigint NULL REFERENCES "products_city" ("id") DEFERRABLE INITIALLY DEFERRED, "deadline_date" date NULL);
INSERT INTO banners_banners VALUES(1,'╨Р╨║╤Ж╨╕╤П 3','http://localhost:3000/product/9','banners/2024/03/10/banner3.png','2024-03-10 10:38:32.432841','2024-05-11 12:11:06.618200','1',NULL,4,'2024-07-01');
INSERT INTO banners_banners VALUES(2,'╨Р╨║╤Ж╨╕╤П 2','http://localhost:3000/product/9','banners/2024/03/10/banner2.png','2024-03-10 10:49:54.889559','2024-05-11 12:11:04.176431','1',NULL,1,'2024-07-01');
INSERT INTO banners_banners VALUES(3,'╨Р╨║╤Ж╨╕╤П 1','http://localhost:3000/product/9','banners/2024/03/10/banner1.png','2024-03-10 10:50:13.949544','2024-05-11 12:13:46.496967','╨Я╤А╨╕ ╨╖╨░╨║╨░╨╖╨╡ ╤Б╨╛╤З╨╜╨╛╨│╨╛ ╤Б╤В╨╡╨╣╨║╨░, ╨║╤А╤Г╨╢╨║╨░ ╤Б╨▓╨╡╤В╨╗╨╛╨│╨╛ ╨▓ ╨┐╨╛╨┤╨░╤А╨╛╨║',NULL,1,'2024-07-01');
INSERT INTO banners_banners VALUES(4,'╨Р╨║╤Ж╨╕╤П 4','http://localhost:3000/product/9','banners/2024/03/10/banner4.png','2024-03-10 15:49:19.512718','2024-05-11 12:10:55.898127','1',NULL,2,'2024-07-01');
INSERT INTO banners_banners VALUES(5,'╨Р╨║╤Ж╨╕╤П 5','http://localhost:5173/home','banners/2024/04/13/╨╜╨░╤В╤Г╤А╨░╨╗╤М╨╜╤Л╨╣.jpg','2024-04-13 11:49:28.315167','2024-05-11 12:10:49.412197','1',NULL,2,'2024-07-01');
INSERT INTO banners_banners VALUES(6,'╨Р╨║╤Ж╨╕╤П 6','/dishes-list/dishes?categories=19&productGeneralTypes=4,6&pageNumber=1&','banners/2024/04/13/╨Я╨Я.jpg','2024-04-13 11:50:12.168678','2024-05-11 12:10:58.627816','╨в╨╕╨▒╨╛╨╜-╤Б╤В╨╡╨╣╨║ (T-bone) - ╤В╤П╨╢╨╡╨╗╤Л╨╣ ╨╕ ╤Б╤Л╤В╨╜╤Л╨╣ ╤Б╤В╨╡╨╣╨║, ╨║╨╛╤В╨╛╤А╤Л╨╣ ╨┐╨╛╨╗╤Г╤З╨╕╨╗ ╤Б╨▓╨╛╨╡ ╨╜╨░╨╖╨▓╨░╨╜╨╕╨╡ ╨╖╨░ ╨в-╨╛╨▒╤А╨░╨╖╨╜╤Г╤О ╨║╨╛╤Б╤В╨╛╤З╨║╤Г. ╨Ю╨╜╨░ ╤А╨░╨╖╨┤╨╡╨╗╤П╨╡╤В ╨▓ ╨╜╨╡╨╝ ╨┤╨▓╨░ ╤А╨░╨╖╨╜╤Л╤Е ╨▓╨╕╨┤╨░ ╨╝╤П╤Б╨░: ╤Д╨╕╨╗╨╡╨╣╨╜╨╛╨╡ ╤Б ╤В╨╛╨╜╨║╨╛╨│╨╛ ╨║╤А╨░╤П (╤Б╤В╤А╨╕╨┐╨╗╨╛╨╣╨╜╨░), ╨╛╨▒╨╗╨░╨┤╨░╤О╤Й╨╡╨╡ ╤Б╨░╨╝╤Л╨╝ ╨▓╤Л╤А╨░╨╢╨╡╨╜╨╜╤Л╨╝ "╨│╨╛╨▓╤П╨╢╤М╨╕╨╝" ╨▓╨║╤Г╤Б╨╛╨╝, ╨╕ ╨╜╨╡╨╢╨╜╨╛╨╡ ╨╝╤П╤Б╨╛ ╤Б╤А╨╡╨┤╨╜╨╡╨╣ ╤З╨░╤Б╤В╨╕ ╨▓╤Л╤А╨╡╨╖╨║╨╕.',NULL,2,'2024-07-01');
INSERT INTO banners_banners VALUES(7,'╨Р╨║╤Ж╨╕╤П 7','/shops/13','banners/2024/05/14/photo_2024-05-14_10-56-51.png','2024-05-14 05:59:23.589294','2024-07-12 17:01:18.757696','╨У╨╗╨░╨▓╨╜╨░╤П ╨░╨║╤Ж╨╕╤П ╨│╨╛╨┤╨░',14,2,'2024-08-12');
CREATE TABLE IF NOT EXISTS "products_shopimage" ("id" integer NOT NULL PRIMARY KEY AUTOINCREMENT, "image" varchar(100) NOT NULL, "description" varchar(255) NOT NULL, "shop_id" bigint NOT NULL REFERENCES "products_shop" ("id") DEFERRABLE INITIALLY DEFERRED);
INSERT INTO products_shopimage VALUES(1,'shop_images/2024/07/01/KD49XF7596BR-7300-600x600.png','',14);
INSERT INTO products_shopimage VALUES(3,'shop_images/2024/07/01/levant-galaxy-s24-s928-sm-s928bztwmea-thumb-539426054_kcZtbcK.webp','',14);
CREATE TABLE IF NOT EXISTS "statistics_gau_shopviewstatistics" ("id" integer NOT NULL PRIMARY KEY AUTOINCREMENT, "client_ip" varchar(100) NOT NULL, "created_at" datetime NOT NULL, "shop_id" bigint NOT NULL REFERENCES "products_shop" ("id") DEFERRABLE INITIALLY DEFERRED);
INSERT INTO statistics_gau_shopviewstatistics VALUES(1,'127.0.0.1','2024-07-12 15:09:43.405903',1);
INSERT INTO statistics_gau_shopviewstatistics VALUES(2,'127.0.0.1','2024-07-12 15:09:45.202685',1);
INSERT INTO statistics_gau_shopviewstatistics VALUES(3,'127.0.0.1','2024-07-12 15:09:49.203013',1);
INSERT INTO statistics_gau_shopviewstatistics VALUES(4,'127.0.0.1','2024-07-12 15:22:12.710501',12);
INSERT INTO statistics_gau_shopviewstatistics VALUES(5,'127.0.0.1','2024-07-12 15:22:16.447810',12);
INSERT INTO statistics_gau_shopviewstatistics VALUES(6,'127.0.0.1','2024-07-12 15:22:24.845086',12);
INSERT INTO statistics_gau_shopviewstatistics VALUES(7,'127.0.0.1','2024-07-12 15:22:43.500165',12);
INSERT INTO statistics_gau_shopviewstatistics VALUES(8,'127.0.0.1','2024-07-12 15:22:56.561397',12);
INSERT INTO statistics_gau_shopviewstatistics VALUES(9,'127.0.0.1','2024-07-12 15:33:56.473446',13);
INSERT INTO statistics_gau_shopviewstatistics VALUES(10,'127.0.0.1','2024-07-12 15:34:07.704232',13);
INSERT INTO statistics_gau_shopviewstatistics VALUES(11,'127.0.0.1','2024-07-12 15:37:00.867614',3);
INSERT INTO statistics_gau_shopviewstatistics VALUES(12,'127.0.0.1','2024-07-12 15:49:57.307618',3);
INSERT INTO statistics_gau_shopviewstatistics VALUES(13,'127.0.0.1','2024-07-12 15:53:14.925535',3);
INSERT INTO statistics_gau_shopviewstatistics VALUES(14,'127.0.0.1','2024-07-12 15:53:17.309900',3);
INSERT INTO statistics_gau_shopviewstatistics VALUES(15,'127.0.0.1','2024-07-12 16:00:33.327619',3);
INSERT INTO statistics_gau_shopviewstatistics VALUES(16,'127.0.0.1','2024-07-12 16:07:29.102821',3);
INSERT INTO statistics_gau_shopviewstatistics VALUES(17,'127.0.0.1','2024-07-12 16:07:38.932363',3);
INSERT INTO statistics_gau_shopviewstatistics VALUES(18,'127.0.0.1','2024-07-12 16:16:54.423734',3);
INSERT INTO statistics_gau_shopviewstatistics VALUES(19,'127.0.0.1','2024-07-12 16:17:43.211837',3);
INSERT INTO statistics_gau_shopviewstatistics VALUES(20,'127.0.0.1','2024-07-12 16:26:41.680138',6);
INSERT INTO statistics_gau_shopviewstatistics VALUES(21,'127.0.0.1','2024-07-12 16:28:52.500681',6);
INSERT INTO statistics_gau_shopviewstatistics VALUES(22,'127.0.0.1','2024-07-12 16:38:19.676754',6);
INSERT INTO statistics_gau_shopviewstatistics VALUES(23,'127.0.0.1','2024-07-12 16:39:02.313147',6);
INSERT INTO statistics_gau_shopviewstatistics VALUES(24,'127.0.0.1','2024-07-12 16:42:27.693416',6);
INSERT INTO statistics_gau_shopviewstatistics VALUES(25,'127.0.0.1','2024-07-12 16:42:54.115939',6);
INSERT INTO statistics_gau_shopviewstatistics VALUES(26,'127.0.0.1','2024-07-12 16:45:13.212282',6);
INSERT INTO statistics_gau_shopviewstatistics VALUES(27,'127.0.0.1','2024-07-12 16:46:30.041216',6);
INSERT INTO statistics_gau_shopviewstatistics VALUES(28,'127.0.0.1','2024-07-12 16:48:12.259310',6);
INSERT INTO statistics_gau_shopviewstatistics VALUES(29,'127.0.0.1','2024-07-12 16:48:47.903758',6);
INSERT INTO statistics_gau_shopviewstatistics VALUES(30,'127.0.0.1','2024-07-12 16:49:55.737715',6);
INSERT INTO statistics_gau_shopviewstatistics VALUES(31,'127.0.0.1','2024-07-12 16:50:03.125997',6);
INSERT INTO statistics_gau_shopviewstatistics VALUES(32,'127.0.0.1','2024-07-12 16:51:16.454436',6);
INSERT INTO statistics_gau_shopviewstatistics VALUES(33,'127.0.0.1','2024-07-12 16:51:34.048036',6);
INSERT INTO statistics_gau_shopviewstatistics VALUES(34,'127.0.0.1','2024-07-12 16:54:58.913690',6);
INSERT INTO statistics_gau_shopviewstatistics VALUES(35,'127.0.0.1','2024-07-12 16:55:31.844225',6);
CREATE TABLE IF NOT EXISTS "statistics_gau_productviewstatistics" ("id" integer NOT NULL PRIMARY KEY AUTOINCREMENT, "client_ip" varchar(100) NOT NULL, "created_at" datetime NOT NULL, "product_id" bigint NOT NULL REFERENCES "products_products" ("id") DEFERRABLE INITIALLY DEFERRED);
INSERT INTO statistics_gau_productviewstatistics VALUES(1,'127.0.0.1','2024-07-12 14:58:46.354170',17);
INSERT INTO statistics_gau_productviewstatistics VALUES(2,'127.0.0.1','2024-07-12 15:00:11.835854',17);
INSERT INTO statistics_gau_productviewstatistics VALUES(3,'127.0.0.1','2024-07-12 15:00:13.774527',17);
INSERT INTO statistics_gau_productviewstatistics VALUES(4,'127.0.0.1','2024-07-12 15:00:15.092494',17);
INSERT INTO statistics_gau_productviewstatistics VALUES(5,'127.0.0.1','2024-07-12 15:18:46.796594',18);
INSERT INTO statistics_gau_productviewstatistics VALUES(6,'127.0.0.1','2024-07-12 15:18:49.886586',18);
INSERT INTO statistics_gau_productviewstatistics VALUES(7,'127.0.0.1','2024-07-12 15:19:06.661321',18);
INSERT INTO statistics_gau_productviewstatistics VALUES(8,'127.0.0.1','2024-07-12 15:19:33.163095',18);
INSERT INTO statistics_gau_productviewstatistics VALUES(9,'127.0.0.1','2024-07-12 15:19:58.218777',18);
INSERT INTO statistics_gau_productviewstatistics VALUES(10,'127.0.0.1','2024-07-12 15:23:20.464365',15);
INSERT INTO statistics_gau_productviewstatistics VALUES(11,'127.0.0.1','2024-07-12 15:26:47.499392',21);
INSERT INTO statistics_gau_productviewstatistics VALUES(12,'127.0.0.1','2024-07-12 15:33:35.322674',20);
INSERT INTO statistics_gau_productviewstatistics VALUES(13,'127.0.0.1','2024-07-12 15:33:41.511798',21);
INSERT INTO statistics_gau_productviewstatistics VALUES(14,'127.0.0.1','2024-07-12 15:35:07.819499',20);
INSERT INTO statistics_gau_productviewstatistics VALUES(15,'127.0.0.1','2024-07-12 15:35:25.567239',17);
INSERT INTO statistics_gau_productviewstatistics VALUES(16,'127.0.0.1','2024-07-12 15:37:04.413959',17);
INSERT INTO statistics_gau_productviewstatistics VALUES(17,'127.0.0.1','2024-07-12 15:37:56.741369',6);
INSERT INTO statistics_gau_productviewstatistics VALUES(18,'127.0.0.1','2024-07-12 15:38:20.950682',17);
INSERT INTO statistics_gau_productviewstatistics VALUES(19,'127.0.0.1','2024-07-12 15:48:17.264419',17);
INSERT INTO statistics_gau_productviewstatistics VALUES(20,'127.0.0.1','2024-07-12 15:48:19.558264',17);
INSERT INTO statistics_gau_productviewstatistics VALUES(21,'127.0.0.1','2024-07-12 16:23:25.758149',17);
CREATE TABLE IF NOT EXISTS "reviews_shop_reviewsshop" ("id" integer NOT NULL PRIMARY KEY AUTOINCREMENT, "user" varchar(99) NULL, "description" text NOT NULL, "created_at" datetime NOT NULL, "grade" integer NOT NULL, "shop_id" bigint NOT NULL REFERENCES "products_shop" ("id") DEFERRABLE INITIALLY DEFERRED);
INSERT INTO reviews_shop_reviewsshop VALUES(1,'╨б╨░╨╣╨┤╨░╨╗╨╕╨╡╨▓ ╨в╨░╨╣╨╝╨░╨╜','╨е╨╛╤А╨╛╤И╨╕╨╣ ╤Б╨╡╤А╨▓╨╕╤Б. ╨б╨┐╨░╤Б╨╕╨▒╨╛ ╨▓╨░╨╝!','2024-07-12 15:47:48.997304',5,13);
INSERT INTO reviews_shop_reviewsshop VALUES(2,'╨в╨░╨╣╨╝╨░╨╜ ╨б╨░╨╣','╤Д╤Л╨▓╤Д╤Л╨▓╤Д╤Л╨▓ ╤Д╤Л╨▓','2024-07-12 15:50:23.151959',5,3);
INSERT INTO reviews_shop_reviewsshop VALUES(3,'╨в╨░╨╣╨╝╨░╨╜ ╨б╨░╨╣','╤Д╤Л╨▓╤Д╤Л╨▓╤Д╤Л╨▓ ╤Д╤Л╨▓ 2','2024-07-12 15:50:27.087939',5,3);
INSERT INTO reviews_shop_reviewsshop VALUES(4,'sdfgsdfg','sdfgsdfg','2024-07-12 16:50:42.135257',5,6);
INSERT INTO reviews_shop_reviewsshop VALUES(5,'fghjdfgj','fgjhfgj','2024-07-12 16:50:51.806549',1,6);
DELETE FROM sqlite_sequence;
INSERT INTO sqlite_sequence VALUES('django_migrations',69);
INSERT INTO sqlite_sequence VALUES('django_admin_log',326);
INSERT INTO sqlite_sequence VALUES('django_content_type',31);
INSERT INTO sqlite_sequence VALUES('auth_permission',124);
INSERT INTO sqlite_sequence VALUES('auth_group',0);
INSERT INTO sqlite_sequence VALUES('auth_user',1);
INSERT INTO sqlite_sequence VALUES('products_country',1);
INSERT INTO sqlite_sequence VALUES('products_shop',14);
INSERT INTO sqlite_sequence VALUES('products_productprice',32);
INSERT INTO sqlite_sequence VALUES('products_premiumstatus',2);
INSERT INTO sqlite_sequence VALUES('products_typeofshop',4);
INSERT INTO sqlite_sequence VALUES('products_generalcategories',5);
INSERT INTO sqlite_sequence VALUES('products_deliverytype',4);
INSERT INTO sqlite_sequence VALUES('products_shop_generalType',8);
INSERT INTO sqlite_sequence VALUES('products_shop_deliveryType',20);
INSERT INTO sqlite_sequence VALUES('products_generalcategoriesofproduct',9);
INSERT INTO sqlite_sequence VALUES('products_products_generalType',27);
INSERT INTO sqlite_sequence VALUES('products_additionalattributes',3);
INSERT INTO sqlite_sequence VALUES('products_shop_additionalAttributes',3);
INSERT INTO sqlite_sequence VALUES('products_products',21);
INSERT INTO sqlite_sequence VALUES('products_commontypeofcategory',5);
INSERT INTO sqlite_sequence VALUES('products_category',19);
INSERT INTO sqlite_sequence VALUES('faq_faq',7);
INSERT INTO sqlite_sequence VALUES('faq_faqcontactform',14);
INSERT INTO sqlite_sequence VALUES('subscription_subscriptionemail',7);
INSERT INTO sqlite_sequence VALUES('pages_page',5);
INSERT INTO sqlite_sequence VALUES('configs_mainpageinfo',1);
INSERT INTO sqlite_sequence VALUES('reviews_reviews',3);
INSERT INTO sqlite_sequence VALUES('configs_mainpagesale',1);
INSERT INTO sqlite_sequence VALUES('products_city',5);
INSERT INTO sqlite_sequence VALUES('banners_banners',7);
INSERT INTO sqlite_sequence VALUES('products_shopimage',3);
INSERT INTO sqlite_sequence VALUES('statistics_gau_productviewstatistics',21);
INSERT INTO sqlite_sequence VALUES('statistics_gau_shopviewstatistics',35);
INSERT INTO sqlite_sequence VALUES('reviews_shop_reviewsshop',5);
CREATE UNIQUE INDEX "auth_group_permissions_group_id_permission_id_0cd325b0_uniq" ON "auth_group_permissions" ("group_id", "permission_id");
CREATE INDEX "auth_group_permissions_group_id_b120cbf9" ON "auth_group_permissions" ("group_id");
CREATE INDEX "auth_group_permissions_permission_id_84c5c92e" ON "auth_group_permissions" ("permission_id");
CREATE UNIQUE INDEX "auth_user_groups_user_id_group_id_94350c0c_uniq" ON "auth_user_groups" ("user_id", "group_id");
CREATE INDEX "auth_user_groups_user_id_6a12ed8b" ON "auth_user_groups" ("user_id");
CREATE INDEX "auth_user_groups_group_id_97559544" ON "auth_user_groups" ("group_id");
CREATE UNIQUE INDEX "auth_user_user_permissions_user_id_permission_id_14a6b632_uniq" ON "auth_user_user_permissions" ("user_id", "permission_id");
CREATE INDEX "auth_user_user_permissions_user_id_a95ead1b" ON "auth_user_user_permissions" ("user_id");
CREATE INDEX "auth_user_user_permissions_permission_id_1fbb5f2c" ON "auth_user_user_permissions" ("permission_id");
CREATE INDEX "django_admin_log_content_type_id_c4bce8eb" ON "django_admin_log" ("content_type_id");
CREATE INDEX "django_admin_log_user_id_c564eba6" ON "django_admin_log" ("user_id");
CREATE UNIQUE INDEX "django_content_type_app_label_model_76bd3d3b_uniq" ON "django_content_type" ("app_label", "model");
CREATE UNIQUE INDEX "auth_permission_content_type_id_codename_01ab375a_uniq" ON "auth_permission" ("content_type_id", "codename");
CREATE INDEX "auth_permission_content_type_id_2f476e4b" ON "auth_permission" ("content_type_id");
CREATE INDEX "django_session_expire_date_a5c62663" ON "django_session" ("expire_date");
CREATE INDEX "products_shop_city_id_ae9e84ea" ON "products_shop" ("city_id");
CREATE INDEX "products_productprice_product_id_efef3000" ON "products_productprice" ("product_id");
CREATE INDEX "products_productprice_shop_id_2ec945ae" ON "products_productprice" ("shop_id");
CREATE INDEX "products_shop_premium_status_id_873e298a" ON "products_shop" ("premium_status_id");
CREATE INDEX "products_generalcategories_title_28469798" ON "products_generalcategories" ("title");
CREATE INDEX "products_typeofshop_title_26f7c8b1" ON "products_typeofshop" ("title");
CREATE UNIQUE INDEX "products_shop_generalType_shop_id_generalcategories_id_bfb20090_uniq" ON "products_shop_generalType" ("shop_id", "generalcategories_id");
CREATE INDEX "products_shop_generalType_shop_id_800447dd" ON "products_shop_generalType" ("shop_id");
CREATE INDEX "products_shop_generalType_generalcategories_id_4ef6f8d2" ON "products_shop_generalType" ("generalcategories_id");
CREATE INDEX "products_shop_typeOfShop_id_df09a7af" ON "products_shop" ("typeOfShop_id");
CREATE INDEX "products_deliverytype_title_01d8633c" ON "products_deliverytype" ("title");
CREATE UNIQUE INDEX "products_shop_deliveryType_shop_id_deliverytype_id_e3bd361a_uniq" ON "products_shop_deliveryType" ("shop_id", "deliverytype_id");
CREATE INDEX "products_shop_deliveryType_shop_id_48cf1f41" ON "products_shop_deliveryType" ("shop_id");
CREATE INDEX "products_shop_deliveryType_deliverytype_id_90038d4d" ON "products_shop_deliveryType" ("deliverytype_id");
CREATE INDEX "products_generalcategoriesofproduct_title_aca04fe6" ON "products_generalcategoriesofproduct" ("title");
CREATE UNIQUE INDEX "products_products_generalType_products_id_generalcategoriesofproduct_id_7f6b6b65_uniq" ON "products_products_generalType" ("products_id", "generalcategoriesofproduct_id");
CREATE INDEX "products_products_generalType_products_id_192cb40c" ON "products_products_generalType" ("products_id");
CREATE INDEX "products_products_generalType_generalcategoriesofproduct_id_4b07ff7f" ON "products_products_generalType" ("generalcategoriesofproduct_id");
CREATE INDEX "products_additionalattributes_title_42839a07" ON "products_additionalattributes" ("title");
CREATE UNIQUE INDEX "products_shop_additionalAttributes_shop_id_additionalattributes_id_89afb039_uniq" ON "products_shop_additionalAttributes" ("shop_id", "additionalattributes_id");
CREATE INDEX "products_shop_additionalAttributes_shop_id_e619ac85" ON "products_shop_additionalAttributes" ("shop_id");
CREATE INDEX "products_shop_additionalAttributes_additionalattributes_id_60f3f73c" ON "products_shop_additionalAttributes" ("additionalattributes_id");
CREATE INDEX "products_commontypeofcategory_title_fe3cd3da" ON "products_commontypeofcategory" ("title");
CREATE INDEX "products_products_category_id_0cfaa6ce" ON "products_products" ("category_id");
CREATE INDEX "products_category_title_3e22be6c" ON "products_category" ("title");
CREATE INDEX "products_category_tree_id_7d9b3ae8" ON "products_category" ("tree_id");
CREATE INDEX "products_category_common_type_category_id_dc042612" ON "products_category" ("common_type_category_id");
CREATE INDEX "products_category_parent_id_3388f6c9" ON "products_category" ("parent_id");
CREATE INDEX "pages_page_slug_770723b9" ON "pages_page" ("slug");
CREATE INDEX "products_city_country_id_83967744" ON "products_city" ("country_id");
CREATE INDEX "banners_banners_shop_id_19ccce1e" ON "banners_banners" ("shop_id");
CREATE INDEX "banners_banners_city_id_ba7d6eef" ON "banners_banners" ("city_id");
CREATE INDEX "products_shopimage_shop_id_d6b751a8" ON "products_shopimage" ("shop_id");
CREATE INDEX "statistics_gau_shopviewstatistics_client_ip_aaecca63" ON "statistics_gau_shopviewstatistics" ("client_ip");
CREATE INDEX "statistics_gau_shopviewstatistics_shop_id_63e19a1b" ON "statistics_gau_shopviewstatistics" ("shop_id");
CREATE INDEX "statistics_gau_productviewstatistics_client_ip_8200881c" ON "statistics_gau_productviewstatistics" ("client_ip");
CREATE INDEX "statistics_gau_productviewstatistics_product_id_e0266387" ON "statistics_gau_productviewstatistics" ("product_id");
CREATE INDEX "reviews_shop_reviewsshop_shop_id_2373a29a" ON "reviews_shop_reviewsshop" ("shop_id");
COMMIT;
